disasterDescription,dateRequested,year,month,season,zip,latitude,longitude
Severe Storm,2012-07-01,2012,7,Summer,19143,39.943806,-75.226551
Severe Storm,2012-07-06,2012,7,Summer,19143,39.943806,-75.226551
Severe Storm,2013-02-13,2013,2,Winter,19143,39.943806,-75.226551
Severe Storm,2012-07-01,2012,7,Summer,19106,39.946649,-75.142232
Severe Storm,2012-07-07,2012,7,Summer,19106,39.946649,-75.142232
Severe Storm,2012-07-01,2012,7,Summer,19106,39.946649,-75.142232
Severe Storm,2012-07-06,2012,7,Summer,19106,39.946649,-75.142232
Severe Storm,2013-03-12,2013,3,Spring,19106,39.946649,-75.142232
Severe Storm,2013-03-26,2013,3,Spring,19106,39.946649,-75.142232
Severe Storm,2012-07-01,2012,7,Summer,19106,39.946649,-75.142232
Severe Storm,2012-07-03,2012,7,Summer,19106,39.946649,-75.142232
Severe Storm,2012-09-21,2012,9,Fall,19106,39.946649,-75.142232
Severe Storm,2013-07-05,2013,7,Summer,19106,39.946649,-75.142232
Severe Storm,2013-08-05,2013,8,Summer,19106,39.946649,-75.142232
Severe Storm,2012-07-02,2012,7,Summer,19106,39.946649,-75.142232
Severe Storm,2012-09-12,2012,9,Fall,19106,39.946649,-75.142232
Severe Storm,2012-07-01,2012,7,Summer,19106,39.946649,-75.142232
Severe Storm,2012-08-27,2012,8,Summer,19106,39.946649,-75.142232
Severe Storm,2013-02-12,2013,2,Winter,19106,39.946649,-75.142232
Severe Storm,2012-07-01,2012,7,Summer,43218,40.017566,-82.923723
Severe Storm,2012-07-05,2012,7,Summer,43218,40.017566,-82.923723
Severe Storm,2012-07-05,2012,7,Summer,43218,40.017566,-82.923723
Severe Storm,2013-04-11,2013,4,Spring,43218,40.017566,-82.923723
Severe Storm,2012-07-02,2012,7,Summer,43218,40.017566,-82.923723
Severe Storm,2012-07-07,2012,7,Summer,43218,40.017566,-82.923723
Severe Storm,2013-04-11,2013,4,Spring,43218,40.017566,-82.923723
Severe Storm,2012-07-02,2012,7,Summer,43218,40.017566,-82.923723
Severe Storm,2012-07-03,2012,7,Summer,43218,40.017566,-82.923723
Severe Storm,2012-07-03,2012,7,Summer,43218,40.017566,-82.923723
Severe Storm,2012-08-21,2012,8,Summer,43218,40.017566,-82.923723
Severe Storm,2012-07-01,2012,7,Summer,60605,41.867566,-87.617228
Severe Storm,2012-10-01,2012,10,Fall,60605,41.867566,-87.617228
Hurricane,2012-08-28,2012,8,Summer,71303,31.281321,-92.547344
Hurricane,2012-08-29,2012,8,Summer,71303,31.281321,-92.547344
Hurricane,2012-09-01,2012,9,Fall,71303,31.281321,-92.547344
Hurricane,2012-08-28,2012,8,Summer,76209,33.2315,-97.109986
Hurricane,2012-08-31,2012,8,Summer,76209,33.2315,-97.109986
Hurricane,2012-09-05,2012,9,Fall,70814,30.485018,-91.061669
Hurricane,2012-09-14,2012,9,Fall,70814,30.485018,-91.061669
Hurricane,2012-11-19,2012,11,Fall,70814,30.485018,-91.061669
Hurricane,2012-12-07,2012,12,Winter,70814,30.485018,-91.061669
Hurricane,2013-05-28,2013,5,Spring,70814,30.485018,-91.061669
Hurricane,2013-09-25,2013,9,Fall,70814,30.485018,-91.061669
Hurricane,2012-08-28,2012,8,Summer,76209,33.2315,-97.109986
Hurricane,2012-08-31,2012,8,Summer,76209,33.2315,-97.109986
Hurricane,2012-09-05,2012,9,Fall,70814,30.485018,-91.061669
Hurricane,2012-09-14,2012,9,Fall,70814,30.485018,-91.061669
Hurricane,2012-11-19,2012,11,Fall,70814,30.485018,-91.061669
Hurricane,2012-12-07,2012,12,Winter,70814,30.485018,-91.061669
Hurricane,2013-04-25,2013,4,Spring,70814,30.485018,-91.061669
Hurricane,2012-08-28,2012,8,Summer,76209,33.2315,-97.109986
Hurricane,2012-08-31,2012,8,Summer,76209,33.2315,-97.109986
Hurricane,2012-09-05,2012,9,Fall,70814,30.485018,-91.061669
Hurricane,2012-09-14,2012,9,Fall,70814,30.485018,-91.061669
Hurricane,2012-11-27,2012,11,Fall,70814,30.485018,-91.061669
Hurricane,2013-05-29,2013,5,Spring,70814,30.485018,-91.061669
Hurricane,2013-09-30,2013,9,Fall,70814,30.485018,-91.061669
Hurricane,2014-02-04,2014,2,Winter,70814,30.485018,-91.061669
Hurricane,2012-08-28,2012,8,Summer,76209,33.2315,-97.109986
Hurricane,2012-08-29,2012,8,Summer,76209,33.2315,-97.109986
Hurricane,2012-08-28,2012,8,Summer,71360,31.324271,-92.354146
Hurricane,2012-09-03,2012,9,Fall,71360,31.324271,-92.354146
Hurricane,2013-04-05,2013,4,Spring,71360,31.324271,-92.354146
Hurricane,2012-09-05,2012,9,Fall,70814,30.485018,-91.061669
Hurricane,2012-09-14,2012,9,Fall,70814,30.485018,-91.061669
Hurricane,2012-11-27,2012,11,Fall,70814,30.485018,-91.061669
Hurricane,2012-12-07,2012,12,Winter,70814,30.485018,-91.061669
Hurricane,2013-09-24,2013,9,Fall,70814,30.485018,-91.061669
Hurricane,2012-08-29,2012,8,Summer,76209,33.2315,-97.109986
Hurricane,2012-08-31,2012,8,Summer,76209,33.2315,-97.109986
Hurricane,2012-09-05,2012,9,Fall,70814,30.485018,-91.061669
Hurricane,2012-09-14,2012,9,Fall,70814,30.485018,-91.061669
Hurricane,2012-11-27,2012,11,Fall,70814,30.485018,-91.061669
Hurricane,2013-01-25,2013,1,Winter,70814,30.485018,-91.061669
Hurricane,2014-02-28,2014,2,Winter,70814,30.485018,-91.061669
Hurricane,2014-09-22,2014,9,Fall,70814,30.485018,-91.061669
Hurricane,2012-08-28,2012,8,Summer,70814,30.485018,-91.061669
Hurricane,2012-08-28,2012,8,Summer,70814,30.485018,-91.061669
Hurricane,2013-05-23,2013,5,Spring,70814,30.485018,-91.061669
Hurricane,2012-08-28,2012,8,Summer,71303,31.281321,-92.547344
Hurricane,2012-09-17,2012,9,Fall,71303,31.281321,-92.547344
Hurricane,2012-08-28,2012,8,Summer,76209,33.2315,-97.109986
Hurricane,2013-04-05,2013,4,Spring,76209,33.2315,-97.109986
Hurricane,2012-08-28,2012,8,Summer,76209,33.2315,-97.109986
Hurricane,2012-09-10,2012,9,Fall,76209,33.2315,-97.109986
Hurricane,2013-07-17,2013,7,Summer,76209,33.2315,-97.109986
Hurricane,2012-08-28,2012,8,Summer,70814,30.485018,-91.061669
Hurricane,2013-10-22,2013,10,Fall,70814,30.485018,-91.061669
Hurricane,2012-08-28,2012,8,Summer,76209,33.2315,-97.109986
Hurricane,2012-09-05,2012,9,Fall,70814,30.485018,-91.061669
Hurricane,2013-03-27,2013,3,Spring,76209,33.2315,-97.109986
Hurricane,2012-08-28,2012,8,Summer,76209,33.2315,-97.109986
Hurricane,2012-09-03,2012,9,Fall,76209,33.2315,-97.109986
Hurricane,2012-11-19,2012,11,Fall,70802,30.445471,-91.17527
Hurricane,2013-02-28,2013,2,Winter,76209,33.2315,-97.109986
Hurricane,2013-06-10,2013,6,Summer,76209,33.2315,-97.109986
Hurricane,2012-08-28,2012,8,Summer,76209,33.2315,-97.109986
Hurricane,2012-09-17,2012,9,Fall,76209,33.2315,-97.109986
Hurricane,2013-07-29,2013,7,Summer,76209,33.2315,-97.109986
Hurricane,2012-08-28,2012,8,Summer,76209,33.2315,-97.109986
Hurricane,2012-08-28,2012,8,Summer,76209,33.2315,-97.109986
Hurricane,2013-07-18,2013,7,Summer,76209,33.2315,-97.109986
Hurricane,2013-02-20,2013,2,Winter,70802,30.445471,-91.17527
Hurricane,2012-08-28,2012,8,Summer,76209,33.2315,-97.109986
Hurricane,2012-08-28,2012,8,Summer,76209,33.2315,-97.109986
Hurricane,2012-10-29,2012,10,Fall,76209,33.2315,-97.109986
Hurricane,2012-12-17,2012,12,Winter,76209,33.2315,-97.109986
Hurricane,2012-08-28,2012,8,Summer,71303,31.281321,-92.547344
Hurricane,2013-01-23,2013,1,Winter,71303,31.281321,-92.547344
Hurricane,2012-08-28,2012,8,Summer,70814,30.485018,-91.061669
Hurricane,2013-05-28,2013,5,Spring,70814,30.485018,-91.061669
Hurricane,2012-08-28,2012,8,Summer,76209,33.2315,-97.109986
Hurricane,2013-05-28,2013,5,Spring,76209,33.2315,-97.109986
Hurricane,2012-08-28,2012,8,Summer,76209,33.2315,-97.109986
Hurricane,2012-08-28,2012,8,Summer,76209,33.2315,-97.109986
Hurricane,2012-11-16,2012,11,Fall,70802,30.445471,-91.17527
Hurricane,2012-08-28,2012,8,Summer,76209,33.2315,-97.109986
Hurricane,2013-09-24,2013,9,Fall,76209,33.2315,-97.109986
Hurricane,2012-08-28,2012,8,Summer,76209,33.2315,-97.109986
Hurricane,2012-11-16,2012,11,Fall,76209,33.2315,-97.109986
Hurricane,2012-08-29,2012,8,Summer,39208,32.25973,-90.091888
Hurricane,2012-08-30,2012,8,Summer,39208,32.25973,-90.091888
Hurricane,2012-10-31,2012,10,Fall,19106,39.946649,-75.142232
Hurricane,2012-12-17,2012,12,Winter,19106,39.946649,-75.142232
Hurricane,2012-10-31,2012,10,Fall,19106,39.946649,-75.142232
Hurricane,2013-01-30,2013,1,Winter,19106,39.946649,-75.142232
Hurricane,2013-03-20,2013,3,Spring,19106,39.946649,-75.142232
Hurricane,2012-10-30,2012,10,Fall,01731,42.464648,-71.28483
Hurricane,2013-03-26,2013,3,Spring,01731,42.464648,-71.28483
Hurricane,2013-09-10,2013,9,Fall,01731,42.464648,-71.28483
Hurricane,2012-10-30,2012,10,Fall,01731,42.464648,-71.28483
Hurricane,2013-02-21,2013,2,Winter,01731,42.464648,-71.28483
Hurricane,2012-10-30,2012,10,Fall,01754,42.425955,-71.456256
Hurricane,2013-01-29,2013,1,Winter,01754,42.425955,-71.456256
Hurricane,2012-10-30,2012,10,Fall,01022,42.197187,-72.541872
Hurricane,2013-03-26,2013,3,Spring,01022,42.197187,-72.541872
Hurricane,2013-06-14,2013,6,Summer,01022,42.197187,-72.541872
Hurricane,2012-11-30,2012,11,Fall,11375,40.722975,-73.843179
Hurricane,2013-04-03,2013,4,Spring,11375,40.722975,-73.843179
Hurricane,2013-09-23,2013,9,Fall,11375,40.722975,-73.843179
Hurricane,2014-09-25,2014,9,Fall,11375,40.722975,-73.843179
Hurricane,2015-12-17,2015,12,Winter,11375,40.722975,-73.843179
Hurricane,2012-10-30,2012,10,Fall,19106,39.946649,-75.142232
Hurricane,2013-01-02,2013,1,Winter,19106,39.946649,-75.142232
Hurricane,2012-10-31,2012,10,Fall,20003,38.88184,-76.99094
Hurricane,2013-02-13,2013,2,Winter,20003,38.88184,-76.99094
Hurricane,2012-10-29,2012,10,Fall,06105,41.773262,-72.704433
Hurricane,2013-05-09,2013,5,Spring,06105,41.773262,-72.704433
Hurricane,2013-07-31,2013,7,Summer,06105,41.773262,-72.704433
Hurricane,2012-10-29,2012,10,Fall,06105,41.773262,-72.704433
Hurricane,2012-12-07,2012,12,Winter,06105,41.773262,-72.704433
Hurricane,2013-07-02,2013,7,Summer,06105,41.773262,-72.704433
Hurricane,2013-11-21,2013,11,Fall,06105,41.773262,-72.704433
Hurricane,2014-03-03,2014,3,Spring,06105,41.773262,-72.704433
Hurricane,2014-08-28,2014,8,Summer,06105,41.773262,-72.704433
Hurricane,2014-12-15,2014,12,Winter,06105,41.773262,-72.704433
Hurricane,2012-10-30,2012,10,Fall,06105,41.773262,-72.704433
Hurricane,2012-12-07,2012,12,Winter,06105,41.773262,-72.704433
Hurricane,2012-10-29,2012,10,Fall,06105,41.773262,-72.704433
Hurricane,2013-02-20,2013,2,Winter,06105,41.773262,-72.704433
Hurricane,2012-10-29,2012,10,Fall,06105,41.773262,-72.704433
Hurricane,2013-02-20,2013,2,Winter,06105,41.773262,-72.704433
Hurricane,2012-10-29,2012,10,Fall,06105,41.773262,-72.704433
Hurricane,2013-03-26,2013,3,Spring,06105,41.773262,-72.704433
Hurricane,2013-10-17,2013,10,Fall,06105,41.773262,-72.704433
Hurricane,2013-11-21,2013,11,Fall,06105,41.773262,-72.704433
Hurricane,2012-10-29,2012,10,Fall,06105,41.773262,-72.704433
Hurricane,2013-02-13,2013,2,Winter,06105,41.773262,-72.704433
Hurricane,2012-10-29,2012,10,Fall,01754,42.425955,-71.456256
Hurricane,2013-02-19,2013,2,Winter,01754,42.425955,-71.456256
Hurricane,2012-10-29,2012,10,Fall,06105,41.773262,-72.704433
Hurricane,2013-02-19,2013,2,Winter,06105,41.773262,-72.704433
Hurricane,2012-10-29,2012,10,Fall,06105,41.773262,-72.704433
Hurricane,2013-02-19,2013,2,Winter,06105,41.773262,-72.704433
Hurricane,2013-06-18,2013,6,Summer,06105,41.773262,-72.704433
Hurricane,2013-11-24,2013,11,Fall,06105,41.773262,-72.704433
Hurricane,2012-10-29,2012,10,Fall,06105,41.773262,-72.704433
Hurricane,2013-03-26,2013,3,Spring,06105,41.773262,-72.704433
Hurricane,2013-06-18,2013,6,Summer,06105,41.773262,-72.704433
Hurricane,2012-10-29,2012,10,Fall,06105,41.773262,-72.704433
Hurricane,2013-02-19,2013,2,Winter,06105,41.773262,-72.704433
Hurricane,2012-10-29,2012,10,Fall,06105,41.773262,-72.704433
Hurricane,2013-01-29,2013,1,Winter,06105,41.773262,-72.704433
Hurricane,2013-06-27,2013,6,Summer,06105,41.773262,-72.704433
Hurricane,2012-10-30,2012,10,Fall,06105,41.773262,-72.704433
Hurricane,2013-01-30,2013,1,Winter,06105,41.773262,-72.704433
Hurricane,2012-10-29,2012,10,Fall,06105,41.773262,-72.704433
Hurricane,2012-11-01,2012,11,Fall,06105,41.773262,-72.704433
Hurricane,2014-02-20,2014,2,Winter,06105,41.773262,-72.704433
Hurricane,2015-11-12,2015,11,Fall,06105,41.773262,-72.704433
Hurricane,2017-01-24,2017,1,Winter,06105,41.773262,-72.704433
Hurricane,2017-05-03,2017,5,Spring,06105,41.773262,-72.704433
Hurricane,2017-05-05,2017,5,Spring,06105,41.773262,-72.704433
Hurricane,2012-11-02,2012,11,Fall,06105,41.773262,-72.704433
Hurricane,2013-02-19,2013,2,Winter,06105,41.773262,-72.704433
Hurricane,2012-10-29,2012,10,Fall,06010,41.681578,-72.940749
Hurricane,2013-04-17,2013,4,Spring,06010,41.681578,-72.940749
Hurricane,2012-10-29,2012,10,Fall,01754,42.425955,-71.456256
Hurricane,2013-06-04,2013,6,Summer,01754,42.425955,-71.456256
Hurricane,2012-10-29,2012,10,Fall,01754,42.425955,-71.456256
Hurricane,2013-05-10,2013,5,Spring,01754,42.425955,-71.456256
Hurricane,2012-10-29,2012,10,Fall,06105,41.773262,-72.704433
Hurricane,2013-05-10,2013,5,Spring,06105,41.773262,-72.704433
Hurricane,2012-10-29,2012,10,Fall,06105,41.773262,-72.704433
Hurricane,2013-02-20,2013,2,Winter,06105,41.773262,-72.704433
Hurricane,2012-10-29,2012,10,Fall,06105,41.773262,-72.704433
Hurricane,2013-02-20,2013,2,Winter,06105,41.773262,-72.704433
Hurricane,2012-10-29,2012,10,Fall,06105,41.773262,-72.704433
Hurricane,2013-01-22,2013,1,Winter,06105,41.773262,-72.704433
Hurricane,2013-04-23,2013,4,Spring,06105,41.773262,-72.704433
Hurricane,2012-10-29,2012,10,Fall,06105,41.773262,-72.704433
Hurricane,2013-09-24,2013,9,Fall,06105,41.773262,-72.704433
Hurricane,2012-10-29,2012,10,Fall,06105,41.773262,-72.704433
Hurricane,2013-10-17,2013,10,Fall,06105,41.773262,-72.704433
Hurricane,2014-02-20,2014,2,Winter,06105,41.773262,-72.704433
Hurricane,2014-05-23,2014,5,Spring,06105,41.773262,-72.704433
Hurricane,2014-09-29,2014,9,Fall,06105,41.773262,-72.704433
Hurricane,2012-10-29,2012,10,Fall,06105,41.773262,-72.704433
Hurricane,2013-03-26,2013,3,Spring,06105,41.773262,-72.704433
Hurricane,2013-06-18,2013,6,Summer,06105,41.773262,-72.704433
Hurricane,2012-10-30,2012,10,Fall,02920,41.767344,-71.465508
Hurricane,2013-01-29,2013,1,Winter,02920,41.767344,-71.465508
Hurricane,2012-11-01,2012,11,Fall,17112,40.373989,-76.770206
Hurricane,2012-11-06,2012,11,Fall,17112,40.373989,-76.770206
Hurricane,2012-11-01,2012,11,Fall,17112,40.373989,-76.770206
Hurricane,2012-11-03,2012,11,Fall,17112,40.373989,-76.770206
Hurricane,2012-11-07,2012,11,Fall,17112,40.373989,-76.770206
Hurricane,2013-08-09,2013,8,Summer,17112,40.373989,-76.770206
Hurricane,2012-11-01,2012,11,Fall,17112,40.373989,-76.770206
Hurricane,2013-02-11,2013,2,Winter,17112,40.373989,-76.770206
Hurricane,2012-11-01,2012,11,Fall,17112,40.373989,-76.770206
Hurricane,2012-11-05,2012,11,Fall,17112,40.373989,-76.770206
Hurricane,2013-02-26,2013,2,Winter,17112,40.373989,-76.770206
Hurricane,2012-10-31,2012,10,Fall,19106,39.946649,-75.142232
Hurricane,2013-05-07,2013,5,Spring,19106,39.946649,-75.142232
Hurricane,2012-10-31,2012,10,Fall,19106,39.946649,-75.142232
Hurricane,2013-10-01,2013,10,Fall,19106,39.946649,-75.142232
Hurricane,2014-01-03,2014,1,Winter,19106,39.946649,-75.142232
Hurricane,2012-10-30,2012,10,Fall,19106,39.946649,-75.142232
Hurricane,2013-01-30,2013,1,Winter,19106,39.946649,-75.142232
Hurricane,2013-03-25,2013,3,Spring,19106,39.946649,-75.142232
Hurricane,2013-06-26,2013,6,Summer,19106,39.946649,-75.142232
Terrorist,2013-04-18,2013,4,Spring,01754,42.425955,-71.456256
Terrorist,2013-08-19,2013,8,Summer,01754,42.425955,-71.456256
Terrorist,2013-04-18,2013,4,Spring,01754,42.425955,-71.456256
Terrorist,2013-08-19,2013,8,Summer,01754,42.425955,-71.456256
Terrorist,2013-04-18,2013,4,Spring,01754,42.425955,-71.456256
Terrorist,2013-04-22,2013,4,Spring,01754,42.425955,-71.456256
Terrorist,2013-04-18,2013,4,Spring,01754,42.425955,-71.456256
Terrorist,2013-09-10,2013,9,Fall,01754,42.425955,-71.456256
Other,2013-04-25,2013,4,Spring,76691,31.769851,-97.098169
Other,2013-04-25,2013,4,Spring,76691,31.769851,-97.098169
Other,2013-04-25,2013,4,Spring,76691,31.769851,-97.098169
Other,2013-07-24,2013,7,Summer,76691,31.769851,-97.098169
Other,2013-05-02,2013,5,Spring,76691,31.769851,-97.098169
Other,2014-03-28,2014,3,Spring,76691,31.769851,-97.098169
Other,2014-09-25,2014,9,Fall,76691,31.769851,-97.098169
Other,2015-02-23,2015,2,Winter,76691,31.769851,-97.098169
Other,2013-05-02,2013,5,Spring,76209,33.2315,-97.109986
Other,2013-05-30,2013,5,Spring,76209,33.2315,-97.109986
Other,2013-09-18,2013,9,Fall,76209,33.2315,-97.109986
Other,2014-02-04,2014,2,Winter,76209,33.2315,-97.109986
Flood,2013-04-27,2013,4,Spring,58554,46.755661,-100.948661
Flood,2013-08-07,2013,8,Summer,58554,46.755661,-100.948661
Flood,2013-04-27,2013,4,Spring,58554,46.755661,-100.948661
Flood,2013-11-18,2013,11,Fall,58554,46.755661,-100.948661
Flood,2013-04-27,2013,4,Spring,58204,47.960469,-97.370795
Flood,2013-10-22,2013,10,Fall,58204,47.960469,-97.370795
Flood,2013-04-28,2013,4,Spring,58501,46.814932,-100.698195
Flood,2013-10-22,2013,10,Fall,58501,46.814932,-100.698195
Flood,2013-04-27,2013,4,Spring,58554,46.755661,-100.948661
Flood,2013-08-19,2013,8,Summer,58554,46.755661,-100.948661
Flood,2013-04-27,2013,4,Spring,58554,46.755661,-100.948661
Flood,2013-11-22,2013,11,Fall,58554,46.755661,-100.948661
Flood,2014-04-17,2014,4,Spring,58554,46.755661,-100.948661
Flood,2013-04-27,2013,4,Spring,58501,46.814932,-100.698195
Flood,2013-08-17,2013,8,Summer,58501,46.814932,-100.698195
Flood,2013-04-28,2013,4,Spring,58078,46.867244,-96.942162
Flood,2013-10-22,2013,10,Fall,58078,46.867244,-96.942162
Flood,2013-04-27,2013,4,Spring,58554,46.755661,-100.948661
Flood,2013-11-18,2013,11,Fall,58554,46.755661,-100.948661
Flood,2013-04-27,2013,4,Spring,58501,46.814932,-100.698195
Flood,2013-10-22,2013,10,Fall,58501,46.814932,-100.698195
Flood,2014-02-18,2014,2,Winter,58501,46.814932,-100.698195
Flood,2013-04-28,2013,4,Spring,58078,46.867244,-96.942162
Flood,2013-12-09,2013,12,Winter,58078,46.867244,-96.942162
Flood,2013-09-13,2013,9,Fall,80011,39.744033,-104.790013
Flood,2013-12-03,2013,12,Winter,80011,39.744033,-104.790013
Flood,2014-09-22,2014,9,Fall,80011,39.744033,-104.790013
Flood,2014-12-23,2014,12,Winter,80011,39.744033,-104.790013
Flood,2013-09-13,2013,9,Fall,80011,39.744033,-104.790013
Flood,2013-10-11,2013,10,Fall,80011,39.744033,-104.790013
Flood,2014-08-07,2014,8,Summer,80011,39.744033,-104.790013
Flood,2013-09-14,2013,9,Fall,80301,40.04569,-105.20089
Flood,2014-09-03,2014,9,Fall,80301,40.04569,-105.20089
Flood,2015-07-17,2015,7,Summer,80301,40.04569,-105.20089
Flood,2013-09-15,2013,9,Fall,80301,40.04569,-105.20089
Flood,2013-09-20,2013,9,Fall,80301,40.04569,-105.20089
Flood,2013-12-02,2013,12,Winter,80301,40.04569,-105.20089
Chemical,2014-01-16,2014,1,Winter,25311,38.366863,-81.557035
Chemical,2014-01-17,2014,1,Winter,25311,38.366863,-81.557035
Chemical,2014-01-11,2014,1,Winter,19106,39.946649,-75.142232
Chemical,2014-01-12,2014,1,Winter,19106,39.946649,-75.142232
Chemical,2014-01-18,2014,1,Winter,19106,39.946649,-75.142232
Chemical,2014-03-04,2014,3,Spring,19106,39.946649,-75.142232
Chemical,2014-04-02,2014,4,Spring,19106,39.946649,-75.142232
Chemical,2014-01-10,2014,1,Winter,19106,39.946649,-75.142232
Chemical,2014-01-10,2014,1,Winter,19106,39.946649,-75.142232
Chemical,2014-01-11,2014,1,Winter,19106,39.946649,-75.142232
Chemical,2014-09-15,2014,9,Fall,19106,39.946649,-75.142232
Chemical,2014-10-01,2014,10,Fall,19106,39.946649,-75.142232
Chemical,2014-01-10,2014,1,Winter,19106,39.946649,-75.142232
Chemical,2014-01-11,2014,1,Winter,19106,39.946649,-75.142232
Chemical,2014-01-11,2014,1,Winter,19106,39.946649,-75.142232
Chemical,2014-06-10,2014,6,Summer,19106,39.946649,-75.142232
Chemical,2014-07-10,2014,7,Summer,19106,39.946649,-75.142232
Chemical,2014-01-10,2014,1,Winter,19106,39.946649,-75.142232
Chemical,2014-01-11,2014,1,Winter,19106,39.946649,-75.142232
Chemical,2014-01-11,2014,1,Winter,19106,39.946649,-75.142232
Chemical,2014-01-11,2014,1,Winter,19106,39.946649,-75.142232
Chemical,2014-01-16,2014,1,Winter,19106,39.946649,-75.142232
Chemical,2014-05-21,2014,5,Spring,19106,39.946649,-75.142232
Chemical,2014-07-31,2014,7,Summer,19106,39.946649,-75.142232
Severe Ice Storm,2014-02-06,2014,2,Winter,19106,39.946649,-75.142232
Severe Ice Storm,2014-09-15,2014,9,Fall,19106,39.946649,-75.142232
Severe Ice Storm,2014-02-06,2014,2,Winter,19044,40.188988,-75.152483
Severe Ice Storm,2014-02-09,2014,2,Winter,19044,40.188988,-75.152483
Severe Ice Storm,2014-09-15,2014,9,Fall,19044,40.188988,-75.152483
Severe Ice Storm,2014-12-05,2014,12,Winter,19044,40.188988,-75.152483
Severe Ice Storm,2014-02-06,2014,2,Winter,19044,40.188988,-75.152483
Severe Ice Storm,2014-09-15,2014,9,Fall,19044,40.188988,-75.152483
Severe Ice Storm,2014-02-06,2014,2,Winter,19106,39.946649,-75.142232
Severe Ice Storm,2014-09-02,2014,9,Fall,19106,39.946649,-75.142232
Severe Ice Storm,2014-09-30,2014,9,Fall,19106,39.946649,-75.142232
Severe Ice Storm,2014-02-06,2014,2,Winter,19106,39.946649,-75.142232
Severe Ice Storm,2014-05-02,2014,5,Spring,19106,39.946649,-75.142232
Severe Ice Storm,2014-02-06,2014,2,Winter,19106,39.946649,-75.142232
Severe Ice Storm,2014-07-15,2014,7,Summer,19106,39.946649,-75.142232
Mud/Landslide,2014-03-25,2014,3,Spring,98021,47.792571,-122.208429
Mud/Landslide,2014-03-28,2014,3,Spring,98021,47.792571,-122.208429
Mud/Landslide,2014-04-01,2014,4,Spring,98021,47.792571,-122.208429
Mud/Landslide,2015-01-07,2015,1,Winter,98021,47.792571,-122.208429
Mud/Landslide,2014-03-29,2014,3,Spring,98203,47.941999,-122.23408
Mud/Landslide,2014-04-05,2014,4,Spring,98203,47.941999,-122.23408
Mud/Landslide,2014-07-23,2014,7,Summer,98203,47.941999,-122.23408
Mud/Landslide,2014-09-30,2014,9,Fall,98203,47.941999,-122.23408
Mud/Landslide,2015-06-05,2015,6,Summer,98203,47.941999,-122.23408
Mud/Landslide,2014-03-30,2014,3,Spring,98021,47.792571,-122.208429
Mud/Landslide,2014-04-05,2014,4,Spring,98021,47.792571,-122.208429
Mud/Landslide,2015-01-07,2015,1,Winter,98021,47.792571,-122.208429
Mud/Landslide,2015-09-21,2015,9,Fall,98021,47.792571,-122.208429
Mud/Landslide,2014-03-31,2014,3,Spring,98223,48.21712,-121.95354
Mud/Landslide,2015-01-07,2015,1,Winter,98223,48.21712,-121.95354
Mud/Landslide,2017-03-02,2017,3,Spring,98223,48.21712,-121.95354
Mud/Landslide,2014-03-30,2014,3,Spring,98021,47.792571,-122.208429
Mud/Landslide,2014-06-05,2014,6,Summer,98021,47.792571,-122.208429
Mud/Landslide,2014-03-25,2014,3,Spring,98021,47.792571,-122.208429
Mud/Landslide,2014-03-29,2014,3,Spring,98021,47.792571,-122.208429
Mud/Landslide,2014-07-21,2014,7,Summer,98021,47.792571,-122.208429
Mud/Landslide,2014-03-29,2014,3,Spring,98204,47.902665,-122.255861
Mud/Landslide,2014-04-05,2014,4,Spring,98204,47.902665,-122.255861
Mud/Landslide,2014-07-21,2014,7,Summer,98204,47.902665,-122.255861
Mud/Landslide,2014-03-30,2014,3,Spring,98223,48.21712,-121.95354
Mud/Landslide,2014-04-05,2014,4,Spring,98223,48.21712,-121.95354
Mud/Landslide,2014-03-28,2014,3,Spring,98021,47.792571,-122.208429
Mud/Landslide,2014-03-30,2014,3,Spring,98021,47.792571,-122.208429
Mud/Landslide,2014-04-05,2014,4,Spring,98021,47.792571,-122.208429
Mud/Landslide,2014-11-24,2014,11,Fall,98021,47.792571,-122.208429
Mud/Landslide,2014-03-28,2014,3,Spring,98223,48.21712,-121.95354
Mud/Landslide,2014-04-05,2014,4,Spring,98223,48.21712,-121.95354
Mud/Landslide,2014-04-28,2014,4,Spring,98223,48.21712,-121.95354
Mud/Landslide,2015-04-06,2015,4,Spring,98223,48.21712,-121.95354
Mud/Landslide,2014-04-02,2014,4,Spring,98241,48.204009,-121.140498
Mud/Landslide,2014-04-05,2014,4,Spring,98241,48.204009,-121.140498
Mud/Landslide,2014-03-30,2014,3,Spring,98021,47.792571,-122.208429
Mud/Landslide,2014-04-05,2014,4,Spring,98021,47.792571,-122.208429
Mud/Landslide,2014-08-06,2014,8,Summer,98021,47.792571,-122.208429
Fire,2014-07-24,2014,7,Summer,98021,47.792571,-122.208429
Fire,2015-06-05,2015,6,Summer,98021,47.792571,-122.208429
Fire,2014-07-24,2014,7,Summer,98840,48.29181,-119.513783
Fire,2014-07-30,2014,7,Summer,98840,48.29181,-119.513783
Fire,2015-01-07,2015,1,Winter,98840,48.29181,-119.513783
Fire,2014-07-24,2014,7,Summer,98012,47.841376,-122.198939
Fire,2015-03-16,2015,3,Spring,98012,47.841376,-122.198939
Fire,2014-07-24,2014,7,Summer,98021,47.792571,-122.208429
Fire,2014-07-24,2014,7,Summer,98021,47.792571,-122.208429
Fire,2015-06-05,2015,6,Summer,98021,47.792571,-122.208429
Fire,2014-07-24,2014,7,Summer,98021,47.792571,-122.208429
Fire,2014-08-12,2014,8,Summer,98021,47.792571,-122.208429
Fire,2015-03-27,2015,3,Spring,98021,47.792571,-122.208429
Fire,2014-07-24,2014,7,Summer,98021,47.792571,-122.208429
Fire,2014-10-23,2014,10,Fall,98021,47.792571,-122.208429
Fire,2015-08-21,2015,8,Summer,98021,47.792571,-122.208429
Fire,2016-09-19,2016,9,Fall,98021,47.792571,-122.208429
Fire,2015-08-21,2015,8,Summer,98021,47.792571,-122.208429
Fire,2016-01-06,2016,1,Winter,98021,47.792571,-122.208429
Fire,2015-08-28,2015,8,Summer,98430,47.116718,-122.568752
Fire,2015-08-31,2015,8,Summer,98430,47.116718,-122.568752
Fire,2016-04-28,2016,4,Spring,98430,47.116718,-122.568752
Fire,2015-08-22,2015,8,Summer,99011,47.618653,-117.64842
Fire,2016-02-03,2016,2,Winter,99011,47.618653,-117.64842
Fire,2015-08-21,2015,8,Summer,98021,47.792571,-122.208429
Fire,2015-08-21,2015,8,Summer,98021,47.792571,-122.208429
Fire,2015-08-26,2015,8,Summer,98021,47.792571,-122.208429
Fire,2016-09-30,2016,9,Fall,98021,47.792571,-122.208429
Fire,2015-08-21,2015,8,Summer,98021,47.792571,-122.208429
Fire,2015-08-21,2015,8,Summer,98021,47.792571,-122.208429
Fire,2015-09-09,2015,9,Fall,98021,47.792571,-122.208429
Fire,2017-02-09,2017,2,Winter,98021,47.792571,-122.208429
Fire,2015-08-21,2015,8,Summer,98021,47.792571,-122.208429
Fire,2015-09-21,2015,9,Fall,98021,47.792571,-122.208429
Fire,2016-04-28,2016,4,Spring,98021,47.792571,-122.208429
Fire,2016-06-13,2016,6,Summer,98021,47.792571,-122.208429
Fire,2015-08-22,2015,8,Summer,99114,48.655198,-117.735834
Fire,2015-09-09,2015,9,Fall,99114,48.655198,-117.735834
Fire,2016-04-08,2016,4,Spring,99114,48.655198,-117.735834
Fire,2015-08-21,2015,8,Summer,98021,47.792571,-122.208429
Fire,2017-09-28,2017,9,Fall,98021,47.792571,-122.208429
Fire,2015-08-21,2015,8,Summer,98021,47.792571,-122.208429
Fire,2016-04-28,2016,4,Spring,98021,47.792571,-122.208429
Fire,2015-08-27,2015,8,Summer,98837,47.146993,-119.315908
Fire,2016-01-06,2016,1,Winter,98837,47.146993,-119.315908
Fire,2015-09-01,2015,9,Fall,98430,47.116718,-122.568752
Fire,2016-10-12,2016,10,Fall,98430,47.116718,-122.568752
Fire,2015-08-25,2015,8,Summer,98430,47.116718,-122.568752
Fire,2016-01-06,2016,1,Winter,98430,47.116718,-122.568752
Fire,2015-08-21,2015,8,Summer,98021,47.792571,-122.208429
Fire,2015-08-26,2015,8,Summer,98021,47.792571,-122.208429
Fire,2015-08-31,2015,8,Summer,98021,47.792571,-122.208429
Fire,2016-09-19,2016,9,Fall,98021,47.792571,-122.208429
Severe Storm,2015-10-04,2015,10,Fall,29172,33.905765,-81.075502
Severe Storm,2016-01-21,2016,1,Winter,29172,33.905765,-81.075502
Severe Storm,2015-10-04,2015,10,Fall,29172,33.905765,-81.075502
Severe Storm,2016-02-11,2016,2,Winter,29172,33.905765,-81.075502
Severe Storm,2015-10-04,2015,10,Fall,29172,33.905765,-81.075502
Severe Storm,2016-01-12,2016,1,Winter,29172,33.905765,-81.075502
Severe Storm,2016-06-02,2016,6,Summer,29172,33.905765,-81.075502
Flood,2016-01-04,2016,1,Winter,63125,38.519437,-90.292738
Flood,2016-01-05,2016,1,Winter,63125,38.519437,-90.292738
Flood,2016-01-10,2016,1,Winter,63125,38.519437,-90.292738
Severe Storm,2015-03-30,2015,3,Spring,63125,38.519437,-90.292738
Severe Storm,2014-03-11,2014,3,Spring,87532,35.989751,-106.12563
Severe Storm,2014-12-02,2014,12,Winter,87532,35.989751,-106.12563
Severe Storm,2014-12-19,2014,12,Winter,87532,35.989751,-106.12563
Severe Storm,2014-01-01,2014,1,Winter,87532,35.989751,-106.12563
Severe Storm,2014-01-10,2014,1,Winter,87532,35.989751,-106.12563
Severe Storm,2014-03-24,2014,3,Spring,87532,35.989751,-106.12563
Severe Storm,2014-05-08,2014,5,Spring,87532,35.989751,-106.12563
Severe Storm,2015-06-23,2015,6,Summer,87532,35.989751,-106.12563
Severe Storm,2014-01-01,2014,1,Winter,87532,35.989751,-106.12563
Severe Storm,2014-01-07,2014,1,Winter,87532,35.989751,-106.12563
Severe Storm,2014-01-07,2014,1,Winter,87532,35.989751,-106.12563
Severe Storm,2014-03-06,2014,3,Spring,87532,35.989751,-106.12563
Severe Storm,2014-03-24,2014,3,Spring,87532,35.989751,-106.12563
Severe Storm,2014-05-08,2014,5,Spring,87532,35.989751,-106.12563
Severe Storm,2015-02-11,2015,2,Winter,87532,35.989751,-106.12563
Severe Storm,2014-03-24,2014,3,Spring,87532,35.989751,-106.12563
Severe Storm,2014-05-28,2014,5,Spring,87532,35.989751,-106.12563
Severe Storm,2013-11-16,2013,11,Fall,58554,46.755661,-100.948661
Severe Storm,2014-05-07,2014,5,Spring,58554,46.755661,-100.948661
Severe Storm,2013-11-17,2013,11,Fall,57769,44.245301,-103.288634
Severe Storm,2014-09-24,2014,9,Fall,57769,44.245301,-103.288634
Severe Storm,2013-11-17,2013,11,Fall,57701,44.121777,-103.201222
Severe Storm,2013-11-26,2013,11,Fall,57701,44.121777,-103.201222
Severe Storm,2014-06-18,2014,6,Summer,57701,44.121777,-103.201222
Severe Storm,2013-11-12,2013,11,Fall,57501,44.527632,-100.309123
Severe Storm,2014-01-15,2014,1,Winter,57501,44.527632,-100.309123
Severe Storm,2014-04-07,2014,4,Spring,57501,44.527632,-100.309123
Severe Storm,2014-07-03,2014,7,Summer,57501,44.527632,-100.309123
Severe Storm,2018-03-21,2018,3,Spring,57501,44.527632,-100.309123
Severe Storm,2013-11-18,2013,11,Fall,57501,44.527632,-100.309123
Severe Storm,2014-03-03,2014,3,Spring,57501,44.527632,-100.309123
Severe Storm,2014-05-07,2014,5,Spring,57501,44.527632,-100.309123
Severe Storm,2014-01-27,2014,1,Winter,78754,30.356711,-97.639281
Severe Storm,2014-02-21,2014,2,Winter,78754,30.356711,-97.639281
Severe Storm,2014-08-01,2014,8,Summer,78754,30.356711,-97.639281
Severe Storm,2014-02-19,2014,2,Winter,78754,30.356711,-97.639281
Severe Storm,2014-03-19,2014,3,Spring,78754,30.356711,-97.639281
Severe Storm,2014-08-01,2014,8,Summer,78754,30.356711,-97.639281
Severe Ice Storm,2014-01-10,2014,1,Winter,72199,34.828288,-92.290419
Severe Ice Storm,2014-01-10,2014,1,Winter,72199,34.828288,-92.290419
Severe Ice Storm,2014-01-14,2014,1,Winter,72199,34.828288,-92.290419
Severe Ice Storm,2014-05-28,2014,5,Spring,72199,34.828288,-92.290419
Severe Ice Storm,2014-08-01,2014,8,Summer,72199,34.828288,-92.290419
Mud/Landslide,2014-04-21,2014,4,Spring,98203,47.941999,-122.23408
Mud/Landslide,2014-09-23,2014,9,Fall,98203,47.941999,-122.23408
Mud/Landslide,2014-04-05,2014,4,Spring,98203,47.941999,-122.23408
Mud/Landslide,2014-04-16,2014,4,Spring,98203,47.941999,-122.23408
Mud/Landslide,2014-05-03,2014,5,Spring,98203,47.941999,-122.23408
Mud/Landslide,2014-09-24,2014,9,Fall,98203,47.941999,-122.23408
Mud/Landslide,2014-11-25,2014,11,Fall,98203,47.941999,-122.23408
Mud/Landslide,2015-04-06,2015,4,Spring,98203,47.941999,-122.23408
Mud/Landslide,2015-06-18,2015,6,Summer,98203,47.941999,-122.23408
Mud/Landslide,2014-04-05,2014,4,Spring,98021,47.792571,-122.208429
Mud/Landslide,2014-04-16,2014,4,Spring,98021,47.792571,-122.208429
Mud/Landslide,2015-01-15,2015,1,Winter,98021,47.792571,-122.208429
Mud/Landslide,2015-07-14,2015,7,Summer,98021,47.792571,-122.208429
Mud/Landslide,2014-04-11,2014,4,Spring,98223,48.21712,-121.95354
Mud/Landslide,2014-04-25,2014,4,Spring,98223,48.21712,-121.95354
Mud/Landslide,2015-01-07,2015,1,Winter,98223,48.21712,-121.95354
Mud/Landslide,2015-04-06,2015,4,Spring,98223,48.21712,-121.95354
Mud/Landslide,2014-04-17,2014,4,Spring,98223,48.21712,-121.95354
Mud/Landslide,2014-09-22,2014,9,Fall,98223,48.21712,-121.95354
Mud/Landslide,2014-04-22,2014,4,Spring,98203,47.941999,-122.23408
Mud/Landslide,2014-06-18,2014,6,Summer,98203,47.941999,-122.23408
Mud/Landslide,2014-09-23,2014,9,Fall,98203,47.941999,-122.23408
Mud/Landslide,2015-06-05,2015,6,Summer,98203,47.941999,-122.23408
Mud/Landslide,2014-04-05,2014,4,Spring,98223,48.21712,-121.95354
Mud/Landslide,2015-01-07,2015,1,Winter,98223,48.21712,-121.95354
Mud/Landslide,2015-05-26,2015,5,Spring,98223,48.21712,-121.95354
Mud/Landslide,2016-04-08,2016,4,Spring,98223,48.21712,-121.95354
Mud/Landslide,2017-03-02,2017,3,Spring,98223,48.21712,-121.95354
Mud/Landslide,2014-04-05,2014,4,Spring,98021,47.792571,-122.208429
Mud/Landslide,2015-01-07,2015,1,Winter,98021,47.792571,-122.208429
Mud/Landslide,2015-09-21,2015,9,Fall,98021,47.792571,-122.208429
Mud/Landslide,2014-04-05,2014,4,Spring,98021,47.792571,-122.208429
Mud/Landslide,2014-09-22,2014,9,Fall,98021,47.792571,-122.208429
Mud/Landslide,2014-04-05,2014,4,Spring,98204,47.902665,-122.255861
Mud/Landslide,2014-09-22,2014,9,Fall,98204,47.902665,-122.255861
Mud/Landslide,2014-04-05,2014,4,Spring,98021,47.792571,-122.208429
Mud/Landslide,2014-08-15,2014,8,Summer,98021,47.792571,-122.208429
Mud/Landslide,2014-04-12,2014,4,Spring,98203,47.941999,-122.23408
Mud/Landslide,2014-08-15,2014,8,Summer,98203,47.941999,-122.23408
Mud/Landslide,2014-04-11,2014,4,Spring,98223,48.21712,-121.95354
Mud/Landslide,2014-04-14,2014,4,Spring,98223,48.21712,-121.95354
Mud/Landslide,2014-08-15,2014,8,Summer,98223,48.21712,-121.95354
Mud/Landslide,2014-04-08,2014,4,Spring,98223,48.21712,-121.95354
Mud/Landslide,2014-04-14,2014,4,Spring,98223,48.21712,-121.95354
Mud/Landslide,2015-06-18,2015,6,Summer,98223,48.21712,-121.95354
Mud/Landslide,2014-04-21,2014,4,Spring,98223,48.21712,-121.95354
Mud/Landslide,2014-04-21,2014,4,Spring,98223,48.21712,-121.95354
Mud/Landslide,2014-04-21,2014,4,Spring,98223,48.21712,-121.95354
Mud/Landslide,2014-09-30,2014,9,Fall,98223,48.21712,-121.95354
Mud/Landslide,2014-12-16,2014,12,Winter,98223,48.21712,-121.95354
Mud/Landslide,2014-04-05,2014,4,Spring,98223,48.21712,-121.95354
Mud/Landslide,2014-04-11,2014,4,Spring,98223,48.21712,-121.95354
Mud/Landslide,2014-04-28,2014,4,Spring,98223,48.21712,-121.95354
Mud/Landslide,2015-05-26,2015,5,Spring,98223,48.21712,-121.95354
Mud/Landslide,2014-04-05,2014,4,Spring,98241,48.204009,-121.140498
Mud/Landslide,2014-04-28,2014,4,Spring,98241,48.204009,-121.140498
Mud/Landslide,2014-04-05,2014,4,Spring,98021,47.792571,-122.208429
Mud/Landslide,2014-04-25,2014,4,Spring,98203,47.941999,-122.23408
Mud/Landslide,2015-02-02,2015,2,Winter,98203,47.941999,-122.23408
Mud/Landslide,2014-04-05,2014,4,Spring,98021,47.792571,-122.208429
Mud/Landslide,2014-04-25,2014,4,Spring,98203,47.941999,-122.23408
Severe Storm,2014-06-02,2014,6,Summer,72116,34.800258,-92.245317
Severe Storm,2014-06-05,2014,6,Summer,72116,34.800258,-92.245317
Severe Storm,2014-05-01,2014,5,Spring,72116,34.800258,-92.245317
Severe Storm,2014-09-02,2014,9,Fall,72116,34.800258,-92.245317
Severe Storm,2014-05-05,2014,5,Spring,72116,34.800258,-92.245317
Severe Storm,2015-11-16,2015,11,Fall,72116,34.800258,-92.245317
Severe Storm,2014-06-05,2014,6,Summer,72116,34.800258,-92.245317
Severe Storm,2014-07-30,2014,7,Summer,72116,34.800258,-92.245317
Severe Storm,2014-10-06,2014,10,Fall,72116,34.800258,-92.245317
Severe Storm,2016-08-04,2016,8,Summer,72116,34.800258,-92.245317
Severe Storm,2014-04-30,2014,4,Spring,72118,34.840468,-92.326035
Severe Storm,2014-05-16,2014,5,Spring,72118,34.840468,-92.326035
Severe Storm,2014-09-02,2014,9,Fall,72118,34.840468,-92.326035
Severe Storm,2015-02-11,2015,2,Winter,72118,34.840468,-92.326035
Severe Storm,2014-05-08,2014,5,Spring,39208,32.25973,-90.091888
Severe Storm,2014-05-12,2014,5,Spring,39208,32.25973,-90.091888
Severe Storm,2014-08-23,2014,8,Summer,39208,32.25973,-90.091888
Severe Storm,2014-05-13,2014,5,Spring,39157,32.425376,-90.165592
Severe Storm,2014-05-22,2014,5,Spring,39157,32.425376,-90.165592
Severe Storm,2014-08-23,2014,8,Summer,39157,32.425376,-90.165592
Severe Storm,2014-05-13,2014,5,Spring,35046,32.921346,-86.530466
Severe Storm,2014-07-10,2014,7,Summer,35046,32.921346,-86.530466
Severe Storm,2014-05-08,2014,5,Spring,32399,30.383268,-84.231203
Severe Storm,2014-05-22,2014,5,Spring,32399,30.383268,-84.231203
Severe Storm,2014-11-17,2014,11,Fall,32399,30.383268,-84.231203
Tornado,2014-07-17,2014,7,Summer,64114,38.957802,-94.598599
Tornado,2014-09-12,2014,9,Fall,64114,38.957802,-94.598599
Tornado,2014-11-07,2014,11,Fall,64114,38.957802,-94.598599
Tornado,2015-01-15,2015,1,Winter,64114,38.957802,-94.598599
Tornado,2015-03-03,2015,3,Spring,64114,38.957802,-94.598599
Tornado,2014-07-17,2014,7,Summer,64114,38.957802,-94.598599
Tornado,2014-08-14,2014,8,Summer,64114,38.957802,-94.598599
Tornado,2015-01-15,2015,1,Winter,64114,38.957802,-94.598599
Severe Storm,2014-07-22,2014,7,Summer,12207,42.655489,-73.747618
Severe Storm,2014-08-18,2014,8,Summer,12207,42.655489,-73.747618
Severe Storm,2014-08-12,2014,8,Summer,64114,38.957802,-94.598599
Severe Storm,2014-10-02,2014,10,Fall,64114,38.957802,-94.598599
Severe Storm,2014-11-07,2014,11,Fall,64114,38.957802,-94.598599
Severe Storm,2015-01-15,2015,1,Winter,64114,38.957802,-94.598599
Severe Storm,2015-02-06,2015,2,Winter,64114,38.957802,-94.598599
Severe Storm,2015-10-14,2015,10,Fall,64114,38.957802,-94.598599
Severe Storm,2014-10-01,2014,10,Fall,68508,40.818065,-96.705504
Severe Storm,2015-01-15,2015,1,Winter,68508,40.818065,-96.705504
Severe Storm,2015-02-02,2015,2,Winter,68508,40.818065,-96.705504
Severe Storm,2015-02-25,2015,2,Winter,68508,40.818065,-96.705504
Flood,2014-08-07,2014,8,Summer,57501,44.527632,-100.309123
Flood,2015-06-12,2015,6,Summer,57501,44.527632,-100.309123
Flood,2014-07-31,2014,7,Summer,57501,44.527632,-100.309123
Flood,2014-11-24,2014,11,Fall,57501,44.527632,-100.309123
Flood,2015-07-15,2015,7,Summer,57501,44.527632,-100.309123
Flood,2017-08-08,2017,8,Summer,57501,44.527632,-100.309123
Fire,2014-08-20,2014,8,Summer,98502,47.0812,-123.024841
Fire,2014-10-02,2014,10,Fall,98502,47.0812,-123.024841
Fire,2014-12-05,2014,12,Winter,98502,47.0812,-123.024841
Fire,2015-06-05,2015,6,Summer,98502,47.0812,-123.024841
Fire,2014-10-08,2014,10,Fall,98502,47.0812,-123.024841
Fire,2015-06-05,2015,6,Summer,98502,47.0812,-123.024841
Severe Storm,2014-08-22,2014,8,Summer,37204,36.106676,-86.774575
Severe Storm,2014-11-19,2014,11,Fall,37204,36.106676,-86.774575
Severe Storm,2015-01-21,2015,1,Winter,37204,36.106676,-86.774575
Severe Storm,2015-04-15,2015,4,Spring,37204,36.106676,-86.774575
Flood,2014-08-21,2014,8,Summer,58501,46.814932,-100.698195
Flood,2015-07-15,2015,7,Summer,58501,46.814932,-100.698195
Flood,2014-10-08,2014,10,Fall,48203,42.421228,-83.105483
Flood,2014-10-31,2014,10,Fall,48203,42.421228,-83.105483
Flood,2014-11-17,2014,11,Fall,48203,42.421228,-83.105483
Flood,2014-12-01,2014,12,Winter,48203,42.421228,-83.105483
Flood,2015-07-23,2015,7,Summer,48203,42.421228,-83.105483
Severe Storm,2014-10-16,2014,10,Fall,87508,35.52063,-105.945842
Severe Storm,2015-10-27,2015,10,Fall,87508,35.52063,-105.945842
Severe Storm,2016-03-11,2016,3,Spring,87508,35.52063,-105.945842
Severe Storm,2015-03-31,2015,3,Spring,01754,42.425955,-71.456256
Severe Storm,2015-09-28,2015,9,Fall,01754,42.425955,-71.456256
Severe Storm,2017-04-06,2017,4,Spring,01754,42.425955,-71.456256
Severe Storm,2015-04-30,2015,4,Spring,25301,38.351327,-81.627994
Severe Storm,2015-05-22,2015,5,Spring,25301,38.351327,-81.627994
Severe Storm,2015-05-27,2015,5,Spring,25301,38.351327,-81.627994
Severe Storm,2015-06-03,2015,6,Summer,25301,38.351327,-81.627994
Severe Storm,2015-06-16,2015,6,Summer,25301,38.351327,-81.627994
Severe Storm,2015-07-10,2015,7,Summer,25301,38.351327,-81.627994
Severe Storm,2015-07-27,2015,7,Summer,25301,38.351327,-81.627994
Severe Storm,2015-08-06,2015,8,Summer,25301,38.351327,-81.627994
Severe Storm,2016-07-18,2016,7,Summer,25301,38.351327,-81.627994
Severe Storm,2015-04-01,2015,4,Spring,25305,38.336819,-81.613139
Severe Storm,2017-01-13,2017,1,Winter,25305,38.336819,-81.613139
Severe Storm,2015-06-03,2015,6,Summer,25301,38.351327,-81.627994
Severe Storm,2015-06-08,2015,6,Summer,25301,38.351327,-81.627994
Severe Storm,2015-07-14,2015,7,Summer,25301,38.351327,-81.627994
Severe Storm,2015-08-12,2015,8,Summer,25301,38.351327,-81.627994
Severe Storm,2015-09-15,2015,9,Fall,25301,38.351327,-81.627994
Severe Storm,2016-07-08,2016,7,Summer,25301,38.351327,-81.627994
Severe Ice Storm,2015-04-03,2015,4,Spring,37204,36.106676,-86.774575
Severe Ice Storm,2015-06-03,2015,6,Summer,37204,36.106676,-86.774575
Severe Ice Storm,2015-07-30,2015,7,Summer,37204,36.106676,-86.774575
Severe Ice Storm,2015-10-20,2015,10,Fall,37204,36.106676,-86.774575
Severe Storm,2015-04-23,2015,4,Spring,03801,43.074812,-70.805443
Severe Storm,2015-05-26,2015,5,Spring,03801,43.074812,-70.805443
Severe Storm,2015-09-28,2015,9,Fall,03801,43.074812,-70.805443
Severe Storm,2015-09-22,2015,9,Fall,02559,41.690243,-70.616283
Severe Storm,2015-11-17,2015,11,Fall,02559,41.690243,-70.616283
Severe Storm,2015-12-19,2015,12,Winter,02559,41.690243,-70.616283
Severe Storm,2016-02-29,2016,2,Winter,02559,41.690243,-70.616283
Severe Storm,2015-04-24,2015,4,Spring,02559,41.690243,-70.616283
Severe Storm,2015-04-28,2015,4,Spring,02559,41.690243,-70.616283
Severe Storm,2015-05-27,2015,5,Spring,02559,41.690243,-70.616283
Severe Storm,2015-07-08,2015,7,Summer,02559,41.690243,-70.616283
Severe Storm,2015-07-30,2015,7,Summer,02559,41.690243,-70.616283
Severe Storm,2015-10-19,2015,10,Fall,02559,41.690243,-70.616283
Severe Storm,2015-12-04,2015,12,Winter,02559,41.690243,-70.616283
Severe Storm,2016-12-21,2016,12,Winter,02559,41.690243,-70.616283
Severe Storm,2015-09-18,2015,9,Fall,02559,41.690243,-70.616283
Severe Storm,2017-05-10,2017,5,Spring,02559,41.690243,-70.616283
Flood,2015-08-25,2015,8,Summer,40601,38.234919,-84.868786
Flood,2016-01-29,2016,1,Winter,40601,38.234919,-84.868786
Flood,2016-04-14,2016,4,Spring,40601,38.234919,-84.868786
Severe Storm,2015-06-03,2015,6,Summer,25301,38.351327,-81.627994
Severe Storm,2015-06-08,2015,6,Summer,25301,38.351327,-81.627994
Severe Storm,2015-08-12,2015,8,Summer,25301,38.351327,-81.627994
Severe Storm,2015-09-15,2015,9,Fall,25301,38.351327,-81.627994
Severe Storm,2015-12-31,2015,12,Winter,25301,38.351327,-81.627994
Flood,2015-06-03,2015,6,Summer,25301,38.351327,-81.627994
Flood,2015-06-08,2015,6,Summer,25301,38.351327,-81.627994
Flood,2015-07-20,2015,7,Summer,25301,38.351327,-81.627994
Flood,2015-08-12,2015,8,Summer,25301,38.351327,-81.627994
Flood,2015-09-03,2015,9,Fall,25301,38.351327,-81.627994
Flood,2015-09-15,2015,9,Fall,25301,38.351327,-81.627994
Flood,2015-12-31,2015,12,Winter,25301,38.351327,-81.627994
Flood,2015-06-03,2015,6,Summer,25301,38.351327,-81.627994
Flood,2015-06-08,2015,6,Summer,25301,38.351327,-81.627994
Flood,2015-06-16,2015,6,Summer,25301,38.351327,-81.627994
Flood,2015-07-20,2015,7,Summer,25301,38.351327,-81.627994
Flood,2015-08-05,2015,8,Summer,25301,38.351327,-81.627994
Flood,2015-08-12,2015,8,Summer,25301,38.351327,-81.627994
Flood,2015-09-03,2015,9,Fall,25301,38.351327,-81.627994
Flood,2015-09-15,2015,9,Fall,25301,38.351327,-81.627994
Flood,2015-10-02,2015,10,Fall,25301,38.351327,-81.627994
Flood,2015-11-02,2015,11,Fall,25301,38.351327,-81.627994
Flood,2016-07-18,2016,7,Summer,25301,38.351327,-81.627994
Severe Storm,2015-06-12,2015,6,Summer,73149,35.389204,-97.489087
Severe Storm,2015-07-06,2015,7,Summer,73149,35.389204,-97.489087
Severe Storm,2015-08-10,2015,8,Summer,73149,35.389204,-97.489087
Severe Storm,2015-08-27,2015,8,Summer,73149,35.389204,-97.489087
Severe Storm,2015-12-21,2015,12,Winter,73149,35.389204,-97.489087
Severe Storm,2015-07-14,2015,7,Summer,73149,35.389204,-97.489087
Severe Storm,2015-08-10,2015,8,Summer,73149,35.389204,-97.489087
Severe Storm,2015-09-10,2015,9,Fall,73149,35.389204,-97.489087
Severe Storm,2015-11-16,2015,11,Fall,73149,35.389204,-97.489087
Severe Storm,2015-07-17,2015,7,Summer,73149,35.389204,-97.489087
Severe Storm,2015-08-18,2015,8,Summer,73149,35.389204,-97.489087
Severe Storm,2015-09-21,2015,9,Fall,73149,35.389204,-97.489087
Severe Storm,2015-10-05,2015,10,Fall,73149,35.389204,-97.489087
Severe Storm,2015-10-20,2015,10,Fall,73149,35.389204,-97.489087
Severe Storm,2015-11-16,2015,11,Fall,73149,35.389204,-97.489087
Severe Storm,2016-11-07,2016,11,Fall,73149,35.389204,-97.489087
Severe Storm,2015-07-14,2015,7,Summer,73149,35.389204,-97.489087
Severe Storm,2015-08-20,2015,8,Summer,73149,35.389204,-97.489087
Severe Storm,2015-09-17,2015,9,Fall,73149,35.389204,-97.489087
Severe Storm,2016-06-07,2016,6,Summer,73149,35.389204,-97.489087
Severe Storm,2015-05-26,2015,5,Spring,73105,35.519523,-97.503225
Severe Storm,2015-06-06,2015,6,Summer,73105,35.519523,-97.503225
Severe Storm,2015-06-11,2015,6,Summer,73105,35.519523,-97.503225
Severe Storm,2015-06-11,2015,6,Summer,73149,35.389204,-97.489087
Severe Storm,2015-09-01,2015,9,Fall,73149,35.389204,-97.489087
Severe Storm,2015-09-10,2015,9,Fall,73149,35.389204,-97.489087
Severe Storm,2015-09-24,2015,9,Fall,73149,35.389204,-97.489087
Severe Storm,2016-12-20,2016,12,Winter,73149,35.389204,-97.489087
Severe Storm,2015-07-15,2015,7,Summer,73149,35.389204,-97.489087
Severe Storm,2015-08-18,2015,8,Summer,73149,35.389204,-97.489087
Severe Storm,2015-09-17,2015,9,Fall,73149,35.389204,-97.489087
Severe Storm,2016-04-05,2016,4,Spring,73149,35.389204,-97.489087
Severe Storm,2018-10-24,2018,10,Fall,73149,35.389204,-97.489087
Severe Storm,2021-03-09,2021,3,Spring,73149,35.389204,-97.489087
Severe Storm,2015-06-05,2015,6,Summer,73149,35.389204,-97.489087
Severe Storm,2015-06-11,2015,6,Summer,73149,35.389204,-97.489087
Severe Storm,2015-06-30,2015,6,Summer,73149,35.389204,-97.489087
Severe Storm,2015-07-28,2015,7,Summer,73149,35.389204,-97.489087
Severe Storm,2015-08-06,2015,8,Summer,73149,35.389204,-97.489087
Severe Storm,2015-08-27,2015,8,Summer,73149,35.389204,-97.489087
Severe Storm,2015-10-05,2015,10,Fall,73149,35.389204,-97.489087
Severe Storm,2015-11-02,2015,11,Fall,73149,35.389204,-97.489087
Severe Storm,2015-11-25,2015,11,Fall,73149,35.389204,-97.489087
Severe Storm,2015-12-14,2015,12,Winter,73149,35.389204,-97.489087
Severe Storm,2016-01-28,2016,1,Winter,73149,35.389204,-97.489087
Severe Storm,2016-02-25,2016,2,Winter,73149,35.389204,-97.489087
Severe Storm,2016-03-19,2016,3,Spring,73149,35.389204,-97.489087
Severe Storm,2016-03-22,2016,3,Spring,73149,35.389204,-97.489087
Severe Storm,2016-04-21,2016,4,Spring,73149,35.389204,-97.489087
Severe Storm,2016-05-24,2016,5,Spring,73149,35.389204,-97.489087
Severe Storm,2016-06-27,2016,6,Summer,73149,35.389204,-97.489087
Severe Storm,2016-08-02,2016,8,Summer,73149,35.389204,-97.489087
Severe Storm,2016-08-31,2016,8,Summer,73149,35.389204,-97.489087
Severe Storm,2015-06-10,2015,6,Summer,78666,29.881662,-97.984794
Severe Storm,2016-09-22,2016,9,Fall,78666,29.881662,-97.984794
Severe Storm,2015-05-30,2015,5,Spring,78752,30.331428,-97.703643
Severe Storm,2015-06-09,2015,6,Summer,78752,30.331428,-97.703643
Severe Storm,2015-07-09,2015,7,Summer,78752,30.331428,-97.703643
Severe Storm,2015-08-18,2015,8,Summer,78752,30.331428,-97.703643
Severe Storm,2016-02-18,2016,2,Winter,78752,30.331428,-97.703643
Severe Storm,2016-11-30,2016,11,Fall,78752,30.331428,-97.703643
Severe Storm,2015-06-26,2015,6,Summer,78753,30.383591,-97.673349
Severe Storm,2015-07-01,2015,7,Summer,78753,30.383591,-97.673349
Severe Storm,2015-07-30,2015,7,Summer,78753,30.383591,-97.673349
Severe Storm,2016-02-12,2016,2,Winter,78753,30.383591,-97.673349
Severe Storm,2015-07-23,2015,7,Summer,78753,30.383591,-97.673349
Severe Storm,2015-10-05,2015,10,Fall,78753,30.383591,-97.673349
Severe Storm,2016-02-11,2016,2,Winter,78753,30.383591,-97.673349
Severe Storm,2016-11-30,2016,11,Fall,78753,30.383591,-97.673349
Severe Storm,2015-07-22,2015,7,Summer,78753,30.383591,-97.673349
Severe Storm,2017-12-11,2017,12,Winter,78753,30.383591,-97.673349
Severe Storm,2015-07-28,2015,7,Summer,78753,30.383591,-97.673349
Severe Storm,2015-08-21,2015,8,Summer,78753,30.383591,-97.673349
Severe Storm,2015-09-18,2015,9,Fall,78753,30.383591,-97.673349
Severe Storm,2015-10-05,2015,10,Fall,78753,30.383591,-97.673349
Severe Storm,2016-11-15,2016,11,Fall,78753,30.383591,-97.673349
Severe Storm,2015-05-31,2015,5,Spring,76209,33.2315,-97.109986
Severe Storm,2016-03-24,2016,3,Spring,76209,33.2315,-97.109986
Severe Storm,2015-05-31,2015,5,Spring,78752,30.331428,-97.703643
Severe Storm,2015-07-02,2015,7,Summer,78752,30.331428,-97.703643
Severe Storm,2015-10-08,2015,10,Fall,78752,30.331428,-97.703643
Severe Storm,2015-06-06,2015,6,Summer,78753,30.383591,-97.673349
Severe Storm,2015-06-12,2015,6,Summer,78753,30.383591,-97.673349
Severe Storm,2015-06-16,2015,6,Summer,78753,30.383591,-97.673349
Severe Storm,2015-06-24,2015,6,Summer,78753,30.383591,-97.673349
Severe Storm,2015-07-10,2015,7,Summer,78753,30.383591,-97.673349
Severe Storm,2017-12-06,2017,12,Winter,78753,30.383591,-97.673349
Severe Storm,2015-07-30,2015,7,Summer,78753,30.383591,-97.673349
Severe Storm,2015-09-18,2015,9,Fall,78753,30.383591,-97.673349
Severe Storm,2015-11-13,2015,11,Fall,78753,30.383591,-97.673349
Severe Storm,2015-12-11,2015,12,Winter,78753,30.383591,-97.673349
Severe Storm,2016-01-20,2016,1,Winter,78753,30.383591,-97.673349
Severe Storm,2016-02-25,2016,2,Winter,78753,30.383591,-97.673349
Severe Storm,2016-04-27,2016,4,Spring,78753,30.383591,-97.673349
Severe Storm,2017-12-06,2017,12,Winter,78753,30.383591,-97.673349
Severe Storm,2015-05-30,2015,5,Spring,78752,30.331428,-97.703643
Severe Storm,2015-06-01,2015,6,Summer,78752,30.331428,-97.703643
Severe Storm,2015-06-11,2015,6,Summer,78752,30.331428,-97.703643
Severe Storm,2015-06-24,2015,6,Summer,78752,30.331428,-97.703643
Severe Storm,2015-08-03,2015,8,Summer,78752,30.331428,-97.703643
Severe Storm,2015-08-26,2015,8,Summer,78752,30.331428,-97.703643
Severe Storm,2015-09-30,2015,9,Fall,78752,30.331428,-97.703643
Severe Storm,2015-11-12,2015,11,Fall,78752,30.331428,-97.703643
Severe Storm,2016-12-20,2016,12,Winter,78752,30.331428,-97.703643
Severe Storm,2015-07-24,2015,7,Summer,78753,30.383591,-97.673349
Severe Storm,2015-10-05,2015,10,Fall,78753,30.383591,-97.673349
Severe Storm,2015-11-24,2015,11,Fall,78753,30.383591,-97.673349
Severe Storm,2016-01-13,2016,1,Winter,78753,30.383591,-97.673349
Severe Storm,2018-10-24,2018,10,Fall,78753,30.383591,-97.673349
Severe Storm,2018-11-27,2018,11,Fall,78753,30.383591,-97.673349
Severe Storm,2015-05-31,2015,5,Spring,78752,30.331428,-97.703643
Severe Storm,2015-05-31,2015,5,Spring,78752,30.331428,-97.703643
Severe Storm,2015-05-30,2015,5,Spring,78752,30.331428,-97.703643
Severe Storm,2015-07-10,2015,7,Summer,78752,30.331428,-97.703643
Severe Storm,2015-07-17,2015,7,Summer,78752,30.331428,-97.703643
Severe Storm,2015-07-09,2015,7,Summer,64114,38.957802,-94.598599
Severe Storm,2015-07-16,2015,7,Summer,64114,38.957802,-94.598599
Severe Storm,2015-09-04,2015,9,Fall,64114,38.957802,-94.598599
Severe Storm,2015-10-15,2015,10,Fall,64114,38.957802,-94.598599
Severe Storm,2015-11-10,2015,11,Fall,64114,38.957802,-94.598599
Severe Storm,2015-12-09,2015,12,Winter,64114,38.957802,-94.598599
Severe Storm,2017-01-25,2017,1,Winter,64114,38.957802,-94.598599
Severe Storm,2017-01-27,2017,1,Winter,64114,38.957802,-94.598599
Severe Storm,2015-08-11,2015,8,Summer,68502,40.78401,-96.700404
Severe Storm,2016-04-26,2016,4,Spring,68502,40.78401,-96.700404
Severe Storm,2016-12-13,2016,12,Winter,68502,40.78401,-96.700404
Severe Storm,2016-12-20,2016,12,Winter,68502,40.78401,-96.700404
Severe Storm,2017-01-27,2017,1,Winter,68502,40.78401,-96.700404
Severe Storm,2015-06-26,2015,6,Summer,72211,34.746283,-92.417157
Severe Storm,2016-12-20,2016,12,Winter,72211,34.746283,-92.417157
Severe Storm,2015-07-01,2015,7,Summer,72116,34.800258,-92.245317
Severe Storm,2015-08-10,2015,8,Summer,72116,34.800258,-92.245317
Severe Storm,2015-12-15,2015,12,Winter,72116,34.800258,-92.245317
Flood,2015-10-06,2015,10,Fall,82009,41.383479,-104.853477
Flood,2015-10-28,2015,10,Fall,82009,41.383479,-104.853477
Flood,2016-01-12,2016,1,Winter,82009,41.383479,-104.853477
Flood,2016-03-02,2016,3,Spring,82009,41.383479,-104.853477
Flood,2016-05-04,2016,5,Spring,82009,41.383479,-104.853477
Flood,2017-08-10,2017,8,Summer,82009,41.383479,-104.853477
Flood,2015-10-06,2015,10,Fall,82009,41.383479,-104.853477
Flood,2015-10-20,2015,10,Fall,82009,41.383479,-104.853477
Flood,2015-12-15,2015,12,Winter,82009,41.383479,-104.853477
Flood,2016-01-27,2016,1,Winter,82009,41.383479,-104.853477
Flood,2016-03-02,2016,3,Spring,82009,41.383479,-104.853477
Flood,2016-04-15,2016,4,Spring,82009,41.383479,-104.853477
Flood,2016-11-21,2016,11,Fall,82009,41.383479,-104.853477
Flood,2015-07-10,2015,7,Summer,82009,41.383479,-104.853477
Flood,2015-07-14,2015,7,Summer,82009,41.383479,-104.853477
Flood,2015-08-08,2015,8,Summer,82009,41.383479,-104.853477
Flood,2015-08-13,2015,8,Summer,82009,41.383479,-104.853477
Flood,2015-09-01,2015,9,Fall,82009,41.383479,-104.853477
Flood,2017-08-08,2017,8,Summer,82009,41.383479,-104.853477
Severe Storm,2015-07-21,2015,7,Summer,64114,38.957802,-94.598599
Severe Storm,2015-07-30,2015,7,Summer,64114,38.957802,-94.598599
Severe Storm,2017-04-14,2017,4,Spring,64114,38.957802,-94.598599
Severe Storm,2015-08-28,2015,8,Summer,57501,44.527632,-100.309123
Severe Storm,2016-09-18,2016,9,Fall,57501,44.527632,-100.309123
Severe Storm,2015-08-12,2015,8,Summer,57501,44.527632,-100.309123
Severe Storm,2015-09-21,2015,9,Fall,57501,44.527632,-100.309123
Severe Storm,2015-10-13,2015,10,Fall,57501,44.527632,-100.309123
Severe Storm,2016-07-19,2016,7,Summer,57501,44.527632,-100.309123
Severe Storm,2015-08-05,2015,8,Summer,57501,44.527632,-100.309123
Severe Storm,2015-12-24,2015,12,Winter,57501,44.527632,-100.309123
Severe Storm,2017-05-11,2017,5,Spring,57501,44.527632,-100.309123
Severe Storm,2015-08-05,2015,8,Summer,64114,38.957802,-94.598599
Severe Storm,2017-04-04,2017,4,Spring,64114,38.957802,-94.598599
Flood,2016-01-07,2016,1,Winter,63125,38.519437,-90.292738
Flood,2016-01-10,2016,1,Winter,63125,38.519437,-90.292738
Flood,2016-01-05,2016,1,Winter,63125,38.519437,-90.292738
Flood,2016-04-28,2016,4,Spring,63125,38.519437,-90.292738
Flood,2016-07-20,2016,7,Summer,63125,38.519437,-90.292738
Flood,2016-01-04,2016,1,Winter,63025,38.490856,-90.615725
Flood,2016-01-09,2016,1,Winter,63025,38.490856,-90.615725
Flood,2016-06-01,2016,6,Summer,63025,38.490856,-90.615725
Flood,2016-09-09,2016,9,Fall,63025,38.490856,-90.615725
Flood,2016-01-05,2016,1,Winter,64114,38.957802,-94.598599
Flood,2016-01-20,2016,1,Winter,63125,38.519437,-90.292738
Flood,2016-09-15,2016,9,Fall,63125,38.519437,-90.292738
Flood,2016-01-08,2016,1,Winter,63125,38.519437,-90.292738
Flood,2016-09-15,2016,9,Fall,63125,38.519437,-90.292738
Flood,2016-10-26,2016,10,Fall,63125,38.519437,-90.292738
Flood,2016-01-04,2016,1,Winter,65101,38.49743,-92.133196
Flood,2016-01-10,2016,1,Winter,65101,38.49743,-92.133196
Hurricane,2016-10-06,2016,10,Fall,32809,28.462218,-81.385219
Hurricane,2016-10-08,2016,10,Fall,32809,28.462218,-81.385219
Hurricane,2016-10-08,2016,10,Fall,32809,28.462218,-81.385219
Hurricane,2017-06-22,2017,6,Summer,32809,28.462218,-81.385219
Hurricane,2017-08-21,2017,8,Summer,32809,28.462218,-81.385219
Hurricane,2016-10-08,2016,10,Fall,32827,28.431169,-81.323825
Hurricane,2017-04-23,2017,4,Spring,32827,28.431169,-81.323825
Hurricane,2016-10-07,2016,10,Fall,31098,32.614825,-83.578435
Hurricane,2017-08-16,2017,8,Summer,31098,32.614825,-83.578435
Hurricane,2016-10-07,2016,10,Fall,32824,28.388751,-81.344535
Hurricane,2017-08-16,2017,8,Summer,32824,28.388751,-81.344535
Hurricane,2016-10-08,2016,10,Fall,32114,29.192391,-81.04676
Hurricane,2016-11-09,2016,11,Fall,32114,29.192391,-81.04676
Hurricane,2016-10-07,2016,10,Fall,32399,30.383268,-84.231203
Hurricane,2016-10-08,2016,10,Fall,32399,30.383268,-84.231203
Hurricane,2016-10-07,2016,10,Fall,28307,35.139601999999996,-78.993577
Hurricane,2016-10-08,2016,10,Fall,30341,33.888505,-84.289532
Hurricane,2017-04-25,2017,4,Spring,30341,33.888505,-84.289532
Hurricane,2016-10-10,2016,10,Fall,29170,33.939106,-81.144562
Hurricane,2016-10-08,2016,10,Fall,29201,33.982478,-81.028094
Hurricane,2016-12-13,2016,12,Winter,29201,33.982478,-81.028094
Hurricane,2016-10-10,2016,10,Fall,29201,33.982478,-81.028094
Hurricane,2017-08-30,2017,8,Summer,29201,33.982478,-81.028094
Hurricane,2017-11-21,2017,11,Fall,29201,33.982478,-81.028094
Hurricane,2016-10-09,2016,10,Fall,30341,33.888505,-84.289532
Hurricane,2017-01-09,2017,1,Winter,30341,33.888505,-84.289532
Hurricane,2016-10-07,2016,10,Fall,31705,31.51689,-84.042942
Hurricane,2016-10-14,2016,10,Fall,31705,31.51689,-84.042942
Hurricane,2017-11-03,2017,11,Fall,31705,31.51689,-84.042942
Hurricane,2016-10-08,2016,10,Fall,31098,32.614825,-83.578435
Hurricane,2016-11-09,2016,11,Fall,31098,32.614825,-83.578435
Hurricane,2017-06-12,2017,6,Summer,31098,32.614825,-83.578435
Hurricane,2017-06-15,2017,6,Summer,31098,32.614825,-83.578435
Hurricane,2016-10-08,2016,10,Fall,30813,33.466744,-82.228209
Hurricane,2016-11-07,2016,11,Fall,30813,33.466744,-82.228209
Hurricane,2017-02-24,2017,2,Winter,30813,33.466744,-82.228209
Hurricane,2016-10-09,2016,10,Fall,31409,32.015561,-81.14483
Hurricane,2016-11-09,2016,11,Fall,31409,32.015561,-81.14483
Hurricane,2017-08-17,2017,8,Summer,31409,32.015561,-81.14483
Hurricane,2016-10-08,2016,10,Fall,30341,33.888505,-84.289532
Hurricane,2017-08-23,2017,8,Summer,30341,33.888505,-84.289532
Hurricane,2016-10-08,2016,10,Fall,30083,33.796597,-84.192603
Hurricane,2017-11-30,2017,11,Fall,30083,33.796597,-84.192603
Hurricane,2018-03-20,2018,3,Spring,30083,33.796597,-84.192603
Hurricane,2016-10-07,2016,10,Fall,31524,31.240597,-81.473387
Hurricane,2016-10-10,2016,10,Fall,31524,31.240597,-81.473387
Hurricane,2016-10-14,2016,10,Fall,31524,31.240597,-81.473387
Hurricane,2017-05-23,2017,5,Spring,31524,31.240597,-81.473387
Hurricane,2016-10-08,2016,10,Fall,30341,33.888505,-84.289532
Hurricane,2017-01-09,2017,1,Winter,30341,33.888505,-84.289532
Hurricane,2016-10-10,2016,10,Fall,27560,35.8576,-78.827114
Hurricane,2018-03-28,2018,3,Spring,27560,35.8576,-78.827114
Hurricane,2016-10-09,2016,10,Fall,27607,35.817784,-78.727509
Hurricane,2017-04-28,2017,4,Spring,27607,35.817784,-78.727509
Hurricane,2017-06-22,2017,6,Summer,27607,35.817784,-78.727509
Hurricane,2016-10-09,2016,10,Fall,30341,33.888505,-84.289532
Hurricane,2017-01-09,2017,1,Winter,30341,33.888505,-84.289532
Dam/Levee Break,2017-02-15,2017,2,Winter,95655,38.549228,-121.278598
Dam/Levee Break,2017-02-17,2017,2,Winter,95655,38.549228,-121.278598
Dam/Levee Break,2017-02-23,2017,2,Winter,95655,38.549228,-121.278598
Dam/Levee Break,2017-04-21,2017,4,Spring,95655,38.549228,-121.278598
Dam/Levee Break,2018-07-05,2018,7,Summer,95655,38.549228,-121.278598
Dam/Levee Break,2019-04-11,2019,4,Spring,95655,38.549228,-121.278598
Dam/Levee Break,2019-03-28,2019,3,Spring,95827,38.54836,-121.327497
Dam/Levee Break,2020-02-24,2020,2,Winter,95827,38.54836,-121.327497
Dam/Levee Break,2017-02-15,2017,2,Winter,94607,37.808842,-122.304697
Dam/Levee Break,2018-11-28,2018,11,Fall,94607,37.808842,-122.304697
Dam/Levee Break,2017-02-15,2017,2,Winter,94535,38.270937000000004,-121.937017
Dam/Levee Break,2017-02-23,2017,2,Winter,94535,38.270937000000004,-121.937017
Dam/Levee Break,2017-12-21,2017,12,Winter,94535,38.270937000000004,-121.937017
Dam/Levee Break,2017-02-17,2017,2,Winter,94607,37.808842,-122.304697
Dam/Levee Break,2017-03-03,2017,3,Spring,95655,38.549228,-121.278598
Dam/Levee Break,2017-09-29,2017,9,Fall,95655,38.549228,-121.278598
Dam/Levee Break,2018-11-23,2018,11,Fall,95655,38.549228,-121.278598
Dam/Levee Break,2017-02-25,2017,2,Winter,95655,38.549228,-121.278598
Dam/Levee Break,2017-03-30,2017,3,Spring,95655,38.549228,-121.278598
Dam/Levee Break,2017-02-15,2017,2,Winter,94607,37.808842,-122.304697
Dam/Levee Break,2017-02-18,2017,2,Winter,95655,38.549228,-121.278598
Dam/Levee Break,2017-02-23,2017,2,Winter,95655,38.549228,-121.278598
Dam/Levee Break,2017-03-02,2017,3,Spring,95655,38.549228,-121.278598
Dam/Levee Break,2017-03-13,2017,3,Spring,95655,38.549228,-121.278598
Dam/Levee Break,2017-05-16,2017,5,Spring,95655,38.549228,-121.278598
Dam/Levee Break,2017-03-03,2017,3,Spring,95655,38.549228,-121.278598
Dam/Levee Break,2017-05-16,2017,5,Spring,95655,38.549228,-121.278598
Dam/Levee Break,2018-11-28,2018,11,Fall,95655,38.549228,-121.278598
Dam/Levee Break,2017-02-15,2017,2,Winter,94607,37.808842,-122.304697
Dam/Levee Break,2017-06-29,2017,6,Summer,94607,37.808842,-122.304697
Dam/Levee Break,2017-02-15,2017,2,Winter,94607,37.808842,-122.304697
Dam/Levee Break,2018-06-25,2018,6,Summer,94607,37.808842,-122.304697
Dam/Levee Break,2017-02-15,2017,2,Winter,94607,37.808842,-122.304697
Dam/Levee Break,2018-07-19,2018,7,Summer,94607,37.808842,-122.304697
Dam/Levee Break,2017-02-15,2017,2,Winter,94607,37.808842,-122.304697
Dam/Levee Break,2017-04-21,2017,4,Spring,94607,37.808842,-122.304697
Dam/Levee Break,2017-02-17,2017,2,Winter,95655,38.549228,-121.278598
Dam/Levee Break,2017-05-09,2017,5,Spring,95655,38.549228,-121.278598
Hurricane,2017-08-29,2017,8,Summer,76208,33.208706,-97.05541
Hurricane,2017-09-20,2017,9,Fall,76208,33.208706,-97.05541
Hurricane,2018-04-18,2018,4,Spring,76208,33.208706,-97.05541
Hurricane,2017-08-31,2017,8,Summer,70607,30.038451,-93.190093
Hurricane,2018-04-18,2018,4,Spring,70607,30.038451,-93.190093
Hurricane,2017-08-29,2017,8,Summer,70806,30.448797,-91.124704
Hurricane,2018-04-18,2018,4,Spring,70806,30.448797,-91.124704
Hurricane,2017-08-29,2017,8,Summer,70802,30.445471,-91.17527
Hurricane,2017-12-22,2017,12,Winter,70802,30.445471,-91.17527
Hurricane,2017-08-29,2017,8,Summer,70806,30.448797,-91.124704
Hurricane,2017-09-02,2017,9,Fall,70806,30.448797,-91.124704
Hurricane,2018-03-30,2018,3,Spring,70806,30.448797,-91.124704
Hurricane,2018-04-30,2018,4,Spring,70806,30.448797,-91.124704
Hurricane,2017-09-02,2017,9,Fall,76208,33.208706,-97.05541
Hurricane,2017-09-18,2017,9,Fall,76208,33.208706,-97.05541
Hurricane,2017-09-26,2017,9,Fall,76208,33.208706,-97.05541
Hurricane,2018-04-19,2018,4,Spring,76208,33.208706,-97.05541
Hurricane,2017-09-07,2017,9,Fall,08641,40.027985,-74.587819
Hurricane,2017-09-12,2017,9,Fall,08641,40.027985,-74.587819
Hurricane,2017-09-07,2017,9,Fall,07722,40.287799,-74.166807
Hurricane,2017-09-12,2017,9,Fall,07722,40.287799,-74.166807
Hurricane,2017-09-07,2017,9,Fall,07722,40.287799,-74.166807
Hurricane,2017-09-12,2017,9,Fall,07722,40.287799,-74.166807
Hurricane,2017-09-07,2017,9,Fall,08641,40.027985,-74.587819
Hurricane,2017-09-12,2017,9,Fall,08641,40.027985,-74.587819
Hurricane,2017-09-06,2017,9,Fall,08641,40.027985,-74.587819
Hurricane,2017-09-12,2017,9,Fall,08641,40.027985,-74.587819
Hurricane,2017-09-06,2017,9,Fall,07722,40.287799,-74.166807
Hurricane,2017-09-12,2017,9,Fall,07722,40.287799,-74.166807
Hurricane,2017-09-07,2017,9,Fall,07722,40.287799,-74.166807
Hurricane,2017-09-12,2017,9,Fall,07722,40.287799,-74.166807
Hurricane,2017-09-09,2017,9,Fall,08837,40.514281,-74.343859
Hurricane,2017-09-12,2017,9,Fall,08837,40.514281,-74.343859
Hurricane,2017-09-06,2017,9,Fall,07722,40.287799,-74.166807
Hurricane,2017-09-12,2017,9,Fall,07722,40.287799,-74.166807
Hurricane,2017-09-09,2017,9,Fall,32301,30.427618,-84.257753
Hurricane,2017-09-12,2017,9,Fall,32301,30.427618,-84.257753
Hurricane,2017-09-07,2017,9,Fall,34736,28.599487,-81.862203
Hurricane,2017-09-12,2017,9,Fall,34736,28.599487,-81.862203
Hurricane,2017-09-09,2017,9,Fall,32301,30.427618,-84.257753
Hurricane,2017-09-12,2017,9,Fall,32301,30.427618,-84.257753
Hurricane,2017-09-09,2017,9,Fall,32399,30.383268,-84.231203
Hurricane,2017-09-12,2017,9,Fall,32399,30.383268,-84.231203
Hurricane,2017-09-09,2017,9,Fall,32399,30.383268,-84.231203
Hurricane,2017-09-12,2017,9,Fall,32399,30.383268,-84.231203
Hurricane,2017-09-09,2017,9,Fall,32399,30.383268,-84.231203
Hurricane,2017-09-10,2017,9,Fall,32399,30.383268,-84.231203
Hurricane,2017-09-12,2017,9,Fall,32399,30.383268,-84.231203
Hurricane,2017-09-09,2017,9,Fall,32399,30.383268,-84.231203
Hurricane,2017-09-12,2017,9,Fall,32399,30.383268,-84.231203
Hurricane,2017-09-09,2017,9,Fall,32399,30.383268,-84.231203
Hurricane,2017-09-12,2017,9,Fall,32399,30.383268,-84.231203
Hurricane,2017-09-09,2017,9,Fall,32399,30.383268,-84.231203
Hurricane,2017-09-12,2017,9,Fall,32399,30.383268,-84.231203
Hurricane,2017-09-09,2017,9,Fall,32399,30.383268,-84.231203
Hurricane,2017-09-12,2017,9,Fall,32399,30.383268,-84.231203
Hurricane,2017-09-10,2017,9,Fall,32399,30.383268,-84.231203
Hurricane,2017-09-12,2017,9,Fall,32399,30.383268,-84.231203
Hurricane,2017-09-07,2017,9,Fall,32399,30.383268,-84.231203
Hurricane,2017-09-21,2017,9,Fall,32399,30.383268,-84.231203
Hurricane,2017-09-10,2017,9,Fall,32091,29.933025,-82.113403
Hurricane,2017-09-11,2017,9,Fall,32091,29.933025,-82.113403
Hurricane,2017-09-07,2017,9,Fall,30341,33.888505,-84.289532
Hurricane,2017-09-12,2017,9,Fall,30341,33.888505,-84.289532
Hurricane,2017-09-09,2017,9,Fall,32301,30.427618,-84.257753
Hurricane,2017-09-12,2017,9,Fall,32301,30.427618,-84.257753
Hurricane,2017-09-09,2017,9,Fall,32301,30.427618,-84.257753
Hurricane,2017-09-12,2017,9,Fall,32301,30.427618,-84.257753
Hurricane,2017-09-09,2017,9,Fall,32301,30.427618,-84.257753
Hurricane,2017-09-12,2017,9,Fall,32301,30.427618,-84.257753
Hurricane,2017-09-09,2017,9,Fall,33037,25.225842,-80.414337
Hurricane,2017-09-12,2017,9,Fall,33037,25.225842,-80.414337
Hurricane,2017-09-09,2017,9,Fall,33039,25.497969,-80.398172
Hurricane,2017-09-12,2017,9,Fall,33039,25.497969,-80.398172
Hurricane,2017-09-09,2017,9,Fall,33040,24.54461,-81.921737
Hurricane,2017-09-12,2017,9,Fall,33040,24.54461,-81.921737
Hurricane,2017-09-10,2017,9,Fall,32301,30.427618,-84.257753
Hurricane,2017-09-10,2017,9,Fall,32301,30.427618,-84.257753
Hurricane,2017-09-10,2017,9,Fall,32301,30.427618,-84.257753
Hurricane,2017-09-10,2017,9,Fall,32301,30.427618,-84.257753
Hurricane,2017-09-10,2017,9,Fall,32301,30.427618,-84.257753
Hurricane,2017-09-12,2017,9,Fall,32301,30.427618,-84.257753
Hurricane,2017-09-12,2017,9,Fall,32301,30.427618,-84.257753
Hurricane,2017-09-18,2017,9,Fall,32301,30.427618,-84.257753
Hurricane,2017-09-09,2017,9,Fall,32301,30.427618,-84.257753
Hurricane,2017-09-12,2017,9,Fall,32301,30.427618,-84.257753
Hurricane,2017-09-08,2017,9,Fall,32304,30.451991,-84.352792
Hurricane,2017-09-09,2017,9,Fall,32304,30.451991,-84.352792
Hurricane,2017-09-12,2017,9,Fall,32304,30.451991,-84.352792
Hurricane,2017-09-08,2017,9,Fall,32304,30.451991,-84.352792
Hurricane,2017-09-12,2017,9,Fall,32304,30.451991,-84.352792
Hurricane,2017-09-08,2017,9,Fall,32304,30.451991,-84.352792
Hurricane,2017-09-12,2017,9,Fall,32304,30.451991,-84.352792
Hurricane,2017-09-09,2017,9,Fall,32301,30.427618,-84.257753
Hurricane,2017-09-18,2017,9,Fall,32301,30.427618,-84.257753
Hurricane,2017-09-09,2017,9,Fall,32301,30.427618,-84.257753
Hurricane,2017-09-12,2017,9,Fall,32301,30.427618,-84.257753
Hurricane,2017-09-08,2017,9,Fall,32399,30.383268,-84.231203
Hurricane,2017-09-12,2017,9,Fall,32399,30.383268,-84.231203
Hurricane,2017-09-08,2017,9,Fall,29172,33.905765,-81.075502
Hurricane,2018-07-03,2018,7,Summer,29172,33.905765,-81.075502
Hurricane,2019-05-28,2019,5,Spring,29172,33.905765,-81.075502
Hurricane,2017-09-10,2017,9,Fall,30297,33.614988,-84.371672
Hurricane,2017-09-17,2017,9,Fall,30297,33.614988,-84.371672
Hurricane,2017-09-12,2017,9,Fall,31015,31.943011,-83.778608
Hurricane,2017-09-17,2017,9,Fall,31015,31.943011,-83.778608
Hurricane,2017-09-09,2017,9,Fall,30341,33.888505,-84.289532
Hurricane,2017-09-17,2017,9,Fall,30341,33.888505,-84.289532
Hurricane,2017-09-10,2017,9,Fall,31699,30.969613,-83.194305
Hurricane,2017-09-17,2017,9,Fall,31699,30.969613,-83.194305
Hurricane,2017-09-10,2017,9,Fall,30067,33.934278,-84.462185
Hurricane,2017-09-12,2017,9,Fall,30067,33.934278,-84.462185
Hurricane,2017-09-16,2017,9,Fall,32399,30.383268,-84.231203
Hurricane,2017-09-18,2017,9,Fall,32399,30.383268,-84.231203
Hurricane,2017-09-15,2017,9,Fall,33021,26.02313,-80.186539
Hurricane,2017-10-23,2017,10,Fall,33021,26.02313,-80.186539
Hurricane,2017-09-20,2017,9,Fall,20024,38.870543,-77.026826
Hurricane,2017-09-26,2017,9,Fall,20024,38.870543,-77.026826
Hurricane,2017-09-21,2017,9,Fall,30337,33.640147,-84.450081
Hurricane,2017-09-27,2017,9,Fall,30337,33.640147,-84.450081
Hurricane,2017-09-19,2017,9,Fall,07722,40.287799,-74.166807
Hurricane,2017-09-25,2017,9,Fall,07722,40.287799,-74.166807
Hurricane,2017-09-19,2017,9,Fall,28307,35.139601999999996,-78.993577
Hurricane,2017-09-25,2017,9,Fall,28307,35.139601999999996,-78.993577
Hurricane,2017-09-19,2017,9,Fall,32209,30.361015,-81.696254
Hurricane,2017-09-22,2017,9,Fall,32209,30.361015,-81.696254
Hurricane,2017-09-20,2017,9,Fall,20147,39.041947,-77.47813
Hurricane,2017-09-27,2017,9,Fall,20147,39.041947,-77.47813
Hurricane,2020-07-06,2020,7,Summer,20147,39.041947,-77.47813
Hurricane,2017-10-07,2017,10,Fall,76209,33.2315,-97.109986
Hurricane,2018-02-08,2018,2,Winter,76209,33.2315,-97.109986
Hurricane,2017-10-07,2017,10,Fall,76209,33.2315,-97.109986
Hurricane,2018-01-11,2018,1,Winter,76209,33.2315,-97.109986
Hurricane,2017-10-07,2017,10,Fall,76209,33.2315,-97.109986
Hurricane,2017-10-08,2017,10,Fall,76209,33.2315,-97.109986
Hurricane,2018-09-21,2018,9,Fall,76209,33.2315,-97.109986
Hurricane,2017-10-07,2017,10,Fall,76209,33.2315,-97.109986
Hurricane,2019-03-25,2019,3,Spring,76209,33.2315,-97.109986
Hurricane,2019-06-18,2019,6,Summer,76209,33.2315,-97.109986
Hurricane,2019-12-12,2019,12,Winter,76209,33.2315,-97.109986
Hurricane,2017-10-07,2017,10,Fall,70814,30.485018,-91.061669
Hurricane,2017-10-18,2017,10,Fall,70814,30.485018,-91.061669
Hurricane,2019-03-25,2019,3,Spring,70814,30.485018,-91.061669
Hurricane,2017-10-07,2017,10,Fall,76209,33.2315,-97.109986
Hurricane,2017-10-08,2017,10,Fall,76209,33.2315,-97.109986
Hurricane,2018-06-06,2018,6,Summer,76209,33.2315,-97.109986
Hurricane,2017-10-07,2017,10,Fall,71111,32.574458,-93.696292
Hurricane,2017-10-10,2017,10,Fall,71111,32.574458,-93.696292
Hurricane,2019-03-12,2019,3,Spring,71111,32.574458,-93.696292
Hurricane,2019-12-12,2019,12,Winter,71111,32.574458,-93.696292
Hurricane,2020-07-10,2020,7,Summer,71111,32.574458,-93.696292
Hurricane,2017-10-07,2017,10,Fall,76209,33.2315,-97.109986
Hurricane,2018-04-19,2018,4,Spring,76209,33.2315,-97.109986
Hurricane,2018-04-24,2018,4,Spring,76209,33.2315,-97.109986
Fire,2017-12-09,2017,12,Winter,95655,38.549228,-121.278598
Fire,2017-12-10,2017,12,Winter,95655,38.549228,-121.278598
Fire,2017-12-14,2017,12,Winter,95655,38.549228,-121.278598
Fire,2018-05-08,2018,5,Spring,95655,38.549228,-121.278598
Fire,2018-08-30,2018,8,Summer,95655,38.549228,-121.278598
Fire,2018-10-18,2018,10,Fall,95655,38.549228,-121.278598
Fire,2017-12-09,2017,12,Winter,95655,38.549228,-121.278598
Fire,2019-02-26,2019,2,Winter,95655,38.549228,-121.278598
Fire,2017-12-09,2017,12,Winter,95655,38.549228,-121.278598
Fire,2019-02-26,2019,2,Winter,95655,38.549228,-121.278598
Fire,2017-12-10,2017,12,Winter,95655,38.549228,-121.278598
Fire,2017-12-18,2017,12,Winter,95655,38.549228,-121.278598
Fire,2019-08-12,2019,8,Summer,95655,38.549228,-121.278598
Fire,2017-12-09,2017,12,Winter,95655,38.549228,-121.278598
Fire,2018-01-04,2018,1,Winter,95655,38.549228,-121.278598
Fire,2019-08-21,2019,8,Summer,95655,38.549228,-121.278598
Fire,2017-12-15,2017,12,Winter,95655,38.549228,-121.278598
Fire,2018-02-06,2018,2,Winter,95655,38.549228,-121.278598
Fire,2020-02-28,2020,2,Winter,95655,38.549228,-121.278598
Fire,2017-12-09,2017,12,Winter,95655,38.549228,-121.278598
Fire,2019-05-08,2019,5,Spring,95655,38.549228,-121.278598
Fire,2017-12-09,2017,12,Winter,95655,38.549228,-121.278598
Fire,2018-11-28,2018,11,Fall,95655,38.549228,-121.278598
Fire,2017-12-09,2017,12,Winter,95655,38.549228,-121.278598
Fire,2017-12-11,2017,12,Winter,95655,38.549228,-121.278598
Fire,2017-12-11,2017,12,Winter,95655,38.549228,-121.278598
Fire,2018-10-05,2018,10,Fall,95655,38.549228,-121.278598
Fire,2017-12-11,2017,12,Winter,95655,38.549228,-121.278598
Fire,2018-07-25,2018,7,Summer,95655,38.549228,-121.278598
Fire,2017-12-13,2017,12,Winter,95655,38.549228,-121.278598
Fire,2017-12-21,2017,12,Winter,95655,38.549228,-121.278598
Fire,2017-12-09,2017,12,Winter,95655,38.549228,-121.278598
Fire,2017-12-09,2017,12,Winter,95655,38.549228,-121.278598
Fire,2018-10-18,2018,10,Fall,95655,38.549228,-121.278598
Fire,2017-12-09,2017,12,Winter,95655,38.549228,-121.278598
Fire,2019-08-21,2019,8,Summer,95655,38.549228,-121.278598
Fire,2017-12-09,2017,12,Winter,95655,38.549228,-121.278598
Fire,2017-12-18,2017,12,Winter,95655,38.549228,-121.278598
Fire,2019-08-22,2019,8,Summer,95655,38.549228,-121.278598
Fire,2018-07-31,2018,7,Summer,95655,38.549228,-121.278598
Fire,2019-04-29,2019,4,Spring,95655,38.549228,-121.278598
Fire,2018-07-31,2018,7,Summer,95655,38.549228,-121.278598
Fire,2018-10-18,2018,10,Fall,95655,38.549228,-121.278598
Fire,2018-07-31,2018,7,Summer,95655,38.549228,-121.278598
Fire,2019-02-26,2019,2,Winter,95655,38.549228,-121.278598
Fire,2020-01-24,2020,1,Winter,95655,38.549228,-121.278598
Fire,2018-07-31,2018,7,Summer,95655,38.549228,-121.278598
Fire,2020-02-24,2020,2,Winter,95655,38.549228,-121.278598
Fire,2018-07-31,2018,7,Summer,95655,38.549228,-121.278598
Fire,2019-08-22,2019,8,Summer,95655,38.549228,-121.278598
Fire,2018-08-01,2018,8,Summer,95655,38.549228,-121.278598
Fire,2019-08-22,2019,8,Summer,95655,38.549228,-121.278598
Fire,2018-07-31,2018,7,Summer,95655,38.549228,-121.278598
Fire,2019-02-26,2019,2,Winter,95655,38.549228,-121.278598
Fire,2020-06-23,2020,6,Summer,95655,38.549228,-121.278598
Fire,2018-07-31,2018,7,Summer,95655,38.549228,-121.278598
Fire,2020-02-28,2020,2,Winter,95655,38.549228,-121.278598
Fire,2018-07-31,2018,7,Summer,95655,38.549228,-121.278598
Typhoon,2016-04-01,2016,4,Spring,94607,37.808842,-122.304697
Typhoon,2016-04-27,2016,4,Spring,94607,37.808842,-122.304697
Typhoon,2015-08-06,2015,8,Summer,94607,37.808842,-122.304697
Typhoon,2015-10-28,2015,10,Fall,94607,37.808842,-122.304697
Typhoon,2015-08-06,2015,8,Summer,94607,37.808842,-122.304697
Typhoon,2016-09-27,2016,9,Fall,94607,37.808842,-122.304697
Typhoon,2015-08-06,2015,8,Summer,94607,37.808842,-122.304697
Typhoon,2015-08-14,2015,8,Summer,94607,37.808842,-122.304697
Typhoon,2015-08-26,2015,8,Summer,94607,37.808842,-122.304697
Severe Storm,2015-09-09,2015,9,Fall,57747,43.37376,-103.519145
Severe Storm,2015-09-11,2015,9,Fall,57747,43.37376,-103.519145
Severe Storm,2016-09-26,2016,9,Fall,57747,43.37376,-103.519145
Severe Storm,2015-10-02,2015,10,Fall,57747,43.37376,-103.519145
Severe Storm,2015-11-24,2015,11,Fall,57747,43.37376,-103.519145
Severe Storm,2016-01-13,2016,1,Winter,57747,43.37376,-103.519145
Severe Storm,2016-02-25,2016,2,Winter,57747,43.37376,-103.519145
Severe Storm,2017-01-24,2017,1,Winter,57747,43.37376,-103.519145
Severe Storm,2015-10-27,2015,10,Fall,57747,43.37376,-103.519145
Severe Storm,2016-01-15,2016,1,Winter,57747,43.37376,-103.519145
Severe Storm,2017-01-24,2017,1,Winter,57747,43.37376,-103.519145
Severe Storm,2015-10-27,2015,10,Fall,57747,43.37376,-103.519145
Severe Storm,2016-05-02,2016,5,Spring,57747,43.37376,-103.519145
Severe Storm,2016-06-22,2016,6,Summer,57747,43.37376,-103.519145
Severe Storm,2017-05-03,2017,5,Spring,57747,43.37376,-103.519145
Severe Storm,2015-09-12,2015,9,Fall,57769,44.245301,-103.288634
Severe Storm,2015-10-08,2015,10,Fall,57769,44.245301,-103.288634
Severe Storm,2015-10-14,2015,10,Fall,57769,44.245301,-103.288634
Severe Storm,2015-11-06,2015,11,Fall,57769,44.245301,-103.288634
Severe Storm,2015-12-14,2015,12,Winter,57769,44.245301,-103.288634
Severe Storm,2016-01-09,2016,1,Winter,57769,44.245301,-103.288634
Severe Storm,2016-06-11,2016,6,Summer,57769,44.245301,-103.288634
Severe Storm,2016-10-06,2016,10,Fall,57769,44.245301,-103.288634
Severe Storm,2016-10-06,2016,10,Fall,57769,44.245301,-103.288634
Severe Storm,2015-12-18,2015,12,Winter,57747,43.37376,-103.519145
Severe Storm,2016-04-01,2016,4,Spring,57747,43.37376,-103.519145
Severe Storm,2017-04-07,2017,4,Spring,57747,43.37376,-103.519145
Severe Storm,2015-09-05,2015,9,Fall,57747,43.37376,-103.519145
Severe Storm,2016-05-27,2016,5,Spring,57747,43.37376,-103.519145
Severe Storm,2015-08-11,2015,8,Summer,57747,43.37376,-103.519145
Severe Storm,2015-08-25,2015,8,Summer,57747,43.37376,-103.519145
Severe Storm,2015-09-17,2015,9,Fall,57747,43.37376,-103.519145
Severe Storm,2015-10-15,2015,10,Fall,57747,43.37376,-103.519145
Severe Storm,2015-12-01,2015,12,Winter,57747,43.37376,-103.519145
Severe Storm,2016-02-22,2016,2,Winter,57747,43.37376,-103.519145
Severe Storm,2016-04-27,2016,4,Spring,57747,43.37376,-103.519145
Severe Storm,2016-06-21,2016,6,Summer,57747,43.37376,-103.519145
Severe Storm,2016-06-28,2016,6,Summer,57747,43.37376,-103.519145
Severe Storm,2018-07-31,2018,7,Summer,57747,43.37376,-103.519145
Severe Storm,2015-08-11,2015,8,Summer,57747,43.37376,-103.519145
Severe Storm,2015-10-27,2015,10,Fall,57747,43.37376,-103.519145
Severe Storm,2015-12-28,2015,12,Winter,57747,43.37376,-103.519145
Severe Storm,2016-03-14,2016,3,Spring,57747,43.37376,-103.519145
Severe Storm,2017-05-11,2017,5,Spring,57747,43.37376,-103.519145
Severe Storm,2017-08-08,2017,8,Summer,57747,43.37376,-103.519145
Severe Storm,2015-11-04,2015,11,Fall,57747,43.37376,-103.519145
Severe Storm,2016-05-02,2016,5,Spring,57747,43.37376,-103.519145
Severe Storm,2016-06-22,2016,6,Summer,57747,43.37376,-103.519145
Severe Storm,2017-09-29,2017,9,Fall,57747,43.37376,-103.519145
Severe Storm,2015-08-12,2015,8,Summer,64114,38.957802,-94.598599
Severe Storm,2016-04-28,2016,4,Spring,64114,38.957802,-94.598599
Severe Storm,2016-09-20,2016,9,Fall,64114,38.957802,-94.598599
Severe Storm,2017-04-14,2017,4,Spring,64114,38.957802,-94.598599
Severe Storm,2017-04-19,2017,4,Spring,64114,38.957802,-94.598599
Severe Storm,2017-04-27,2017,4,Spring,64114,38.957802,-94.598599
Severe Storm,2015-08-21,2015,8,Summer,64114,38.957802,-94.598599
Severe Storm,2015-10-20,2015,10,Fall,64114,38.957802,-94.598599
Severe Storm,2015-11-24,2015,11,Fall,64114,38.957802,-94.598599
Severe Storm,2016-07-22,2016,7,Summer,64114,38.957802,-94.598599
Severe Storm,2015-12-18,2015,12,Winter,65101,38.49743,-92.133196
Severe Storm,2016-03-04,2016,3,Spring,65101,38.49743,-92.133196
Severe Storm,2016-07-22,2016,7,Summer,65101,38.49743,-92.133196
Severe Storm,2016-10-25,2016,10,Fall,65101,38.49743,-92.133196
Fire,2015-09-28,2015,9,Fall,95655,38.549228,-121.278598
Fire,2015-10-09,2015,10,Fall,95655,38.549228,-121.278598
Fire,2015-10-26,2015,10,Fall,95655,38.549228,-121.278598
Fire,2015-11-13,2015,11,Fall,95655,38.549228,-121.278598
Fire,2015-11-27,2015,11,Fall,95655,38.549228,-121.278598
Fire,2016-06-10,2016,6,Summer,95655,38.549228,-121.278598
Fire,2015-09-29,2015,9,Fall,95655,38.549228,-121.278598
Fire,2015-10-26,2015,10,Fall,95655,38.549228,-121.278598
Fire,2015-11-12,2015,11,Fall,95655,38.549228,-121.278598
Fire,2015-12-01,2015,12,Winter,95655,38.549228,-121.278598
Fire,2015-12-18,2015,12,Winter,95655,38.549228,-121.278598
Fire,2016-06-09,2016,6,Summer,95655,38.549228,-121.278598
Fire,2017-07-17,2017,7,Summer,95655,38.549228,-121.278598
Fire,2015-10-02,2015,10,Fall,95826,38.543848,-121.378284
Fire,2015-10-29,2015,10,Fall,95826,38.543848,-121.378284
Fire,2015-11-12,2015,11,Fall,95826,38.543848,-121.378284
Fire,2016-03-23,2016,3,Spring,95826,38.543848,-121.378284
Fire,2015-10-08,2015,10,Fall,95826,38.543848,-121.378284
Fire,2016-03-23,2016,3,Spring,95826,38.543848,-121.378284
Fire,2015-10-20,2015,10,Fall,95826,38.543848,-121.378284
Fire,2016-01-28,2016,1,Winter,95826,38.543848,-121.378284
Fire,2017-04-24,2017,4,Spring,95826,38.543848,-121.378284
Fire,2015-10-20,2015,10,Fall,95826,38.543848,-121.378284
Fire,2016-10-26,2016,10,Fall,95826,38.543848,-121.378284
Fire,2015-11-13,2015,11,Fall,95826,38.543848,-121.378284
Fire,2016-01-12,2016,1,Winter,95826,38.543848,-121.378284
Fire,2016-10-31,2016,10,Fall,95826,38.543848,-121.378284
Fire,2015-10-20,2015,10,Fall,95826,38.543848,-121.378284
Fire,2016-01-14,2016,1,Winter,95826,38.543848,-121.378284
Fire,2016-01-28,2016,1,Winter,95826,38.543848,-121.378284
Fire,2016-09-21,2016,9,Fall,95826,38.543848,-121.378284
Fire,2017-08-22,2017,8,Summer,95826,38.543848,-121.378284
Fire,2015-10-01,2015,10,Fall,95655,38.549228,-121.278598
Fire,2015-10-26,2015,10,Fall,95655,38.549228,-121.278598
Fire,2015-11-06,2015,11,Fall,95655,38.549228,-121.278598
Fire,2017-01-11,2017,1,Winter,95655,38.549228,-121.278598
Fire,2015-10-02,2015,10,Fall,95655,38.549228,-121.278598
Fire,2015-10-26,2015,10,Fall,95655,38.549228,-121.278598
Fire,2015-10-30,2015,10,Fall,95655,38.549228,-121.278598
Fire,2015-11-06,2015,11,Fall,95655,38.549228,-121.278598
Fire,2017-01-11,2017,1,Winter,95655,38.549228,-121.278598
Fire,2018-07-25,2018,7,Summer,95655,38.549228,-121.278598
Fire,2019-02-26,2019,2,Winter,95655,38.549228,-121.278598
Fire,2015-09-27,2015,9,Fall,95655,38.549228,-121.278598
Fire,2015-10-02,2015,10,Fall,95655,38.549228,-121.278598
Fire,2015-10-06,2015,10,Fall,95655,38.549228,-121.278598
Fire,2015-10-06,2015,10,Fall,95655,38.549228,-121.278598
Fire,2015-10-22,2015,10,Fall,95655,38.549228,-121.278598
Fire,2016-03-23,2016,3,Spring,95655,38.549228,-121.278598
Fire,2015-09-23,2015,9,Fall,95655,38.549228,-121.278598
Fire,2015-10-19,2015,10,Fall,95655,38.549228,-121.278598
Fire,2018-07-19,2018,7,Summer,95655,38.549228,-121.278598
Fire,2018-07-25,2018,7,Summer,95655,38.549228,-121.278598
Fire,2015-09-27,2015,9,Fall,95655,38.549228,-121.278598
Fire,2015-10-02,2015,10,Fall,95655,38.549228,-121.278598
Fire,2015-10-06,2015,10,Fall,95655,38.549228,-121.278598
Fire,2016-07-20,2016,7,Summer,95655,38.549228,-121.278598
Fire,2015-10-06,2015,10,Fall,95826,38.543848,-121.378284
Fire,2015-10-23,2015,10,Fall,95826,38.543848,-121.378284
Fire,2016-01-21,2016,1,Winter,95826,38.543848,-121.378284
Fire,2016-03-17,2016,3,Spring,95826,38.543848,-121.378284
Fire,2015-10-24,2015,10,Fall,95826,38.543848,-121.378284
Fire,2016-01-28,2016,1,Winter,95826,38.543848,-121.378284
Fire,2016-03-31,2016,3,Spring,95826,38.543848,-121.378284
Fire,2016-04-07,2016,4,Spring,95826,38.543848,-121.378284
Fire,2016-10-26,2016,10,Fall,95826,38.543848,-121.378284
Fire,2017-04-24,2017,4,Spring,95826,38.543848,-121.378284
Flood,2015-11-10,2015,11,Fall,29016,34.204016,-80.992765
Flood,2016-08-03,2016,8,Summer,29016,34.204016,-80.992765
Flood,2015-10-15,2015,10,Fall,29016,34.204016,-80.992765
Flood,2015-10-30,2015,10,Fall,29016,34.204016,-80.992765
Flood,2015-12-14,2015,12,Winter,29016,34.204016,-80.992765
Flood,2016-02-05,2016,2,Winter,29016,34.204016,-80.992765
Flood,2016-12-14,2016,12,Winter,29016,34.204016,-80.992765
Flood,2015-10-07,2015,10,Fall,29172,33.905765,-81.075502
Flood,2015-10-11,2015,10,Fall,29172,33.905765,-81.075502
Flood,2015-10-16,2015,10,Fall,29172,33.905765,-81.075502
Flood,2015-10-17,2015,10,Fall,29172,33.905765,-81.075502
Flood,2016-02-17,2016,2,Winter,29172,33.905765,-81.075502
Flood,2015-10-17,2015,10,Fall,29016,34.204016,-80.992765
Flood,2015-12-14,2015,12,Winter,29016,34.204016,-80.992765
Flood,2016-02-03,2016,2,Winter,29016,34.204016,-80.992765
Flood,2016-06-15,2016,6,Summer,29016,34.204016,-80.992765
Flood,2017-03-03,2017,3,Spring,29016,34.204016,-80.992765
Flood,2017-07-07,2017,7,Summer,29016,34.204016,-80.992765
Flood,2015-10-07,2015,10,Fall,29201,33.982478,-81.028094
Flood,2015-10-13,2015,10,Fall,29201,33.982478,-81.028094
Flood,2016-02-16,2016,2,Winter,29201,33.982478,-81.028094
Flood,2015-10-06,2015,10,Fall,29483,33.030187,-80.233763
Flood,2015-10-15,2015,10,Fall,29201,33.982478,-81.028094
Flood,2017-06-06,2017,6,Summer,29201,33.982478,-81.028094
Flood,2015-10-15,2015,10,Fall,29016,34.204016,-80.992765
Flood,2015-10-19,2015,10,Fall,29016,34.204016,-80.992765
Flood,2015-10-24,2015,10,Fall,29016,34.204016,-80.992765
Flood,2017-01-04,2017,1,Winter,29016,34.204016,-80.992765
Fire,2015-10-23,2015,10,Fall,98021,47.792571,-122.208429
Fire,2015-12-07,2015,12,Winter,98021,47.792571,-122.208429
Fire,2016-01-22,2016,1,Winter,98021,47.792571,-122.208429
Fire,2016-04-28,2016,4,Spring,98021,47.792571,-122.208429
Severe Storm,2015-12-01,2015,12,Winter,78753,30.383591,-97.673349
Severe Storm,2017-10-25,2017,10,Fall,78753,30.383591,-97.673349
Severe Storm,2016-01-26,2016,1,Winter,38655,34.329772,-89.487118
Severe Storm,2016-03-29,2016,3,Spring,38655,34.329772,-89.487118
Severe Storm,2016-05-13,2016,5,Spring,38655,34.329772,-89.487118
Severe Storm,2016-08-11,2016,8,Summer,38655,34.329772,-89.487118
Severe Storm,2016-10-25,2016,10,Fall,38655,34.329772,-89.487118
Severe Storm,2016-02-06,2016,2,Winter,98327,47.106258,-122.661608
Severe Storm,2016-02-19,2016,2,Winter,98327,47.106258,-122.661608
Severe Storm,2016-07-12,2016,7,Summer,98327,47.106258,-122.661608
Severe Storm,2016-01-25,2016,1,Winter,98327,47.106258,-122.661608
Severe Storm,2016-12-30,2016,12,Winter,98327,47.106258,-122.661608
Severe Storm,2017-01-31,2017,1,Winter,98327,47.106258,-122.661608
Severe Storm,2017-09-28,2017,9,Fall,98327,47.106258,-122.661608
Flood,2016-02-01,2016,2,Winter,63125,38.519437,-90.292738
Flood,2016-02-03,2016,2,Winter,63125,38.519437,-90.292738
Flood,2016-02-04,2016,2,Winter,63125,38.519437,-90.292738
Flood,2016-03-07,2016,3,Spring,63125,38.519437,-90.292738
Flood,2016-04-04,2016,4,Spring,63125,38.519437,-90.292738
Flood,2016-09-23,2016,9,Fall,63125,38.519437,-90.292738
Flood,2016-04-05,2016,4,Spring,65101,38.49743,-92.133196
Flood,2016-06-28,2016,6,Summer,63042,38.781326,-90.37908
Flood,2016-08-03,2016,8,Summer,63042,38.781326,-90.37908
Flood,2016-09-06,2016,9,Fall,63042,38.781326,-90.37908
Flood,2016-10-04,2016,10,Fall,65109,38.573482,-92.276821
Flood,2017-07-03,2017,7,Summer,65109,38.573482,-92.276821
Flood,2016-01-26,2016,1,Winter,65101,38.49743,-92.133196
Flood,2016-02-23,2016,2,Winter,65101,38.49743,-92.133196
Flood,2016-03-30,2016,3,Spring,65101,38.49743,-92.133196
Flood,2016-04-22,2016,4,Spring,65101,38.49743,-92.133196
Flood,2016-08-17,2016,8,Summer,65101,38.49743,-92.133196
Flood,2016-02-25,2016,2,Winter,65101,38.49743,-92.133196
Flood,2016-07-27,2016,7,Summer,65109,38.573482,-92.276821
Flood,2016-09-12,2016,9,Fall,65109,38.573482,-92.276821
Flood,2017-04-04,2017,4,Spring,65109,38.573482,-92.276821
Flood,2017-04-07,2017,4,Spring,65109,38.573482,-92.276821
Flood,2017-04-27,2017,4,Spring,65109,38.573482,-92.276821
Flood,2017-06-29,2017,6,Summer,65109,38.573482,-92.276821
Severe Storm,2016-02-18,2016,2,Winter,72116,34.800258,-92.245317
Severe Storm,2016-04-12,2016,4,Spring,72116,34.800258,-92.245317
Severe Storm,2017-06-12,2017,6,Summer,72116,34.800258,-92.245317
Severe Storm,2016-02-18,2016,2,Winter,72116,34.800258,-92.245317
Severe Storm,2016-02-25,2016,2,Winter,72116,34.800258,-92.245317
Severe Storm,2016-03-09,2016,3,Spring,72116,34.800258,-92.245317
Severe Storm,2016-05-04,2016,5,Spring,72116,34.800258,-92.245317
Severe Storm,2017-03-28,2017,3,Spring,72116,34.800258,-92.245317
Severe Storm,2016-02-08,2016,2,Winter,72199,34.828288,-92.290419
Severe Storm,2016-12-20,2016,12,Winter,72199,34.828288,-92.290419
Severe Storm,2016-02-09,2016,2,Winter,72119,34.836907,-92.295044
Severe Storm,2016-03-08,2016,3,Spring,72119,34.836907,-92.295044
Severe Storm,2016-09-02,2016,9,Fall,72119,34.836907,-92.295044
Severe Storm,2016-02-10,2016,2,Winter,78753,30.383591,-97.673349
Severe Storm,2016-09-22,2016,9,Fall,78753,30.383591,-97.673349
Flood,2016-03-14,2016,3,Spring,70802,30.445471,-91.17527
Flood,2016-03-17,2016,3,Spring,70802,30.445471,-91.17527
Flood,2016-04-01,2016,4,Spring,70802,30.445471,-91.17527
Flood,2016-04-15,2016,4,Spring,70802,30.445471,-91.17527
Flood,2016-05-10,2016,5,Spring,70802,30.445471,-91.17527
Flood,2016-09-20,2016,9,Fall,70802,30.445471,-91.17527
Flood,2016-03-19,2016,3,Spring,70802,30.445471,-91.17527
Flood,2016-04-15,2016,4,Spring,70802,30.445471,-91.17527
Flood,2016-08-04,2016,8,Summer,70802,30.445471,-91.17527
Flood,2016-04-21,2016,4,Spring,70802,30.445471,-91.17527
Flood,2016-05-11,2016,5,Spring,70802,30.445471,-91.17527
Flood,2017-03-22,2017,3,Spring,70802,30.445471,-91.17527
Flood,2016-04-25,2016,4,Spring,70802,30.445471,-91.17527
Flood,2016-07-01,2016,7,Summer,70802,30.445471,-91.17527
Flood,2017-04-10,2017,4,Spring,70802,30.445471,-91.17527
Flood,2016-05-11,2016,5,Spring,70802,30.445471,-91.17527
Flood,2016-06-14,2016,6,Summer,70802,30.445471,-91.17527
Flood,2016-07-18,2016,7,Summer,70802,30.445471,-91.17527
Flood,2016-09-08,2016,9,Fall,70802,30.445471,-91.17527
Flood,2016-10-11,2016,10,Fall,70802,30.445471,-91.17527
Flood,2017-03-22,2017,3,Spring,70802,30.445471,-91.17527
Flood,2017-03-30,2017,3,Spring,70802,30.445471,-91.17527
Flood,2016-03-20,2016,3,Spring,70802,30.445471,-91.17527
Flood,2016-03-31,2016,3,Spring,70802,30.445471,-91.17527
Flood,2016-04-15,2016,4,Spring,70802,30.445471,-91.17527
Flood,2016-05-12,2016,5,Spring,70802,30.445471,-91.17527
Flood,2017-12-18,2017,12,Winter,70802,30.445471,-91.17527
Flood,2016-03-31,2016,3,Spring,70802,30.445471,-91.17527
Flood,2016-04-15,2016,4,Spring,70802,30.445471,-91.17527
Flood,2016-04-18,2016,4,Spring,70802,30.445471,-91.17527
Flood,2016-04-11,2016,4,Spring,70802,30.445471,-91.17527
Flood,2016-04-15,2016,4,Spring,70802,30.445471,-91.17527
Flood,2016-05-12,2016,5,Spring,70802,30.445471,-91.17527
Flood,2016-05-25,2016,5,Spring,70802,30.445471,-91.17527
Flood,2016-05-04,2016,5,Spring,70802,30.445471,-91.17527
Flood,2016-10-11,2016,10,Fall,70802,30.445471,-91.17527
Flood,2017-12-18,2017,12,Winter,70802,30.445471,-91.17527
Flood,2017-12-21,2017,12,Winter,70802,30.445471,-91.17527
Flood,2016-05-09,2016,5,Spring,70802,30.445471,-91.17527
Flood,2016-07-01,2016,7,Summer,70802,30.445471,-91.17527
Flood,2016-08-31,2016,8,Summer,70802,30.445471,-91.17527
Flood,2016-09-23,2016,9,Fall,70802,30.445471,-91.17527
Flood,2018-04-18,2018,4,Spring,70802,30.445471,-91.17527
Flood,2016-05-04,2016,5,Spring,70802,30.445471,-91.17527
Flood,2016-06-17,2016,6,Summer,70802,30.445471,-91.17527
Flood,2016-11-11,2016,11,Fall,70802,30.445471,-91.17527
Flood,2017-02-17,2017,2,Winter,70802,30.445471,-91.17527
Flood,2018-10-26,2018,10,Fall,70802,30.445471,-91.17527
Flood,2019-01-15,2019,1,Winter,70802,30.445471,-91.17527
Flood,2016-03-17,2016,3,Spring,70802,30.445471,-91.17527
Flood,2016-09-01,2016,9,Fall,70802,30.445471,-91.17527
Flood,2016-11-09,2016,11,Fall,70802,30.445471,-91.17527
Flood,2016-12-09,2016,12,Winter,70802,30.445471,-91.17527
Flood,2016-03-14,2016,3,Spring,70802,30.445471,-91.17527
Flood,2016-03-15,2016,3,Spring,70802,30.445471,-91.17527
Flood,2016-03-23,2016,3,Spring,70802,30.445471,-91.17527
Flood,2016-03-30,2016,3,Spring,70802,30.445471,-91.17527
Flood,2016-04-25,2016,4,Spring,70802,30.445471,-91.17527
Flood,2016-05-23,2016,5,Spring,70802,30.445471,-91.17527
Flood,2016-07-08,2016,7,Summer,70802,30.445471,-91.17527
Flood,2017-09-30,2017,9,Fall,70802,30.445471,-91.17527
Flood,2018-12-06,2018,12,Winter,70802,30.445471,-91.17527
Flood,2016-05-09,2016,5,Spring,70802,30.445471,-91.17527
Flood,2016-07-01,2016,7,Summer,70802,30.445471,-91.17527
Flood,2016-08-10,2016,8,Summer,70802,30.445471,-91.17527
Flood,2017-04-26,2017,4,Spring,70802,30.445471,-91.17527
Flood,2018-10-26,2018,10,Fall,70802,30.445471,-91.17527
Flood,2021-03-09,2021,3,Spring,70802,30.445471,-91.17527
Flood,2016-05-14,2016,5,Spring,70802,30.445471,-91.17527
Flood,2016-05-26,2016,5,Spring,70802,30.445471,-91.17527
Flood,2016-03-17,2016,3,Spring,70802,30.445471,-91.17527
Flood,2016-03-23,2016,3,Spring,70802,30.445471,-91.17527
Flood,2016-03-28,2016,3,Spring,70802,30.445471,-91.17527
Flood,2016-03-14,2016,3,Spring,76209,33.2315,-97.109986
Flood,2016-12-05,2016,12,Winter,76209,33.2315,-97.109986
Flood,2016-04-12,2016,4,Spring,70802,30.445471,-91.17527
Flood,2016-05-11,2016,5,Spring,70802,30.445471,-91.17527
Flood,2016-06-03,2016,6,Summer,70802,30.445471,-91.17527
Flood,2016-07-01,2016,7,Summer,70802,30.445471,-91.17527
Flood,2016-08-05,2016,8,Summer,70802,30.445471,-91.17527
Flood,2016-09-07,2016,9,Fall,70802,30.445471,-91.17527
Flood,2016-10-11,2016,10,Fall,70802,30.445471,-91.17527
Flood,2016-11-10,2016,11,Fall,70802,30.445471,-91.17527
Flood,2016-12-06,2016,12,Winter,70802,30.445471,-91.17527
Flood,2017-01-30,2017,1,Winter,70802,30.445471,-91.17527
Flood,2017-03-22,2017,3,Spring,70802,30.445471,-91.17527
Flood,2017-06-12,2017,6,Summer,70802,30.445471,-91.17527
Flood,2017-07-14,2017,7,Summer,70802,30.445471,-91.17527
Flood,2017-11-06,2017,11,Fall,70802,30.445471,-91.17527
Flood,2018-08-14,2018,8,Summer,70802,30.445471,-91.17527
Flood,2016-03-19,2016,3,Spring,70802,30.445471,-91.17527
Flood,2016-08-24,2016,8,Summer,70802,30.445471,-91.17527
Flood,2017-01-05,2017,1,Winter,70802,30.445471,-91.17527
Flood,2016-03-20,2016,3,Spring,70802,30.445471,-91.17527
Flood,2016-06-09,2016,6,Summer,70802,30.445471,-91.17527
Flood,2016-03-20,2016,3,Spring,70802,30.445471,-91.17527
Flood,2016-03-31,2016,3,Spring,70802,30.445471,-91.17527
Flood,2016-05-09,2016,5,Spring,70802,30.445471,-91.17527
Flood,2016-03-31,2016,3,Spring,70802,30.445471,-91.17527
Flood,2016-04-08,2016,4,Spring,70802,30.445471,-91.17527
Flood,2016-06-28,2016,6,Summer,70802,30.445471,-91.17527
Flood,2016-03-23,2016,3,Spring,78753,30.383591,-97.673349
Flood,2017-04-13,2017,4,Spring,78753,30.383591,-97.673349
Flood,2016-05-12,2016,5,Spring,78753,30.383591,-97.673349
Flood,2016-06-30,2016,6,Summer,78753,30.383591,-97.673349
Flood,2016-08-26,2016,8,Summer,78753,30.383591,-97.673349
Flood,2017-04-12,2017,4,Spring,78753,30.383591,-97.673349
Flood,2016-03-24,2016,3,Spring,78753,30.383591,-97.673349
Flood,2016-04-27,2016,4,Spring,78753,30.383591,-97.673349
Flood,2017-12-06,2017,12,Winter,78753,30.383591,-97.673349
Flood,2016-03-21,2016,3,Spring,78753,30.383591,-97.673349
Flood,2016-08-19,2016,8,Summer,78753,30.383591,-97.673349
Flood,2018-06-21,2018,6,Summer,78753,30.383591,-97.673349
Snowstorm,2016-04-29,2016,4,Spring,17110,40.323487,-76.888179
Snowstorm,2017-06-19,2017,6,Summer,17110,40.323487,-76.888179
Flood,2016-04-27,2016,4,Spring,39157,32.425376,-90.165592
Flood,2016-05-13,2016,5,Spring,39157,32.425376,-90.165592
Flood,2016-07-06,2016,7,Summer,39157,32.425376,-90.165592
Flood,2016-10-25,2016,10,Fall,39157,32.425376,-90.165592
Flood,2017-01-18,2017,1,Winter,39157,32.425376,-90.165592
Flood,2016-06-09,2016,6,Summer,78753,30.383591,-97.673349
Flood,2016-08-10,2016,8,Summer,78753,30.383591,-97.673349
Flood,2017-04-12,2017,4,Spring,78753,30.383591,-97.673349
Flood,2016-05-01,2016,5,Spring,78753,30.383591,-97.673349
Flood,2016-08-02,2016,8,Summer,78753,30.383591,-97.673349
Flood,2017-10-23,2017,10,Fall,78753,30.383591,-97.673349
Flood,2016-04-27,2016,4,Spring,78753,30.383591,-97.673349
Fire,2018-11-21,2018,11,Fall,78753,30.383591,-97.673349
Fire,2019-05-08,2019,5,Spring,95655,38.549228,-121.278598
Fire,2018-07-31,2018,7,Summer,95655,38.549228,-121.278598
Fire,2019-08-22,2019,8,Summer,95655,38.549228,-121.278598
Hurricane,2018-08-25,2018,8,Summer,94535,38.270937000000004,-121.937017
Hurricane,2019-07-08,2019,7,Summer,94535,38.270937000000004,-121.937017
Hurricane,2018-08-24,2018,8,Summer,94535,38.270937000000004,-121.937017
Hurricane,2019-02-08,2019,2,Winter,94535,38.270937000000004,-121.937017
Hurricane,2018-09-11,2018,9,Fall,29172,33.905765,-81.075502
Hurricane,2018-09-17,2018,9,Fall,29172,33.905765,-81.075502
Hurricane,2018-09-20,2018,9,Fall,29172,33.905765,-81.075502
Hurricane,2018-09-13,2018,9,Fall,29172,33.905765,-81.075502
Hurricane,2018-09-28,2018,9,Fall,29172,33.905765,-81.075502
Hurricane,2018-09-13,2018,9,Fall,29172,33.905765,-81.075502
Hurricane,2018-09-15,2018,9,Fall,29172,33.905765,-81.075502
Hurricane,2018-09-17,2018,9,Fall,29172,33.905765,-81.075502
Hurricane,2018-10-02,2018,10,Fall,29172,33.905765,-81.075502
Hurricane,2020-07-01,2020,7,Summer,29172,33.905765,-81.075502
Hurricane,2018-09-12,2018,9,Fall,29212,34.077553,-81.202336
Hurricane,2018-09-18,2018,9,Fall,29212,34.077553,-81.202336
Hurricane,2019-02-19,2019,2,Winter,29212,34.077553,-81.202336
Hurricane,2018-09-14,2018,9,Fall,36205,33.699568,-85.787428
Hurricane,2018-09-16,2018,9,Fall,36205,33.699568,-85.787428
Hurricane,2018-09-12,2018,9,Fall,27607,35.817784,-78.727509
Hurricane,2018-09-20,2018,9,Fall,27607,35.817784,-78.727509
Hurricane,2018-09-12,2018,9,Fall,27607,35.817784,-78.727509
Hurricane,2018-09-20,2018,9,Fall,27607,35.817784,-78.727509
Hurricane,2018-09-13,2018,9,Fall,27607,35.817784,-78.727509
Hurricane,2018-09-20,2018,9,Fall,27607,35.817784,-78.727509
Hurricane,2018-09-13,2018,9,Fall,27607,35.817784,-78.727509
Hurricane,2018-09-20,2018,9,Fall,27607,35.817784,-78.727509
Hurricane,2018-09-12,2018,9,Fall,28310,35.124541,-79.04339
Hurricane,2018-09-20,2018,9,Fall,28310,35.124541,-79.04339
Hurricane,2018-09-12,2018,9,Fall,29207,34.042447,-80.845986
Hurricane,2018-09-20,2018,9,Fall,29207,34.042447,-80.845986
Hurricane,2018-09-12,2018,9,Fall,28314,35.053208,-79.01547
Hurricane,2018-09-20,2018,9,Fall,28314,35.053208,-79.01547
Hurricane,2018-09-12,2018,9,Fall,27607,35.817784,-78.727509
Hurricane,2018-09-20,2018,9,Fall,27607,35.817784,-78.727509
Hurricane,2018-09-13,2018,9,Fall,28504,35.227366,-77.635888
Hurricane,2018-09-20,2018,9,Fall,28504,35.227366,-77.635888
Hurricane,2018-09-15,2018,9,Fall,27607,35.817784,-78.727509
Hurricane,2018-09-16,2018,9,Fall,27607,35.817784,-78.727509
Hurricane,2018-09-14,2018,9,Fall,20024,38.870543,-77.026826
Hurricane,2018-09-17,2018,9,Fall,20024,38.870543,-77.026826
Hurricane,2018-09-12,2018,9,Fall,27607,35.817784,-78.727509
Hurricane,2018-09-18,2018,9,Fall,27607,35.817784,-78.727509
Hurricane,2018-09-20,2018,9,Fall,27607,35.817784,-78.727509
Hurricane,2018-09-14,2018,9,Fall,36205,33.699568,-85.787428
Hurricane,2018-09-16,2018,9,Fall,36205,33.699568,-85.787428
Hurricane,2018-09-12,2018,9,Fall,27607,35.817784,-78.727509
Hurricane,2018-09-16,2018,9,Fall,27607,35.817784,-78.727509
Hurricane,2018-09-13,2018,9,Fall,28504,35.227366,-77.635888
Hurricane,2018-09-20,2018,9,Fall,28504,35.227366,-77.635888
Hurricane,2018-09-13,2018,9,Fall,28215,35.24557,-80.69893
Hurricane,2018-09-16,2018,9,Fall,28215,35.24557,-80.69893
Hurricane,2018-09-12,2018,9,Fall,36205,33.699568,-85.787428
Hurricane,2018-09-16,2018,9,Fall,36205,33.699568,-85.787428
Hurricane,2018-09-13,2018,9,Fall,23236,37.47581,-77.585285
Hurricane,2018-09-15,2018,9,Fall,23236,37.47581,-77.585285
Hurricane,2019-05-20,2019,5,Spring,23236,37.47581,-77.585285
Hurricane,2018-09-16,2018,9,Fall,23236,37.47581,-77.585285
Hurricane,2019-05-20,2019,5,Spring,23236,37.47581,-77.585285
Hurricane,2019-11-26,2019,11,Fall,23236,37.47581,-77.585285
Hurricane,2018-09-12,2018,9,Fall,22427,38.072345,-77.28859
Hurricane,2019-07-24,2019,7,Summer,22427,38.072345,-77.28859
Hurricane,2020-03-30,2020,3,Spring,22427,38.072345,-77.28859
Hurricane,2018-09-13,2018,9,Fall,22427,38.072345,-77.28859
Hurricane,2018-11-29,2018,11,Fall,22427,38.072345,-77.28859
Hurricane,2018-09-12,2018,9,Fall,22427,38.072345,-77.28859
Hurricane,2018-09-20,2018,9,Fall,22427,38.072345,-77.28859
Hurricane,2019-02-21,2019,2,Winter,22427,38.072345,-77.28859
Hurricane,2018-09-13,2018,9,Fall,23801,37.23613,-77.335804
Hurricane,2018-09-19,2018,9,Fall,23801,37.23613,-77.335804
Hurricane,2019-03-07,2019,3,Spring,23801,37.23613,-77.335804
Hurricane,2019-06-14,2019,6,Summer,23801,37.23613,-77.335804
Hurricane,2018-09-13,2018,9,Fall,19106,39.946649,-75.142232
Hurricane,2019-05-17,2019,5,Spring,19106,39.946649,-75.142232
Hurricane,2018-09-12,2018,9,Fall,21703,39.367031,-77.473482
Hurricane,2018-09-13,2018,9,Fall,21703,39.367031,-77.473482
Hurricane,2018-09-16,2018,9,Fall,21703,39.367031,-77.473482
Hurricane,2018-09-13,2018,9,Fall,21703,39.367031,-77.473482
Hurricane,2018-09-16,2018,9,Fall,21703,39.367031,-77.473482
Hurricane,2018-09-13,2018,9,Fall,23606,37.065696,-76.516665
Hurricane,2018-09-16,2018,9,Fall,23606,37.065696,-76.516665
Hurricane,2019-02-27,2019,2,Winter,23606,37.065696,-76.516665
Hurricane,2019-08-06,2019,8,Summer,23606,37.065696,-76.516665
Hurricane,2018-09-13,2018,9,Fall,19106,39.946649,-75.142232
Hurricane,2018-09-15,2018,9,Fall,19106,39.946649,-75.142232
Hurricane,2018-10-15,2018,10,Fall,19106,39.946649,-75.142232
Hurricane,2018-09-13,2018,9,Fall,23236,37.47581,-77.585285
Hurricane,2019-02-12,2019,2,Winter,23236,37.47581,-77.585285
Hurricane,2018-09-12,2018,9,Fall,22427,38.072345,-77.28859
Hurricane,2018-09-18,2018,9,Fall,22427,38.072345,-77.28859
Hurricane,2019-09-25,2019,9,Fall,22427,38.072345,-77.28859
Hurricane,2020-08-24,2020,8,Summer,22427,38.072345,-77.28859
Hurricane,2018-09-13,2018,9,Fall,19106,39.946649,-75.142232
Hurricane,2018-11-20,2018,11,Fall,19106,39.946649,-75.142232
Hurricane,2018-10-10,2018,10,Fall,36112,32.380944,-86.363749
Hurricane,2018-10-16,2018,10,Fall,36112,32.380944,-86.363749
Hurricane,2018-10-11,2018,10,Fall,20019,38.892246,-76.941772
Hurricane,2018-10-14,2018,10,Fall,20019,38.892246,-76.941772
Hurricane,2019-03-05,2019,3,Spring,20019,38.892246,-76.941772
Hurricane,2019-08-20,2019,8,Summer,20019,38.892246,-76.941772
Hurricane,2018-10-11,2018,10,Fall,32508,30.350614,-87.316902
Hurricane,2018-10-17,2018,10,Fall,32508,30.350614,-87.316902
Hurricane,2018-10-10,2018,10,Fall,32542,30.507766,-86.541629
Hurricane,2019-05-19,2019,5,Spring,32542,30.507766,-86.541629
Hurricane,2018-10-10,2018,10,Fall,32542,30.507766,-86.541629
Hurricane,2019-05-08,2019,5,Spring,32542,30.507766,-86.541629
Flood,2016-09-01,2016,9,Fall,78753,30.383591,-97.673349
Flood,2018-08-07,2018,8,Summer,78753,30.383591,-97.673349
Flood,2016-05-19,2016,5,Spring,77091,29.853067,-95.435966
Flood,2016-07-21,2016,7,Summer,77091,29.853067,-95.435966
Flood,2018-10-24,2018,10,Fall,77091,29.853067,-95.435966
Flood,2019-07-10,2019,7,Summer,77091,29.853067,-95.435966
Severe Storm,2016-05-13,2016,5,Spring,72116,34.800258,-92.245317
Severe Storm,2016-06-21,2016,6,Summer,72116,34.800258,-92.245317
Severe Storm,2017-03-22,2017,3,Spring,72116,34.800258,-92.245317
Severe Storm,2016-05-11,2016,5,Spring,72116,34.800258,-92.245317
Severe Storm,2016-06-14,2016,6,Summer,72116,34.800258,-92.245317
Severe Storm,2016-06-28,2016,6,Summer,72116,34.800258,-92.245317
Severe Storm,2017-03-28,2017,3,Spring,72116,34.800258,-92.245317
Severe Storm,2016-07-11,2016,7,Summer,72116,34.800258,-92.245317
Severe Storm,2017-03-22,2017,3,Spring,72116,34.800258,-92.245317
Flood,2016-07-01,2016,7,Summer,77515,29.173439,-95.451545
Flood,2016-07-05,2016,7,Summer,77515,29.173439,-95.451545
Flood,2016-07-05,2016,7,Summer,77515,29.173439,-95.451545
Flood,2016-07-06,2016,7,Summer,77515,29.173439,-95.451545
Flood,2016-07-06,2016,7,Summer,77515,29.173439,-95.451545
Flood,2016-07-13,2016,7,Summer,77515,29.173439,-95.451545
Flood,2016-07-13,2016,7,Summer,77515,29.173439,-95.451545
Flood,2016-07-27,2016,7,Summer,77515,29.173439,-95.451545
Flood,2018-08-13,2018,8,Summer,77515,29.173439,-95.451545
Flood,2016-09-01,2016,9,Fall,78753,30.383591,-97.673349
Flood,2017-04-12,2017,4,Spring,78753,30.383591,-97.673349
Flood,2017-06-16,2017,6,Summer,78753,30.383591,-97.673349
Flood,2019-01-15,2019,1,Winter,78753,30.383591,-97.673349
Flood,2019-01-17,2019,1,Winter,78753,30.383591,-97.673349
Flood,2016-06-29,2016,6,Summer,77091,29.853067,-95.435966
Flood,2018-08-14,2018,8,Summer,77091,29.853067,-95.435966
Flood,2018-10-26,2018,10,Fall,77091,29.853067,-95.435966
Flood,2019-07-10,2019,7,Summer,77091,29.853067,-95.435966
Flood,2016-07-07,2016,7,Summer,25301,38.351327,-81.627994
Flood,2016-07-23,2016,7,Summer,25301,38.351327,-81.627994
Flood,2016-07-07,2016,7,Summer,25302,38.393184,-81.59547
Flood,2016-07-07,2016,7,Summer,25302,38.393184,-81.59547
Flood,2016-07-23,2016,7,Summer,25302,38.393184,-81.59547
Flood,2017-08-16,2017,8,Summer,25302,38.393184,-81.59547
Flood,2020-03-05,2020,3,Spring,25302,38.393184,-81.59547
Flood,2016-06-26,2016,6,Summer,25311,38.366863,-81.557035
Flood,2016-06-28,2016,6,Summer,25311,38.366863,-81.557035
Flood,2016-11-07,2016,11,Fall,25311,38.366863,-81.557035
Flood,2016-06-29,2016,6,Summer,25301,38.351327,-81.627994
Flood,2016-11-07,2016,11,Fall,25301,38.351327,-81.627994
Flood,2017-03-21,2017,3,Spring,25301,38.351327,-81.627994
Flood,2016-07-25,2016,7,Summer,25301,38.351327,-81.627994
Flood,2016-10-13,2016,10,Fall,25301,38.351327,-81.627994
Flood,2016-10-19,2016,10,Fall,25301,38.351327,-81.627994
Flood,2016-11-07,2016,11,Fall,25301,38.351327,-81.627994
Flood,2016-11-15,2016,11,Fall,25301,38.351327,-81.627994
Flood,2017-05-24,2017,5,Spring,25301,38.351327,-81.627994
Flood,2017-05-31,2017,5,Spring,25301,38.351327,-81.627994
Flood,2016-10-21,2016,10,Fall,25301,38.351327,-81.627994
Flood,2017-05-23,2017,5,Spring,25301,38.351327,-81.627994
Flood,2017-01-24,2017,1,Winter,25301,38.351327,-81.627994
Flood,2017-05-22,2017,5,Spring,25301,38.351327,-81.627994
Flood,2017-07-05,2017,7,Summer,25301,38.351327,-81.627994
Flood,2018-02-28,2018,2,Winter,25301,38.351327,-81.627994
Flood,2018-08-09,2018,8,Summer,25301,38.351327,-81.627994
Flood,2016-10-19,2016,10,Fall,25301,38.351327,-81.627994
Flood,2016-10-20,2016,10,Fall,25301,38.351327,-81.627994
Flood,2016-07-10,2016,7,Summer,25301,38.351327,-81.627994
Flood,2016-07-13,2016,7,Summer,25301,38.351327,-81.627994
Flood,2016-07-13,2016,7,Summer,25301,38.351327,-81.627994
Flood,2016-07-22,2016,7,Summer,25301,38.351327,-81.627994
Flood,2016-08-05,2016,8,Summer,25301,38.351327,-81.627994
Flood,2016-08-16,2016,8,Summer,25301,38.351327,-81.627994
Flood,2016-12-16,2016,12,Winter,25301,38.351327,-81.627994
Flood,2016-08-05,2016,8,Summer,25301,38.351327,-81.627994
Flood,2016-08-16,2016,8,Summer,25301,38.351327,-81.627994
Flood,2016-09-07,2016,9,Fall,25301,38.351327,-81.627994
Flood,2016-09-12,2016,9,Fall,25301,38.351327,-81.627994
Flood,2016-11-08,2016,11,Fall,25301,38.351327,-81.627994
Flood,2016-12-16,2016,12,Winter,25301,38.351327,-81.627994
Flood,2017-02-17,2017,2,Winter,25301,38.351327,-81.627994
Flood,2017-10-10,2017,10,Fall,25301,38.351327,-81.627994
Flood,2016-06-26,2016,6,Summer,25311,38.366863,-81.557035
Flood,2016-10-17,2016,10,Fall,25311,38.366863,-81.557035
Flood,2016-11-17,2016,11,Fall,25301,38.351327,-81.627994
Flood,2016-12-16,2016,12,Winter,25301,38.351327,-81.627994
Flood,2017-05-19,2017,5,Spring,25301,38.351327,-81.627994
Flood,2018-01-26,2018,1,Winter,25301,38.351327,-81.627994
Flood,2016-06-29,2016,6,Summer,25301,38.351327,-81.627994
Flood,2016-08-22,2016,8,Summer,25301,38.351327,-81.627994
Flood,2016-11-07,2016,11,Fall,25301,38.351327,-81.627994
Flood,2016-10-19,2016,10,Fall,25301,38.351327,-81.627994
Flood,2017-05-15,2017,5,Spring,25301,38.351327,-81.627994
Flood,2018-01-24,2018,1,Winter,25301,38.351327,-81.627994
Flood,2018-09-18,2018,9,Fall,25301,38.351327,-81.627994
Flood,2016-06-26,2016,6,Summer,25305,38.336819,-81.613139
Flood,2016-07-02,2016,7,Summer,25305,38.336819,-81.613139
Flood,2016-06-26,2016,6,Summer,25311,38.366863,-81.557035
Flood,2016-07-01,2016,7,Summer,25311,38.366863,-81.557035
Flood,2016-07-15,2016,7,Summer,25301,38.351327,-81.627994
Flood,2016-07-25,2016,7,Summer,25301,38.351327,-81.627994
Flood,2016-10-17,2016,10,Fall,25301,38.351327,-81.627994
Flood,2017-01-24,2017,1,Winter,25301,38.351327,-81.627994
Flood,2017-06-30,2017,6,Summer,25301,38.351327,-81.627994
Flood,2017-10-18,2017,10,Fall,25301,38.351327,-81.627994
Flood,2017-12-12,2017,12,Winter,25301,38.351327,-81.627994
Flood,2018-02-28,2018,2,Winter,25301,38.351327,-81.627994
Flood,2018-08-09,2018,8,Summer,25301,38.351327,-81.627994
Flood,2016-06-28,2016,6,Summer,25311,38.366863,-81.557035
Flood,2016-07-27,2016,7,Summer,25311,38.366863,-81.557035
Flood,2016-11-03,2016,11,Fall,25311,38.366863,-81.557035
Flood,2016-07-01,2016,7,Summer,25301,38.351327,-81.627994
Flood,2016-07-12,2016,7,Summer,25301,38.351327,-81.627994
Flood,2016-11-03,2016,11,Fall,25301,38.351327,-81.627994
Severe Storm,2016-08-19,2016,8,Summer,54880,46.590874,-92.12831
Severe Storm,2016-09-09,2016,9,Fall,54880,46.590874,-92.12831
Severe Storm,2016-09-20,2016,9,Fall,54880,46.590874,-92.12831
Severe Storm,2016-10-03,2016,10,Fall,54880,46.590874,-92.12831
Severe Storm,2016-10-27,2016,10,Fall,54880,46.590874,-92.12831
Severe Storm,2017-05-11,2017,5,Spring,54880,46.590874,-92.12831
Flood,2016-08-18,2016,8,Summer,70802,30.445471,-91.17527
Flood,2016-08-30,2016,8,Summer,70802,30.445471,-91.17527
Flood,2016-09-19,2016,9,Fall,70802,30.445471,-91.17527
Flood,2016-10-11,2016,10,Fall,70802,30.445471,-91.17527
Flood,2016-10-17,2016,10,Fall,70802,30.445471,-91.17527
Flood,2019-05-22,2019,5,Spring,70802,30.445471,-91.17527
Flood,2016-12-21,2016,12,Winter,70802,30.445471,-91.17527
Flood,2018-03-06,2018,3,Spring,70802,30.445471,-91.17527
Flood,2019-05-22,2019,5,Spring,70802,30.445471,-91.17527
Flood,2016-08-15,2016,8,Summer,76209,33.2315,-97.109986
Flood,2016-08-28,2016,8,Summer,70802,30.445471,-91.17527
Flood,2017-03-28,2017,3,Spring,70802,30.445471,-91.17527
Flood,2016-08-15,2016,8,Summer,70802,30.445471,-91.17527
Flood,2016-08-18,2016,8,Summer,70802,30.445471,-91.17527
Flood,2016-08-23,2016,8,Summer,70802,30.445471,-91.17527
Flood,2016-09-07,2016,9,Fall,70802,30.445471,-91.17527
Flood,2016-09-16,2016,9,Fall,70802,30.445471,-91.17527
Flood,2016-09-19,2016,9,Fall,70802,30.445471,-91.17527
Flood,2016-10-11,2016,10,Fall,70802,30.445471,-91.17527
Flood,2016-10-19,2016,10,Fall,70802,30.445471,-91.17527
Flood,2016-11-19,2016,11,Fall,70802,30.445471,-91.17527
Flood,2016-12-16,2016,12,Winter,70802,30.445471,-91.17527
Flood,2017-01-23,2017,1,Winter,70802,30.445471,-91.17527
Flood,2017-03-03,2017,3,Spring,70802,30.445471,-91.17527
Flood,2017-03-21,2017,3,Spring,70802,30.445471,-91.17527
Flood,2017-06-06,2017,6,Summer,70802,30.445471,-91.17527
Flood,2019-03-25,2019,3,Spring,70802,30.445471,-91.17527
Flood,2016-08-17,2016,8,Summer,70802,30.445471,-91.17527
Flood,2016-10-13,2016,10,Fall,70802,30.445471,-91.17527
Flood,2019-02-26,2019,2,Winter,70802,30.445471,-91.17527
Flood,2016-08-26,2016,8,Summer,70808,30.404146,-91.139137
Flood,2016-09-15,2016,9,Fall,70808,30.404146,-91.139137
Flood,2016-12-09,2016,12,Winter,70808,30.404146,-91.139137
Flood,2017-01-30,2017,1,Winter,70808,30.404146,-91.139137
Flood,2017-03-17,2017,3,Spring,70808,30.404146,-91.139137
Flood,2017-06-30,2017,6,Summer,70808,30.404146,-91.139137
Flood,2017-09-12,2017,9,Fall,70808,30.404146,-91.139137
Flood,2017-11-14,2017,11,Fall,70808,30.404146,-91.139137
Flood,2018-02-23,2018,2,Winter,70808,30.404146,-91.139137
Flood,2018-04-06,2018,4,Spring,70808,30.404146,-91.139137
Flood,2018-04-16,2018,4,Spring,70808,30.404146,-91.139137
Flood,2019-07-08,2019,7,Summer,70808,30.404146,-91.139137
Flood,2019-07-09,2019,7,Summer,70808,30.404146,-91.139137
Flood,2016-08-30,2016,8,Summer,70802,30.445471,-91.17527
Flood,2016-10-17,2016,10,Fall,70802,30.445471,-91.17527
Flood,2019-03-06,2019,3,Spring,70802,30.445471,-91.17527
Flood,2016-08-30,2016,8,Summer,70808,30.404146,-91.139137
Flood,2016-09-07,2016,9,Fall,70808,30.404146,-91.139137
Flood,2016-09-15,2016,9,Fall,70808,30.404146,-91.139137
Flood,2016-10-06,2016,10,Fall,70808,30.404146,-91.139137
Flood,2016-10-11,2016,10,Fall,70808,30.404146,-91.139137
Flood,2016-10-22,2016,10,Fall,70808,30.404146,-91.139137
Flood,2016-10-27,2016,10,Fall,70808,30.404146,-91.139137
Flood,2016-12-16,2016,12,Winter,70808,30.404146,-91.139137
Flood,2017-03-02,2017,3,Spring,70808,30.404146,-91.139137
Flood,2017-03-03,2017,3,Spring,70808,30.404146,-91.139137
Flood,2017-03-21,2017,3,Spring,70808,30.404146,-91.139137
Flood,2019-03-25,2019,3,Spring,70808,30.404146,-91.139137
Flood,2016-09-01,2016,9,Fall,70802,30.445471,-91.17527
Flood,2016-09-10,2016,9,Fall,70802,30.445471,-91.17527
Flood,2016-09-26,2016,9,Fall,70802,30.445471,-91.17527
Flood,2016-10-25,2016,10,Fall,70802,30.445471,-91.17527
Flood,2019-02-26,2019,2,Winter,70802,30.445471,-91.17527
Flood,2016-09-03,2016,9,Fall,70808,30.404146,-91.139137
Flood,2016-09-08,2016,9,Fall,70808,30.404146,-91.139137
Flood,2016-09-27,2016,9,Fall,70808,30.404146,-91.139137
Flood,2016-10-03,2016,10,Fall,70808,30.404146,-91.139137
Flood,2016-10-11,2016,10,Fall,70808,30.404146,-91.139137
Flood,2016-10-27,2016,10,Fall,70808,30.404146,-91.139137
Flood,2016-12-16,2016,12,Winter,70808,30.404146,-91.139137
Flood,2017-01-27,2017,1,Winter,70808,30.404146,-91.139137
Flood,2017-03-03,2017,3,Spring,70808,30.404146,-91.139137
Flood,2017-03-21,2017,3,Spring,70808,30.404146,-91.139137
Flood,2019-03-01,2019,3,Spring,70808,30.404146,-91.139137
Flood,2019-04-23,2019,4,Spring,70808,30.404146,-91.139137
Flood,2021-02-10,2021,2,Winter,70808,30.404146,-91.139137
Flood,2016-09-21,2016,9,Fall,70802,30.445471,-91.17527
Flood,2016-10-03,2016,10,Fall,70802,30.445471,-91.17527
Flood,2016-10-14,2016,10,Fall,70802,30.445471,-91.17527
Flood,2016-11-10,2016,11,Fall,70802,30.445471,-91.17527
Flood,2016-12-07,2016,12,Winter,70802,30.445471,-91.17527
Flood,2016-12-20,2016,12,Winter,70802,30.445471,-91.17527
Flood,2017-01-03,2017,1,Winter,70802,30.445471,-91.17527
Flood,2017-01-23,2017,1,Winter,70802,30.445471,-91.17527
Flood,2017-03-21,2017,3,Spring,70802,30.445471,-91.17527
Flood,2019-03-25,2019,3,Spring,70802,30.445471,-91.17527
Flood,2020-02-06,2020,2,Winter,70802,30.445471,-91.17527
Flood,2016-10-19,2016,10,Fall,70808,30.404146,-91.139137
Flood,2016-11-30,2016,11,Fall,70808,30.404146,-91.139137
Flood,2017-04-19,2017,4,Spring,70808,30.404146,-91.139137
Flood,2016-12-24,2016,12,Winter,70802,30.445471,-91.17527
Flood,2019-02-27,2019,2,Winter,70802,30.445471,-91.17527
Flood,2016-08-16,2016,8,Summer,70802,30.445471,-91.17527
Flood,2016-08-19,2016,8,Summer,70802,30.445471,-91.17527
Flood,2016-08-23,2016,8,Summer,70802,30.445471,-91.17527
Flood,2016-09-02,2016,9,Fall,70802,30.445471,-91.17527
Flood,2016-09-21,2016,9,Fall,70802,30.445471,-91.17527
Flood,2016-10-18,2016,10,Fall,70802,30.445471,-91.17527
Flood,2016-11-17,2016,11,Fall,70802,30.445471,-91.17527
Flood,2017-01-10,2017,1,Winter,70802,30.445471,-91.17527
Flood,2017-02-25,2017,2,Winter,70802,30.445471,-91.17527
Flood,2018-09-12,2018,9,Fall,70802,30.445471,-91.17527
Flood,2016-08-20,2016,8,Summer,70802,30.445471,-91.17527
Flood,2016-08-24,2016,8,Summer,70802,30.445471,-91.17527
Flood,2016-08-29,2016,8,Summer,70802,30.445471,-91.17527
Flood,2016-08-25,2016,8,Summer,70808,30.404146,-91.139137
Flood,2016-09-15,2016,9,Fall,70808,30.404146,-91.139137
Flood,2016-12-20,2016,12,Winter,70808,30.404146,-91.139137
Flood,2017-03-30,2017,3,Spring,70808,30.404146,-91.139137
Flood,2017-06-28,2017,6,Summer,70808,30.404146,-91.139137
Flood,2017-09-12,2017,9,Fall,70808,30.404146,-91.139137
Flood,2017-10-26,2017,10,Fall,70808,30.404146,-91.139137
Flood,2018-09-12,2018,9,Fall,70808,30.404146,-91.139137
Flood,2016-08-26,2016,8,Summer,70808,30.404146,-91.139137
Flood,2016-09-15,2016,9,Fall,70808,30.404146,-91.139137
Flood,2016-12-29,2016,12,Winter,70808,30.404146,-91.139137
Flood,2017-03-17,2017,3,Spring,70808,30.404146,-91.139137
Flood,2017-06-28,2017,6,Summer,70808,30.404146,-91.139137
Flood,2017-09-05,2017,9,Fall,70808,30.404146,-91.139137
Flood,2017-11-02,2017,11,Fall,70808,30.404146,-91.139137
Flood,2018-02-23,2018,2,Winter,70808,30.404146,-91.139137
Flood,2018-04-13,2018,4,Spring,70808,30.404146,-91.139137
Flood,2019-08-20,2019,8,Summer,70808,30.404146,-91.139137
Flood,2019-08-22,2019,8,Summer,70808,30.404146,-91.139137
Flood,2020-02-05,2020,2,Winter,70808,30.404146,-91.139137
Flood,2016-08-16,2016,8,Summer,76209,33.2315,-97.109986
Flood,2016-11-09,2016,11,Fall,76209,33.2315,-97.109986
Flood,2017-09-30,2017,9,Fall,76209,33.2315,-97.109986
Flood,2016-09-07,2016,9,Fall,70802,30.445471,-91.17527
Flood,2016-09-08,2016,9,Fall,70802,30.445471,-91.17527
Flood,2016-09-26,2016,9,Fall,70802,30.445471,-91.17527
Flood,2017-09-21,2017,9,Fall,70802,30.445471,-91.17527
Flood,2016-08-26,2016,8,Summer,70808,30.404146,-91.139137
Flood,2016-09-15,2016,9,Fall,70808,30.404146,-91.139137
Flood,2016-12-21,2016,12,Winter,70808,30.404146,-91.139137
Flood,2017-03-15,2017,3,Spring,70808,30.404146,-91.139137
Flood,2017-03-31,2017,3,Spring,70808,30.404146,-91.139137
Flood,2017-06-28,2017,6,Summer,70808,30.404146,-91.139137
Flood,2017-09-12,2017,9,Fall,70808,30.404146,-91.139137
Flood,2017-12-21,2017,12,Winter,70808,30.404146,-91.139137
Flood,2018-04-09,2018,4,Spring,70808,30.404146,-91.139137
Flood,2019-08-15,2019,8,Summer,70808,30.404146,-91.139137
Flood,2023-07-19,2023,7,Summer,70808,30.404146,-91.139137
Flood,2016-08-16,2016,8,Summer,76209,33.2315,-97.109986
Flood,2016-08-22,2016,8,Summer,76209,33.2315,-97.109986
Flood,2017-05-17,2017,5,Spring,76209,33.2315,-97.109986
Flood,2017-11-24,2017,11,Fall,76209,33.2315,-97.109986
Flood,2018-05-10,2018,5,Spring,76209,33.2315,-97.109986
Flood,2018-05-23,2018,5,Spring,76209,33.2315,-97.109986
Flood,2016-10-22,2016,10,Fall,70808,30.404146,-91.139137
Flood,2016-11-10,2016,11,Fall,70808,30.404146,-91.139137
Flood,2019-04-16,2019,4,Spring,70808,30.404146,-91.139137
Flood,2021-01-15,2021,1,Winter,70808,30.404146,-91.139137
Flood,2016-08-16,2016,8,Summer,70802,30.445471,-91.17527
Flood,2016-09-15,2016,9,Fall,70802,30.445471,-91.17527
Flood,2016-11-09,2016,11,Fall,70802,30.445471,-91.17527
Flood,2017-04-24,2017,4,Spring,70802,30.445471,-91.17527
Flood,2016-10-01,2016,10,Fall,70808,30.404146,-91.139137
Flood,2016-12-21,2016,12,Winter,70808,30.404146,-91.139137
Flood,2017-03-28,2017,3,Spring,70808,30.404146,-91.139137
Flood,2017-06-28,2017,6,Summer,70808,30.404146,-91.139137
Flood,2017-09-05,2017,9,Fall,70808,30.404146,-91.139137
Flood,2018-06-05,2018,6,Summer,70808,30.404146,-91.139137
Flood,2016-08-20,2016,8,Summer,91103,34.167361,-118.164144
Flood,2016-09-08,2016,9,Fall,91103,34.167361,-118.164144
Flood,2019-06-27,2019,6,Summer,91103,34.167361,-118.164144
Flood,2016-08-23,2016,8,Summer,70802,30.445471,-91.17527
Flood,2016-10-18,2016,10,Fall,70802,30.445471,-91.17527
Flood,2016-12-16,2016,12,Winter,70802,30.445471,-91.17527
Flood,2018-06-14,2018,6,Summer,70802,30.445471,-91.17527
Flood,2019-01-15,2019,1,Winter,70802,30.445471,-91.17527
Flood,2016-08-15,2016,8,Summer,70802,30.445471,-91.17527
Flood,2016-08-16,2016,8,Summer,70802,30.445471,-91.17527
Flood,2016-08-21,2016,8,Summer,70802,30.445471,-91.17527
Flood,2016-09-05,2016,9,Fall,70802,30.445471,-91.17527
Flood,2016-09-22,2016,9,Fall,70802,30.445471,-91.17527
Flood,2016-10-18,2016,10,Fall,70802,30.445471,-91.17527
Flood,2016-11-03,2016,11,Fall,70802,30.445471,-91.17527
Flood,2016-12-21,2016,12,Winter,70802,30.445471,-91.17527
Flood,2017-02-08,2017,2,Winter,70802,30.445471,-91.17527
Flood,2017-03-21,2017,3,Spring,70802,30.445471,-91.17527
Flood,2017-06-30,2017,6,Summer,70802,30.445471,-91.17527
Flood,2017-07-05,2017,7,Summer,70802,30.445471,-91.17527
Flood,2017-10-17,2017,10,Fall,70802,30.445471,-91.17527
Flood,2018-03-08,2018,3,Spring,70802,30.445471,-91.17527
Flood,2018-07-12,2018,7,Summer,70802,30.445471,-91.17527
Flood,2019-06-25,2019,6,Summer,70802,30.445471,-91.17527
Flood,2019-06-26,2019,6,Summer,70802,30.445471,-91.17527
Flood,2022-07-21,2022,7,Summer,70802,30.445471,-91.17527
Flood,2016-08-15,2016,8,Summer,70802,30.445471,-91.17527
Flood,2016-08-30,2016,8,Summer,70802,30.445471,-91.17527
Flood,2016-09-06,2016,9,Fall,70802,30.445471,-91.17527
Flood,2018-10-26,2018,10,Fall,70802,30.445471,-91.17527
Flood,2016-08-15,2016,8,Summer,70802,30.445471,-91.17527
Flood,2016-08-16,2016,8,Summer,70802,30.445471,-91.17527
Flood,2016-08-26,2016,8,Summer,70802,30.445471,-91.17527
Flood,2016-09-06,2016,9,Fall,70808,30.404146,-91.139137
Flood,2017-04-24,2017,4,Spring,70808,30.404146,-91.139137
Flood,2017-06-14,2017,6,Summer,70808,30.404146,-91.139137
Flood,2018-08-16,2018,8,Summer,70808,30.404146,-91.139137
Flood,2018-10-24,2018,10,Fall,70808,30.404146,-91.139137
Flood,2019-06-18,2019,6,Summer,70808,30.404146,-91.139137
Flood,2021-03-16,2021,3,Spring,70808,30.404146,-91.139137
Flood,2016-08-16,2016,8,Summer,70802,30.445471,-91.17527
Flood,2016-08-26,2016,8,Summer,70802,30.445471,-91.17527
Flood,2016-09-06,2016,9,Fall,70802,30.445471,-91.17527
Flood,2017-04-24,2017,4,Spring,70802,30.445471,-91.17527
Flood,2017-06-12,2017,6,Summer,70802,30.445471,-91.17527
Flood,2018-10-24,2018,10,Fall,70802,30.445471,-91.17527
Flood,2021-03-05,2021,3,Spring,70802,30.445471,-91.17527
Flood,2021-04-12,2021,4,Spring,70802,30.445471,-91.17527
Flood,2016-08-18,2016,8,Summer,70802,30.445471,-91.17527
Flood,2016-09-07,2016,9,Fall,70802,30.445471,-91.17527
Flood,2017-06-12,2017,6,Summer,70802,30.445471,-91.17527
Flood,2019-09-18,2019,9,Fall,70802,30.445471,-91.17527
Flood,2016-08-24,2016,8,Summer,70802,30.445471,-91.17527
Flood,2016-09-09,2016,9,Fall,70802,30.445471,-91.17527
Flood,2018-10-26,2018,10,Fall,70802,30.445471,-91.17527
Flood,2016-08-26,2016,8,Summer,70808,30.404146,-91.139137
Flood,2016-09-15,2016,9,Fall,70808,30.404146,-91.139137
Flood,2016-12-22,2016,12,Winter,70808,30.404146,-91.139137
Flood,2017-01-30,2017,1,Winter,70808,30.404146,-91.139137
Flood,2017-03-23,2017,3,Spring,70808,30.404146,-91.139137
Flood,2017-04-24,2017,4,Spring,70808,30.404146,-91.139137
Flood,2017-05-12,2017,5,Spring,70808,30.404146,-91.139137
Flood,2017-06-28,2017,6,Summer,70808,30.404146,-91.139137
Flood,2017-09-12,2017,9,Fall,70808,30.404146,-91.139137
Flood,2018-10-24,2018,10,Fall,70808,30.404146,-91.139137
Flood,2021-03-17,2021,3,Spring,70808,30.404146,-91.139137
Flood,2017-02-03,2017,2,Winter,70802,30.445471,-91.17527
Flood,2017-02-28,2017,2,Winter,70802,30.445471,-91.17527
Flood,2017-04-24,2017,4,Spring,70802,30.445471,-91.17527
Flood,2019-02-26,2019,2,Winter,70802,30.445471,-91.17527
Flood,2017-04-21,2017,4,Spring,70803,30.410008,-91.174013
Flood,2019-04-01,2019,4,Spring,70803,30.410008,-91.174013
Flood,2020-08-11,2020,8,Summer,70803,30.410008,-91.174013
Flood,2016-11-11,2016,11,Fall,70808,30.404146,-91.139137
Flood,2017-01-30,2017,1,Winter,70808,30.404146,-91.139137
Flood,2017-03-28,2017,3,Spring,70808,30.404146,-91.139137
Flood,2017-06-28,2017,6,Summer,70808,30.404146,-91.139137
Flood,2017-09-12,2017,9,Fall,70808,30.404146,-91.139137
Flood,2019-03-01,2019,3,Spring,70808,30.404146,-91.139137
Flood,2016-08-17,2016,8,Summer,70726,30.433416,-90.90231
Flood,2016-08-18,2016,8,Summer,70726,30.433416,-90.90231
Flood,2016-08-18,2016,8,Summer,70726,30.433416,-90.90231
Flood,2017-09-30,2017,9,Fall,70726,30.433416,-90.90231
Flood,2017-10-05,2017,10,Fall,70726,30.433416,-90.90231
Flood,2016-08-16,2016,8,Summer,76209,33.2315,-97.109986
Flood,2016-09-13,2016,9,Fall,76209,33.2315,-97.109986
Flood,2016-08-17,2016,8,Summer,76209,33.2315,-97.109986
Flood,2016-08-24,2016,8,Summer,76209,33.2315,-97.109986
Flood,2016-09-09,2016,9,Fall,76209,33.2315,-97.109986
Flood,2016-09-09,2016,9,Fall,76209,33.2315,-97.109986
Flood,2017-02-28,2017,2,Winter,76209,33.2315,-97.109986
Flood,2016-11-03,2016,11,Fall,70808,30.404146,-91.139137
Flood,2017-01-20,2017,1,Winter,70808,30.404146,-91.139137
Flood,2017-03-28,2017,3,Spring,70808,30.404146,-91.139137
Flood,2017-06-15,2017,6,Summer,70808,30.404146,-91.139137
Flood,2017-10-23,2017,10,Fall,70808,30.404146,-91.139137
Flood,2018-09-27,2018,9,Fall,70808,30.404146,-91.139137
Flood,2016-09-01,2016,9,Fall,70802,30.445471,-91.17527
Flood,2016-10-19,2016,10,Fall,70802,30.445471,-91.17527
Flood,2016-12-01,2016,12,Winter,70802,30.445471,-91.17527
Flood,2016-12-22,2016,12,Winter,70802,30.445471,-91.17527
Flood,2017-01-30,2017,1,Winter,70802,30.445471,-91.17527
Flood,2017-03-21,2017,3,Spring,70802,30.445471,-91.17527
Flood,2017-04-19,2017,4,Spring,70802,30.445471,-91.17527
Flood,2017-06-14,2017,6,Summer,70802,30.445471,-91.17527
Flood,2017-07-10,2017,7,Summer,70802,30.445471,-91.17527
Flood,2017-08-25,2017,8,Summer,70802,30.445471,-91.17527
Flood,2017-11-29,2017,11,Fall,70802,30.445471,-91.17527
Flood,2018-01-08,2018,1,Winter,70802,30.445471,-91.17527
Flood,2018-02-14,2018,2,Winter,70802,30.445471,-91.17527
Flood,2018-05-29,2018,5,Spring,70802,30.445471,-91.17527
Flood,2018-08-27,2018,8,Summer,70802,30.445471,-91.17527
Flood,2016-08-17,2016,8,Summer,76209,33.2315,-97.109986
Flood,2016-08-25,2016,8,Summer,70802,30.445471,-91.17527
Flood,2017-02-01,2017,2,Winter,70802,30.445471,-91.17527
Flood,2018-08-02,2018,8,Summer,70802,30.445471,-91.17527
Flood,2018-08-20,2018,8,Summer,70802,30.445471,-91.17527
Flood,2016-08-17,2016,8,Summer,70802,30.445471,-91.17527
Flood,2016-08-24,2016,8,Summer,70802,30.445471,-91.17527
Flood,2016-09-16,2016,9,Fall,70802,30.445471,-91.17527
Flood,2016-09-19,2016,9,Fall,70802,30.445471,-91.17527
Flood,2016-10-15,2016,10,Fall,70802,30.445471,-91.17527
Flood,2017-02-01,2017,2,Winter,70802,30.445471,-91.17527
Flood,2016-08-15,2016,8,Summer,76209,33.2315,-97.109986
Flood,2016-09-14,2016,9,Fall,76209,33.2315,-97.109986
Flood,2016-08-17,2016,8,Summer,70802,30.445471,-91.17527
Flood,2016-08-26,2016,8,Summer,70802,30.445471,-91.17527
Flood,2016-10-18,2016,10,Fall,70802,30.445471,-91.17527
Flood,2016-10-04,2016,10,Fall,64114,38.957802,-94.598599
Flood,2018-07-12,2018,7,Summer,64114,38.957802,-94.598599
Hurricane,2016-10-14,2016,10,Fall,32399,30.383268,-84.231203
Hurricane,2017-08-17,2017,8,Summer,32399,30.383268,-84.231203
Hurricane,2016-10-10,2016,10,Fall,32301,30.427618,-84.257753
Hurricane,2017-04-21,2017,4,Spring,32301,30.427618,-84.257753
Hurricane,2016-10-15,2016,10,Fall,32301,30.427618,-84.257753
Hurricane,2017-04-21,2017,4,Spring,32301,30.427618,-84.257753
Hurricane,2016-10-12,2016,10,Fall,31093,32.647873,-83.657206
Hurricane,2017-03-14,2017,3,Spring,31093,32.647873,-83.657206
Hurricane,2016-10-13,2016,10,Fall,30316,33.716794,-84.331343
Hurricane,2016-10-14,2016,10,Fall,30316,33.716794,-84.331343
Hurricane,2016-11-29,2016,11,Fall,30316,33.716794,-84.331343
Hurricane,2017-02-07,2017,2,Winter,30316,33.716794,-84.331343
Hurricane,2017-02-08,2017,2,Winter,30316,33.716794,-84.331343
Hurricane,2017-05-03,2017,5,Spring,30316,33.716794,-84.331343
Hurricane,2016-10-27,2016,10,Fall,31419,31.984562,-81.23695
Hurricane,2017-01-24,2017,1,Winter,31419,31.984562,-81.23695
Hurricane,2017-02-16,2017,2,Winter,31419,31.984562,-81.23695
Hurricane,2017-06-28,2017,6,Summer,31419,31.984562,-81.23695
Hurricane,2018-08-23,2018,8,Summer,31419,31.984562,-81.23695
Hurricane,2016-10-12,2016,10,Fall,27607,35.817784,-78.727509
Hurricane,2016-10-24,2016,10,Fall,27607,35.817784,-78.727509
Hurricane,2016-11-02,2016,11,Fall,27607,35.817784,-78.727509
Hurricane,2016-12-13,2016,12,Winter,27713,35.883522,-78.935541
Hurricane,2017-01-30,2017,1,Winter,27713,35.883522,-78.935541
Hurricane,2017-02-28,2017,2,Winter,27713,35.883522,-78.935541
Hurricane,2017-05-01,2017,5,Spring,27713,35.883522,-78.935541
Hurricane,2017-06-22,2017,6,Summer,27713,35.883522,-78.935541
Hurricane,2016-12-13,2016,12,Winter,27713,35.883522,-78.935541
Hurricane,2017-01-30,2017,1,Winter,27713,35.883522,-78.935541
Hurricane,2017-05-01,2017,5,Spring,27713,35.883522,-78.935541
Hurricane,2017-06-22,2017,6,Summer,27713,35.883522,-78.935541
Hurricane,2017-08-18,2017,8,Summer,27713,35.883522,-78.935541
Hurricane,2016-10-26,2016,10,Fall,27607,35.817784,-78.727509
Hurricane,2016-11-02,2016,11,Fall,27607,35.817784,-78.727509
Hurricane,2016-12-14,2016,12,Winter,27713,35.883522,-78.935541
Hurricane,2017-02-28,2017,2,Winter,27713,35.883522,-78.935541
Hurricane,2017-05-01,2017,5,Spring,27713,35.883522,-78.935541
Hurricane,2017-06-22,2017,6,Summer,27713,35.883522,-78.935541
Hurricane,2017-08-18,2017,8,Summer,27713,35.883522,-78.935541
Hurricane,2016-11-07,2016,11,Fall,27713,35.883522,-78.935541
Hurricane,2017-01-20,2017,1,Winter,27713,35.883522,-78.935541
Hurricane,2017-04-03,2017,4,Spring,27713,35.883522,-78.935541
Hurricane,2017-05-01,2017,5,Spring,27713,35.883522,-78.935541
Hurricane,2017-06-22,2017,6,Summer,27713,35.883522,-78.935541
Hurricane,2017-08-24,2017,8,Summer,27713,35.883522,-78.935541
Hurricane,2017-11-27,2017,11,Fall,27713,35.883522,-78.935541
Stafford Act,2018-10-11,2018,10,Fall,27713,35.883522,-78.935541
Hurricane,2018-10-12,2018,10,Fall,30316,33.716794,-84.331343
Hurricane,2018-10-15,2018,10,Fall,30316,33.716794,-84.331343
Hurricane,2020-01-07,2020,1,Winter,30316,33.716794,-84.331343
Hurricane,2020-02-05,2020,2,Winter,30316,33.716794,-84.331343
Hurricane,2020-03-11,2020,3,Spring,30316,33.716794,-84.331343
Hurricane,2020-03-16,2020,3,Spring,30316,33.716794,-84.331343
Hurricane,2018-10-13,2018,10,Fall,31704,31.549679,-84.055507
Hurricane,2018-10-19,2018,10,Fall,31704,31.549679,-84.055507
Hurricane,2019-11-04,2019,11,Fall,31704,31.549679,-84.055507
Hurricane,2020-02-03,2020,2,Winter,31704,31.549679,-84.055507
Hurricane,2018-10-12,2018,10,Fall,30083,33.796597,-84.192603
Hurricane,2018-10-17,2018,10,Fall,30083,33.796597,-84.192603
Hurricane,2018-10-12,2018,10,Fall,30341,33.888505,-84.289532
Hurricane,2019-08-27,2019,8,Summer,30341,33.888505,-84.289532
Fire,2018-11-11,2018,11,Fall,95655,38.549228,-121.278598
Fire,2018-11-11,2018,11,Fall,95655,38.549228,-121.278598
Fire,2019-03-06,2019,3,Spring,95655,38.549228,-121.278598
Fire,2018-11-10,2018,11,Fall,95655,38.549228,-121.278598
Fire,2019-03-18,2019,3,Spring,95655,38.549228,-121.278598
Fire,2019-06-26,2019,6,Summer,95655,38.549228,-121.278598
Fire,2018-11-11,2018,11,Fall,95655,38.549228,-121.278598
Fire,2019-08-22,2019,8,Summer,95655,38.549228,-121.278598
Fire,2018-11-10,2018,11,Fall,95655,38.549228,-121.278598
Fire,2018-11-12,2018,11,Fall,95655,38.549228,-121.278598
Fire,2019-08-22,2019,8,Summer,95655,38.549228,-121.278598
Fire,2018-11-10,2018,11,Fall,95655,38.549228,-121.278598
Fire,2019-08-22,2019,8,Summer,95655,38.549228,-121.278598
Fire,2018-11-10,2018,11,Fall,95655,38.549228,-121.278598
Fire,2019-08-22,2019,8,Summer,95655,38.549228,-121.278598
Fire,2018-11-18,2018,11,Fall,95655,38.549228,-121.278598
Fire,2019-05-03,2019,5,Spring,95655,38.549228,-121.278598
Fire,2018-11-11,2018,11,Fall,95655,38.549228,-121.278598
Fire,2018-11-17,2018,11,Fall,95655,38.549228,-121.278598
Fire,2018-11-10,2018,11,Fall,95655,38.549228,-121.278598
Fire,2019-08-22,2019,8,Summer,95655,38.549228,-121.278598
Earthquake,2018-12-01,2018,12,Winter,98021,47.792571,-122.208429
Earthquake,2019-12-13,2019,12,Winter,98021,47.792571,-122.208429
Earthquake,2018-12-01,2018,12,Winter,98021,47.792571,-122.208429
Earthquake,2019-03-18,2019,3,Spring,98021,47.792571,-122.208429
Earthquake,2018-12-01,2018,12,Winter,98021,47.792571,-122.208429
Earthquake,2018-12-13,2018,12,Winter,98021,47.792571,-122.208429
Earthquake,2019-03-20,2019,3,Spring,98021,47.792571,-122.208429
Earthquake,2019-03-28,2019,3,Spring,98021,47.792571,-122.208429
Earthquake,2019-09-24,2019,9,Fall,98021,47.792571,-122.208429
Earthquake,2020-08-24,2020,8,Summer,98021,47.792571,-122.208429
Earthquake,2018-12-01,2018,12,Winter,98021,47.792571,-122.208429
Earthquake,2020-10-30,2020,10,Fall,98198,47.391319,-122.314971
Earthquake,2020-11-18,2020,11,Fall,98198,47.391319,-122.314971
Earthquake,2018-12-01,2018,12,Winter,98021,47.792571,-122.208429
Earthquake,2019-10-09,2019,10,Fall,98021,47.792571,-122.208429
Earthquake,2018-12-01,2018,12,Winter,98021,47.792571,-122.208429
Earthquake,2018-12-13,2018,12,Winter,98021,47.792571,-122.208429
Earthquake,2020-11-25,2020,11,Fall,98021,47.792571,-122.208429
Earthquake,2018-12-01,2018,12,Winter,98021,47.792571,-122.208429
Earthquake,2019-03-20,2019,3,Spring,98021,47.792571,-122.208429
Earthquake,2018-12-01,2018,12,Winter,98021,47.792571,-122.208429
Earthquake,2020-05-04,2020,5,Spring,98021,47.792571,-122.208429
Earthquake,2018-12-01,2018,12,Winter,98021,47.792571,-122.208429
Earthquake,2020-10-02,2020,10,Fall,98021,47.792571,-122.208429
Earthquake,2018-12-01,2018,12,Winter,98021,47.792571,-122.208429
Earthquake,2019-01-31,2019,1,Winter,98021,47.792571,-122.208429
Earthquake,2018-12-01,2018,12,Winter,98021,47.792571,-122.208429
Earthquake,2018-12-04,2018,12,Winter,98021,47.792571,-122.208429
Earthquake,2019-09-04,2019,9,Fall,98021,47.792571,-122.208429
Earthquake,2018-12-01,2018,12,Winter,98021,47.792571,-122.208429
Earthquake,2019-09-04,2019,9,Fall,98021,47.792571,-122.208429
Earthquake,2018-12-01,2018,12,Winter,98021,47.792571,-122.208429
Earthquake,2020-05-05,2020,5,Spring,98021,47.792571,-122.208429
Earthquake,2018-12-01,2018,12,Winter,98021,47.792571,-122.208429
Earthquake,2019-03-20,2019,3,Spring,98021,47.792571,-122.208429
Flood,2019-05-26,2019,5,Spring,76209,33.2315,-97.109986
Flood,2019-12-12,2019,12,Winter,76209,33.2315,-97.109986
Flood,2019-05-29,2019,5,Spring,76209,33.2315,-97.109986
Flood,2020-12-01,2020,12,Winter,76209,33.2315,-97.109986
Flood,2019-05-26,2019,5,Spring,76209,33.2315,-97.109986
Flood,2019-12-12,2019,12,Winter,76209,33.2315,-97.109986
Flood,2019-12-16,2019,12,Winter,76209,33.2315,-97.109986
Flood,2019-05-28,2019,5,Spring,76209,33.2315,-97.109986
Flood,2019-12-17,2019,12,Winter,76209,33.2315,-97.109986
Severe Storm,2019-05-30,2019,5,Spring,64131,38.959809,-94.571951
Severe Storm,2019-09-11,2019,9,Fall,64131,38.959809,-94.571951
Severe Storm,2019-05-30,2019,5,Spring,64131,38.959809,-94.571951
Severe Storm,2019-10-08,2019,10,Fall,64131,38.959809,-94.571951
Severe Storm,2019-05-31,2019,5,Spring,66611,39.018756,-95.696387
Severe Storm,2020-10-01,2020,10,Fall,66611,39.018756,-95.696387
Severe Storm,2019-06-14,2019,6,Summer,64131,38.959809,-94.571951
Severe Storm,2019-06-21,2019,6,Summer,64131,38.959809,-94.571951
Severe Storm,2019-05-30,2019,5,Spring,64131,38.959809,-94.571951
Severe Storm,2020-07-23,2020,7,Summer,64131,38.959809,-94.571951
Severe Storm,2019-05-30,2019,5,Spring,64131,38.959809,-94.571951
Severe Storm,2019-05-31,2019,5,Spring,64131,38.959809,-94.571951
Severe Storm,2019-08-22,2019,8,Summer,64131,38.959809,-94.571951
Severe Storm,2019-08-27,2019,8,Summer,64131,38.959809,-94.571951
Severe Storm,2019-06-05,2019,6,Summer,66502,39.139945,-96.528718
Severe Storm,2020-09-30,2020,9,Fall,66502,39.139945,-96.528718
Severe Storm,2019-06-03,2019,6,Summer,64131,38.959809,-94.571951
Severe Storm,2020-03-04,2020,3,Spring,64131,38.959809,-94.571951
Flood,2019-06-06,2019,6,Summer,76209,33.2315,-97.109986
Flood,2019-06-12,2019,6,Summer,76209,33.2315,-97.109986
Flood,2019-06-05,2019,6,Summer,76209,33.2315,-97.109986
Flood,2019-07-10,2019,7,Summer,76209,33.2315,-97.109986
Earthquake,2019-07-10,2019,7,Summer,95655,38.549228,-121.278598
Earthquake,2019-10-27,2019,10,Fall,95655,38.549228,-121.278598
Coastal Storm,2019-07-12,2019,7,Summer,70814,30.485018,-91.061669
Coastal Storm,2019-07-17,2019,7,Summer,70814,30.485018,-91.061669
Coastal Storm,2020-01-06,2020,1,Winter,70814,30.485018,-91.061669
Coastal Storm,2019-07-12,2019,7,Summer,76209,33.2315,-97.109986
Coastal Storm,2019-07-13,2019,7,Summer,76209,33.2315,-97.109986
Coastal Storm,2019-07-17,2019,7,Summer,76209,33.2315,-97.109986
Coastal Storm,2019-12-11,2019,12,Winter,76209,33.2315,-97.109986
Coastal Storm,2019-07-13,2019,7,Summer,76209,33.2315,-97.109986
Coastal Storm,2019-07-13,2019,7,Summer,76209,33.2315,-97.109986
Coastal Storm,2019-10-15,2019,10,Fall,76209,33.2315,-97.109986
Coastal Storm,2019-07-12,2019,7,Summer,76209,33.2315,-97.109986
Coastal Storm,2019-07-13,2019,7,Summer,76209,33.2315,-97.109986
Coastal Storm,2019-12-11,2019,12,Winter,76209,33.2315,-97.109986
Coastal Storm,2019-07-12,2019,7,Summer,76209,33.2315,-97.109986
Coastal Storm,2019-07-13,2019,7,Summer,76209,33.2315,-97.109986
Coastal Storm,2020-12-01,2020,12,Winter,76209,33.2315,-97.109986
Coastal Storm,2021-03-10,2021,3,Spring,76209,33.2315,-97.109986
Coastal Storm,2021-06-30,2021,6,Summer,76209,33.2315,-97.109986
Coastal Storm,2021-11-04,2021,11,Fall,76209,33.2315,-97.109986
Coastal Storm,2019-07-12,2019,7,Summer,76227,33.273393,-96.990395
Coastal Storm,2019-07-13,2019,7,Summer,76227,33.273393,-96.990395
Coastal Storm,2019-12-11,2019,12,Winter,76227,33.273393,-96.990395
Coastal Storm,2020-04-21,2020,4,Spring,76227,33.273393,-96.990395
Coastal Storm,2019-07-13,2019,7,Summer,76209,33.2315,-97.109986
Coastal Storm,2019-07-13,2019,7,Summer,76209,33.2315,-97.109986
Coastal Storm,2020-09-30,2020,9,Fall,76209,33.2315,-97.109986
Coastal Storm,2019-07-13,2019,7,Summer,70802,30.445471,-91.17527
Coastal Storm,2019-07-26,2019,7,Summer,70802,30.445471,-91.17527
Coastal Storm,2020-01-06,2020,1,Winter,70802,30.445471,-91.17527
Coastal Storm,2021-03-16,2021,3,Spring,70802,30.445471,-91.17527
Coastal Storm,2019-07-13,2019,7,Summer,76209,33.2315,-97.109986
Coastal Storm,2019-07-13,2019,7,Summer,76209,33.2315,-97.109986
Coastal Storm,2019-08-18,2019,8,Summer,76209,33.2315,-97.109986
Coastal Storm,2019-07-13,2019,7,Summer,76209,33.2315,-97.109986
Coastal Storm,2019-07-13,2019,7,Summer,76209,33.2315,-97.109986
Coastal Storm,2019-10-15,2019,10,Fall,76209,33.2315,-97.109986
Coastal Storm,2019-07-12,2019,7,Summer,78209,29.488906,-98.456235
Coastal Storm,2019-07-13,2019,7,Summer,78209,29.488906,-98.456235
Coastal Storm,2019-12-12,2019,12,Winter,78209,29.488906,-98.456235
Coastal Storm,2019-07-13,2019,7,Summer,70801,30.449581,-91.185971
Coastal Storm,2020-12-01,2020,12,Winter,70801,30.449581,-91.185971
Severe Storm,2019-08-29,2019,8,Summer,20024,38.870543,-77.026826
Severe Storm,2019-09-03,2019,9,Fall,20024,38.870543,-77.026826
Severe Storm,2020-06-09,2020,6,Summer,20024,38.870543,-77.026826
Severe Storm,2019-08-29,2019,8,Summer,20024,38.870543,-77.026826
Severe Storm,2019-09-04,2019,9,Fall,20024,38.870543,-77.026826
Severe Storm,2020-06-23,2020,6,Summer,20024,38.870543,-77.026826
Hurricane,2019-09-04,2019,9,Fall,32256,30.175327,-81.471951
Hurricane,2019-09-04,2019,9,Fall,32256,30.175327,-81.471951
Hurricane,2019-08-31,2019,8,Summer,20024,38.870543,-77.026826
Hurricane,2019-09-27,2019,9,Fall,20024,38.870543,-77.026826
Hurricane,2019-09-01,2019,9,Fall,28307,35.139601999999996,-78.993577
Hurricane,2020-02-26,2020,2,Winter,28307,35.139601999999996,-78.993577
Hurricane,2020-06-24,2020,6,Summer,28307,35.139601999999996,-78.993577
Hurricane,2019-09-01,2019,9,Fall,28307,35.139601999999996,-78.993577
Hurricane,2019-09-30,2019,9,Fall,28307,35.139601999999996,-78.993577
Hurricane,2019-09-01,2019,9,Fall,28307,35.139601999999996,-78.993577
Hurricane,2020-03-11,2020,3,Spring,28307,35.139601999999996,-78.993577
Hurricane,2019-09-01,2019,9,Fall,28307,35.139601999999996,-78.993577
Hurricane,2019-09-30,2019,9,Fall,28307,35.139601999999996,-78.993577
Hurricane,2019-09-02,2019,9,Fall,32091,29.933025,-82.113403
Hurricane,2019-09-10,2019,9,Fall,32091,29.933025,-82.113403
Hurricane,2019-08-31,2019,8,Summer,20024,38.870543,-77.026826
Hurricane,2019-09-03,2019,9,Fall,32306,30.442319,-84.294482
Hurricane,2020-03-23,2020,3,Spring,32306,30.442319,-84.294482
Hurricane,2019-09-03,2019,9,Fall,32819,28.453705,-81.472373
Hurricane,2020-01-14,2020,1,Winter,32819,28.453705,-81.472373
Hurricane,2019-09-03,2019,9,Fall,29044,33.92571,-80.695204
Hurricane,2019-09-05,2019,9,Fall,29044,33.92571,-80.695204
Hurricane,2019-09-11,2019,9,Fall,29044,33.92571,-80.695204
Hurricane,2020-07-24,2020,7,Summer,29044,33.92571,-80.695204
Hurricane,2021-01-21,2021,1,Winter,29044,33.92571,-80.695204
Hurricane,2021-03-10,2021,3,Spring,29044,33.92571,-80.695204
Hurricane,2019-09-05,2019,9,Fall,27560,35.8576,-78.827114
Hurricane,2020-03-23,2020,3,Spring,27560,35.8576,-78.827114
Hurricane,2019-09-05,2019,9,Fall,27607,35.817784,-78.727509
Hurricane,2020-03-23,2020,3,Spring,27607,35.817784,-78.727509
Hurricane,2019-09-06,2019,9,Fall,28401,34.291985,-77.972365
Hurricane,2020-06-10,2020,6,Summer,28401,34.291985,-77.972365
Hurricane,2019-09-05,2019,9,Fall,29201,33.982478,-81.028094
Hurricane,2020-06-03,2020,6,Summer,29201,33.982478,-81.028094
Earthquake,2020-01-09,2020,1,Winter,11201,40.6937,-73.989859
Earthquake,2020-01-13,2020,1,Winter,11201,40.6937,-73.989859
Earthquake,2020-01-17,2020,1,Winter,11201,40.6937,-73.989859
Earthquake,2020-01-08,2020,1,Winter,11201,40.6937,-73.989859
Earthquake,2020-01-09,2020,1,Winter,11201,40.6937,-73.989859
Earthquake,2020-01-08,2020,1,Winter,11201,40.6937,-73.989859
Earthquake,2020-01-13,2020,1,Winter,11201,40.6937,-73.989859
Earthquake,2021-02-11,2021,2,Winter,11201,40.6937,-73.989859
Earthquake,2020-01-12,2020,1,Winter,08837,40.514281,-74.343859
Earthquake,2021-02-11,2021,2,Winter,08837,40.514281,-74.343859
Earthquake,2020-01-08,2020,1,Winter,11201,40.6937,-73.989859
Earthquake,2020-01-13,2020,1,Winter,11201,40.6937,-73.989859
Earthquake,2020-06-17,2020,6,Summer,11201,40.6937,-73.989859
Earthquake,2020-01-09,2020,1,Winter,11201,40.6937,-73.989859
Earthquake,2020-05-19,2020,5,Spring,11201,40.6937,-73.989859
Earthquake,2020-01-08,2020,1,Winter,11201,40.6937,-73.989859
Earthquake,2020-05-19,2020,5,Spring,11201,40.6937,-73.989859
Earthquake,2020-07-10,2020,7,Summer,11201,40.6937,-73.989859
Biological,2020-03-16,2020,3,Spring,98433,47.092304,-122.608054
Biological,2020-09-03,2020,9,Fall,98433,47.092304,-122.608054
Biological,2020-03-19,2020,3,Spring,98433,47.092304,-122.608054
Biological,2020-03-21,2020,3,Spring,98433,47.092304,-122.608054
Biological,2020-03-25,2020,3,Spring,98433,47.092304,-122.608054
Biological,2020-03-16,2020,3,Spring,94607,37.808842,-122.304697
Biological,2020-03-28,2020,3,Spring,94607,37.808842,-122.304697
Biological,2020-03-16,2020,3,Spring,94607,37.808842,-122.304697
Biological,2020-03-28,2020,3,Spring,94607,37.808842,-122.304697
Biological,2020-03-16,2020,3,Spring,94607,37.808842,-122.304697
Hurricane,2016-11-14,2016,11,Fall,27713,35.883522,-78.935541
Hurricane,2017-02-02,2017,2,Winter,27713,35.883522,-78.935541
Hurricane,2017-06-22,2017,6,Summer,27713,35.883522,-78.935541
Hurricane,2017-08-18,2017,8,Summer,27713,35.883522,-78.935541
Hurricane,2016-11-29,2016,11,Fall,27713,35.883522,-78.935541
Hurricane,2016-12-30,2016,12,Winter,27713,35.883522,-78.935541
Hurricane,2017-03-29,2017,3,Spring,27713,35.883522,-78.935541
Hurricane,2017-05-17,2017,5,Spring,27713,35.883522,-78.935541
Hurricane,2017-06-28,2017,6,Summer,27713,35.883522,-78.935541
Hurricane,2017-08-18,2017,8,Summer,27713,35.883522,-78.935541
Hurricane,2018-09-05,2018,9,Fall,27713,35.883522,-78.935541
Hurricane,2016-11-07,2016,11,Fall,27713,35.883522,-78.935541
Hurricane,2017-01-20,2017,1,Winter,27713,35.883522,-78.935541
Hurricane,2017-07-24,2017,7,Summer,27713,35.883522,-78.935541
Hurricane,2017-08-22,2017,8,Summer,27713,35.883522,-78.935541
Hurricane,2018-03-06,2018,3,Spring,27713,35.883522,-78.935541
Hurricane,2016-11-10,2016,11,Fall,27713,35.883522,-78.935541
Hurricane,2017-01-20,2017,1,Winter,27713,35.883522,-78.935541
Hurricane,2017-02-16,2017,2,Winter,27713,35.883522,-78.935541
Hurricane,2017-08-22,2017,8,Summer,27713,35.883522,-78.935541
Hurricane,2018-08-23,2018,8,Summer,27713,35.883522,-78.935541
Hurricane,2016-11-07,2016,11,Fall,27713,35.883522,-78.935541
Hurricane,2017-01-20,2017,1,Winter,27713,35.883522,-78.935541
Hurricane,2017-03-02,2017,3,Spring,27713,35.883522,-78.935541
Hurricane,2017-08-22,2017,8,Summer,27713,35.883522,-78.935541
Hurricane,2018-05-22,2018,5,Spring,27713,35.883522,-78.935541
Hurricane,2019-09-20,2019,9,Fall,27713,35.883522,-78.935541
Hurricane,2021-10-06,2021,10,Fall,27713,35.883522,-78.935541
Hurricane,2016-10-16,2016,10,Fall,27607,35.817784,-78.727509
Hurricane,2016-11-10,2016,11,Fall,27607,35.817784,-78.727509
Hurricane,2017-02-28,2017,2,Winter,27713,35.883522,-78.935541
Hurricane,2017-04-18,2017,4,Spring,27713,35.883522,-78.935541
Hurricane,2017-06-22,2017,6,Summer,27713,35.883522,-78.935541
Hurricane,2017-09-08,2017,9,Fall,27713,35.883522,-78.935541
Hurricane,2017-12-07,2017,12,Winter,27713,35.883522,-78.935541
Hurricane,2018-08-27,2018,8,Summer,27713,35.883522,-78.935541
Hurricane,2019-11-16,2019,11,Fall,27713,35.883522,-78.935541
Hurricane,2019-11-18,2019,11,Fall,27713,35.883522,-78.935541
Hurricane,2016-11-03,2016,11,Fall,27601,35.773661,-78.634563
Hurricane,2017-02-02,2017,2,Winter,27601,35.773661,-78.634563
Hurricane,2017-03-02,2017,3,Spring,27601,35.773661,-78.634563
Hurricane,2018-08-20,2018,8,Summer,27601,35.773661,-78.634563
Hurricane,2016-10-15,2016,10,Fall,91103,34.167361,-118.164144
Hurricane,2019-03-22,2019,3,Spring,91103,34.167361,-118.164144
Hurricane,2016-12-13,2016,12,Winter,27713,35.883522,-78.935541
Hurricane,2018-02-16,2018,2,Winter,27713,35.883522,-78.935541
Hurricane,2016-11-07,2016,11,Fall,27713,35.883522,-78.935541
Hurricane,2017-01-20,2017,1,Winter,27713,35.883522,-78.935541
Hurricane,2017-04-21,2017,4,Spring,27713,35.883522,-78.935541
Hurricane,2017-08-22,2017,8,Summer,27713,35.883522,-78.935541
Hurricane,2018-06-29,2018,6,Summer,27713,35.883522,-78.935541
Hurricane,2019-02-21,2019,2,Winter,27713,35.883522,-78.935541
Hurricane,2020-06-18,2020,6,Summer,27713,35.883522,-78.935541
Hurricane,2016-11-23,2016,11,Fall,27713,35.883522,-78.935541
Hurricane,2017-01-09,2017,1,Winter,27713,35.883522,-78.935541
Hurricane,2017-02-23,2017,2,Winter,27713,35.883522,-78.935541
Hurricane,2017-04-04,2017,4,Spring,27713,35.883522,-78.935541
Hurricane,2017-05-01,2017,5,Spring,27713,35.883522,-78.935541
Hurricane,2017-06-12,2017,6,Summer,27713,35.883522,-78.935541
Hurricane,2016-11-23,2016,11,Fall,27713,35.883522,-78.935541
Hurricane,2017-01-20,2017,1,Winter,27713,35.883522,-78.935541
Hurricane,2017-05-12,2017,5,Spring,27713,35.883522,-78.935541
Hurricane,2017-08-22,2017,8,Summer,27713,35.883522,-78.935541
Hurricane,2016-10-12,2016,10,Fall,29172,33.905765,-81.075502
Hurricane,2016-10-18,2016,10,Fall,29016,34.204016,-80.992765
Hurricane,2017-04-25,2017,4,Spring,29016,34.204016,-80.992765
Hurricane,2017-06-28,2017,6,Summer,29016,34.204016,-80.992765
Hurricane,2016-10-14,2016,10,Fall,29172,33.905765,-81.075502
Hurricane,2016-11-04,2016,11,Fall,29172,33.905765,-81.075502
Hurricane,2016-12-08,2016,12,Winter,29172,33.905765,-81.075502
Hurricane,2017-02-09,2017,2,Winter,29172,33.905765,-81.075502
Hurricane,2017-06-02,2017,6,Summer,29172,33.905765,-81.075502
Hurricane,2016-11-03,2016,11,Fall,29016,34.204016,-80.992765
Hurricane,2016-12-21,2016,12,Winter,29016,34.204016,-80.992765
Hurricane,2017-02-16,2017,2,Winter,29016,34.204016,-80.992765
Hurricane,2017-04-04,2017,4,Spring,29016,34.204016,-80.992765
Hurricane,2017-06-28,2017,6,Summer,29016,34.204016,-80.992765
Hurricane,2017-10-17,2017,10,Fall,29016,34.204016,-80.992765
Hurricane,2018-07-09,2018,7,Summer,29016,34.204016,-80.992765
Hurricane,2016-10-20,2016,10,Fall,29016,34.204016,-80.992765
Hurricane,2017-06-21,2017,6,Summer,29016,34.204016,-80.992765
Hurricane,2017-02-23,2017,2,Winter,29016,34.204016,-80.992765
Hurricane,2017-05-01,2017,5,Spring,29016,34.204016,-80.992765
Hurricane,2016-10-31,2016,10,Fall,29016,34.204016,-80.992765
Hurricane,2016-12-21,2016,12,Winter,29016,34.204016,-80.992765
Hurricane,2017-07-25,2017,7,Summer,29016,34.204016,-80.992765
Hurricane,2018-08-23,2018,8,Summer,29016,34.204016,-80.992765
Hurricane,2020-01-22,2020,1,Winter,29016,34.204016,-80.992765
Hurricane,2016-10-12,2016,10,Fall,29172,33.905765,-81.075502
Hurricane,2017-04-21,2017,4,Spring,29172,33.905765,-81.075502
Hurricane,2018-08-23,2018,8,Summer,29172,33.905765,-81.075502
Hurricane,2016-10-12,2016,10,Fall,29172,33.905765,-81.075502
Hurricane,2017-05-31,2017,5,Spring,29172,33.905765,-81.075502
Flood,2016-10-27,2016,10,Fall,53704,43.135832,-89.34748
Flood,2016-12-01,2016,12,Winter,53704,43.135832,-89.34748
Flood,2017-05-11,2017,5,Spring,53704,43.135832,-89.34748
Flood,2016-11-03,2016,11,Fall,50324,41.604709,-93.712724
Flood,2017-09-29,2017,9,Fall,50324,41.604709,-93.712724
Flood,2023-09-20,2023,9,Fall,50324,41.604709,-93.712724
Hurricane,2016-11-04,2016,11,Fall,23235,37.51457,-77.564758
Hurricane,2016-11-09,2016,11,Fall,23235,37.51457,-77.564758
Hurricane,2016-11-10,2016,11,Fall,23235,37.51457,-77.564758
Hurricane,2016-11-15,2016,11,Fall,23235,37.51457,-77.564758
Hurricane,2016-11-29,2016,11,Fall,23235,37.51457,-77.564758
Hurricane,2017-03-17,2017,3,Spring,23235,37.51457,-77.564758
Hurricane,2016-11-04,2016,11,Fall,23235,37.51457,-77.564758
Hurricane,2016-12-16,2016,12,Winter,23235,37.51457,-77.564758
Hurricane,2016-12-21,2016,12,Winter,23235,37.51457,-77.564758
Hurricane,2017-02-23,2017,2,Winter,23235,37.51457,-77.564758
Hurricane,2017-05-10,2017,5,Spring,23235,37.51457,-77.564758
Hurricane,2018-03-06,2018,3,Spring,23235,37.51457,-77.564758
Hurricane,2018-08-27,2018,8,Summer,23235,37.51457,-77.564758
Fire,2017-01-03,2017,1,Winter,37862,35.736359,-83.672368
Fire,2017-01-31,2017,1,Winter,37862,35.736359,-83.672368
Fire,2017-08-17,2017,8,Summer,37862,35.736359,-83.672368
Severe Storm,2017-01-28,2017,1,Winter,31419,31.984562,-81.23695
Severe Storm,2017-01-30,2017,1,Winter,31419,31.984562,-81.23695
Severe Storm,2017-05-03,2017,5,Spring,31419,31.984562,-81.23695
Severe Storm,2017-06-28,2017,6,Summer,31419,31.984562,-81.23695
Severe Storm,2017-01-28,2017,1,Winter,31793,31.461884,-83.58121
Severe Storm,2017-01-30,2017,1,Winter,31793,31.461884,-83.58121
Severe Storm,2017-06-28,2017,6,Summer,31793,31.461884,-83.58121
Severe Storm,2018-08-23,2018,8,Summer,31793,31.461884,-83.58121
Severe Storm,2017-01-28,2017,1,Winter,31419,31.984562,-81.23695
Severe Storm,2017-01-27,2017,1,Winter,97301,44.951839,-123.006246
Severe Storm,2017-03-10,2017,3,Spring,97301,44.951839,-123.006246
Severe Storm,2018-07-27,2018,7,Summer,97301,44.951839,-123.006246
Tornado,2017-01-28,2017,1,Winter,31793,31.461884,-83.58121
Tornado,2017-06-28,2017,6,Summer,31793,31.461884,-83.58121
Tornado,2018-08-23,2018,8,Summer,31793,31.461884,-83.58121
Tornado,2017-01-30,2017,1,Winter,31792,30.765554,-84.043154
Tornado,2017-02-02,2017,2,Winter,31792,30.765554,-84.043154
Tornado,2017-05-03,2017,5,Spring,31792,30.765554,-84.043154
Tornado,2017-06-29,2017,6,Summer,31792,30.765554,-84.043154
Tornado,2019-02-08,2019,2,Winter,31792,30.765554,-84.043154
Severe Storm,2018-05-30,2018,5,Spring,52225,42.012912,-92.326337
Severe Storm,2017-02-10,2017,2,Winter,57501,44.527632,-100.309123
Severe Storm,2017-05-03,2017,5,Spring,57501,44.527632,-100.309123
Severe Storm,2017-09-13,2017,9,Fall,57501,44.527632,-100.309123
Severe Storm,2017-02-23,2017,2,Winter,95827,38.54836,-121.327497
Severe Storm,2017-04-21,2017,4,Spring,95827,38.54836,-121.327497
Severe Storm,2017-05-05,2017,5,Spring,95827,38.54836,-121.327497
Severe Storm,2017-07-11,2017,7,Summer,95827,38.54836,-121.327497
Severe Storm,2019-05-29,2019,5,Spring,95827,38.54836,-121.327497
Severe Storm,2017-03-24,2017,3,Spring,95827,38.54836,-121.327497
Severe Storm,2017-05-08,2017,5,Spring,95827,38.54836,-121.327497
Severe Storm,2017-03-15,2017,3,Spring,95827,38.54836,-121.327497
Severe Storm,2017-07-11,2017,7,Summer,95827,38.54836,-121.327497
Severe Storm,2018-06-25,2018,6,Summer,95827,38.54836,-121.327497
Severe Storm,2022-08-23,2022,8,Summer,95827,38.54836,-121.327497
Severe Storm,2023-05-05,2023,5,Spring,95827,38.54836,-121.327497
Severe Storm,2017-02-27,2017,2,Winter,89701,39.12893,-119.725413
Severe Storm,2017-03-15,2017,3,Spring,89701,39.12893,-119.725413
Severe Storm,2017-03-24,2017,3,Spring,89705,39.090042,-119.836881
Severe Storm,2019-05-29,2019,5,Spring,89705,39.090042,-119.836881
Severe Storm,2017-02-22,2017,2,Winter,94607,37.808842,-122.304697
Severe Storm,2017-03-03,2017,3,Spring,89701,39.12893,-119.725413
Severe Storm,2018-06-25,2018,6,Summer,89701,39.12893,-119.725413
Severe Ice Storm,2017-02-27,2017,2,Winter,64114,38.957802,-94.598599
Severe Ice Storm,2017-06-05,2017,6,Summer,64114,38.957802,-94.598599
Severe Storm,2017-04-11,2017,4,Spring,89705,39.090042,-119.836881
Severe Storm,2017-05-12,2017,5,Spring,89705,39.090042,-119.836881
Severe Storm,2017-06-22,2017,6,Summer,89705,39.090042,-119.836881
Severe Storm,2017-12-21,2017,12,Winter,89705,39.090042,-119.836881
Flood,2017-04-14,2017,4,Spring,95827,38.54836,-121.327497
Flood,2017-07-11,2017,7,Summer,95827,38.54836,-121.327497
Flood,2018-08-27,2018,8,Summer,95827,38.54836,-121.327497
Flood,2018-10-18,2018,10,Fall,95827,38.54836,-121.327497
Flood,2018-11-26,2018,11,Fall,95827,38.54836,-121.327497
Flood,2017-09-01,2017,9,Fall,95827,38.54836,-121.327497
Flood,2018-09-25,2018,9,Fall,95827,38.54836,-121.327497
Flood,2017-04-21,2017,4,Spring,98021,47.792571,-122.208429
Flood,2018-08-29,2018,8,Summer,98021,47.792571,-122.208429
Flood,2017-05-23,2017,5,Spring,83814,47.69066,-116.654917
Flood,2019-02-27,2019,2,Winter,83814,47.69066,-116.654917
Flood,2020-11-25,2020,11,Fall,83814,47.69066,-116.654917
Severe Storm,2017-05-30,2017,5,Spring,73105,35.519523,-97.503225
Severe Storm,2017-09-05,2017,9,Fall,73105,35.519523,-97.503225
Severe Storm,2018-06-28,2018,6,Summer,73105,35.519523,-97.503225
Severe Storm,2018-09-28,2018,9,Fall,73105,35.519523,-97.503225
Severe Storm,2017-06-02,2017,6,Summer,73105,35.519523,-97.503225
Severe Storm,2017-07-06,2017,7,Summer,73105,35.519523,-97.503225
Severe Storm,2017-08-03,2017,8,Summer,73105,35.519523,-97.503225
Severe Storm,2017-09-01,2017,9,Fall,73105,35.519523,-97.503225
Severe Storm,2017-09-19,2017,9,Fall,73105,35.519523,-97.503225
Severe Storm,2017-11-08,2017,11,Fall,73105,35.519523,-97.503225
Severe Storm,2017-12-04,2017,12,Winter,73105,35.519523,-97.503225
Severe Storm,2018-01-09,2018,1,Winter,73105,35.519523,-97.503225
Severe Storm,2018-01-17,2018,1,Winter,73105,35.519523,-97.503225
Severe Storm,2018-04-06,2018,4,Spring,73105,35.519523,-97.503225
Severe Storm,2018-06-20,2018,6,Summer,73105,35.519523,-97.503225
Flood,2017-07-19,2017,7,Summer,65101,38.49743,-92.133196
Flood,2017-11-09,2017,11,Fall,65109,38.573482,-92.276821
Flood,2017-12-12,2017,12,Winter,65109,38.573482,-92.276821
Flood,2018-01-26,2018,1,Winter,64131,38.959809,-94.571951
Flood,2018-01-31,2018,1,Winter,64131,38.959809,-94.571951
Flood,2018-02-26,2018,2,Winter,64131,38.959809,-94.571951
Flood,2018-03-28,2018,3,Spring,64131,38.959809,-94.571951
Flood,2018-09-21,2018,9,Fall,64131,38.959809,-94.571951
Flood,2017-06-30,2017,6,Summer,65101,38.49743,-92.133196
Flood,2018-04-27,2018,4,Spring,65109,38.573482,-92.276821
Flood,2017-06-30,2017,6,Summer,65101,38.49743,-92.133196
Flood,2018-12-04,2018,12,Winter,65101,38.49743,-92.133196
Flood,2019-04-05,2019,4,Spring,65101,38.49743,-92.133196
Flood,2019-03-19,2019,3,Spring,65101,38.49743,-92.133196
Flood,2017-06-08,2017,6,Summer,65101,38.49743,-92.133196
Flood,2018-06-20,2018,6,Summer,65101,38.49743,-92.133196
Flood,2017-06-06,2017,6,Summer,64114,38.957802,-94.598599
Flood,2017-12-15,2017,12,Winter,65109,38.573482,-92.276821
Flood,2018-07-30,2018,7,Summer,64131,38.959809,-94.571951
Flood,2018-08-24,2018,8,Summer,64131,38.959809,-94.571951
Snowstorm,2017-07-12,2017,7,Summer,64114,38.957802,-94.598599
Snowstorm,2018-07-10,2018,7,Summer,64114,38.957802,-94.598599
Severe Storm,2017-07-17,2017,7,Summer,64114,38.957802,-94.598599
Severe Storm,2018-08-27,2018,8,Summer,64114,38.957802,-94.598599
Severe Storm,2017-07-11,2017,7,Summer,64114,38.957802,-94.598599
Severe Storm,2018-07-17,2018,7,Summer,64114,38.957802,-94.598599
Flood,2017-07-13,2017,7,Summer,58501,46.814932,-100.698195
Flood,2021-03-08,2021,3,Spring,58501,46.814932,-100.698195
Flood,2017-07-13,2017,7,Summer,58501,46.814932,-100.698195
Flood,2018-05-30,2018,5,Spring,58501,46.814932,-100.698195
Tornado,2017-08-03,2017,8,Summer,73107,35.481939,-97.574484
Tornado,2017-09-13,2017,9,Fall,73107,35.481939,-97.574484
Tornado,2017-11-06,2017,11,Fall,73107,35.481939,-97.574484
Tornado,2017-12-04,2017,12,Winter,73107,35.481939,-97.574484
Tornado,2018-01-09,2018,1,Winter,73107,35.481939,-97.574484
Tornado,2018-01-17,2018,1,Winter,73107,35.481939,-97.574484
Tornado,2018-04-06,2018,4,Spring,73107,35.481939,-97.574484
Tornado,2018-06-20,2018,6,Summer,73107,35.481939,-97.574484
Severe Storm,2018-01-24,2018,1,Winter,64131,38.959809,-94.571951
Severe Storm,2018-03-06,2018,3,Spring,64131,38.959809,-94.571951
Severe Storm,2018-04-09,2018,4,Spring,64131,38.959809,-94.571951
Severe Storm,2018-10-19,2018,10,Fall,64131,38.959809,-94.571951
Severe Storm,2017-08-08,2017,8,Summer,64114,38.957802,-94.598599
Severe Storm,2018-08-09,2018,8,Summer,64114,38.957802,-94.598599
Severe Storm,2017-08-09,2017,8,Summer,97301,44.951839,-123.006246
Severe Storm,2018-08-29,2018,8,Summer,97301,44.951839,-123.006246
Severe Storm,2020-10-06,2020,10,Fall,97301,44.951839,-123.006246
Severe Storm,2017-08-19,2017,8,Summer,19106,39.946649,-75.142232
Severe Storm,2017-09-01,2017,9,Fall,19106,39.946649,-75.142232
Severe Storm,2017-09-13,2017,9,Fall,19106,39.946649,-75.142232
Severe Storm,2018-01-26,2018,1,Winter,19106,39.946649,-75.142232
Severe Storm,2017-08-19,2017,8,Summer,19106,39.946649,-75.142232
Severe Storm,2017-08-25,2017,8,Summer,19106,39.946649,-75.142232
Severe Storm,2017-10-20,2017,10,Fall,19106,39.946649,-75.142232
Severe Storm,2018-06-13,2018,6,Summer,19106,39.946649,-75.142232
Severe Storm,2021-10-25,2021,10,Fall,19106,39.946649,-75.142232
Hurricane,2017-10-19,2017,10,Fall,78753,30.383591,-97.673349
Hurricane,2017-12-06,2017,12,Winter,78753,30.383591,-97.673349
Hurricane,2019-02-20,2019,2,Winter,78753,30.383591,-97.673349
Hurricane,2020-07-14,2020,7,Summer,78753,30.383591,-97.673349
Hurricane,2017-12-06,2017,12,Winter,36205,33.699568,-85.787428
Hurricane,2020-01-30,2020,1,Winter,36205,33.699568,-85.787428
Hurricane,2017-08-29,2017,8,Summer,78756,30.322255,-97.740163
Hurricane,2017-08-30,2017,8,Summer,78756,30.322255,-97.740163
Hurricane,2017-09-03,2017,9,Fall,78756,30.322255,-97.740163
Hurricane,2017-09-13,2017,9,Fall,78756,30.322255,-97.740163
Hurricane,2018-04-09,2018,4,Spring,78756,30.322255,-97.740163
Hurricane,2018-08-08,2018,8,Summer,78756,30.322255,-97.740163
Hurricane,2017-08-29,2017,8,Summer,78212,29.464611,-98.493653
Hurricane,2019-04-17,2019,4,Spring,78212,29.464611,-98.493653
Hurricane,2017-08-28,2017,8,Summer,78225,29.387967,-98.525846
Hurricane,2017-08-30,2017,8,Summer,78225,29.387967,-98.525846
Hurricane,2017-08-30,2017,8,Summer,78219,29.439928,-98.384478
Hurricane,2017-09-03,2017,9,Fall,78219,29.439928,-98.384478
Hurricane,2019-04-16,2019,4,Spring,78219,29.439928,-98.384478
Hurricane,2017-08-30,2017,8,Summer,78225,29.387967,-98.525846
Hurricane,2020-02-20,2020,2,Winter,78225,29.387967,-98.525846
Hurricane,2020-06-16,2020,6,Summer,78225,29.387967,-98.525846
Hurricane,2017-09-05,2017,9,Fall,77072,29.700441,-95.585023
Hurricane,2019-04-16,2019,4,Spring,77072,29.700441,-95.585023
Hurricane,2017-10-06,2017,10,Fall,36205,33.699568,-85.787428
Hurricane,2018-03-15,2018,3,Spring,36205,33.699568,-85.787428
Hurricane,2018-11-15,2018,11,Fall,36205,33.699568,-85.787428
Hurricane,2019-02-28,2019,2,Winter,36205,33.699568,-85.787428
Hurricane,2019-04-29,2019,4,Spring,36205,33.699568,-85.787428
Hurricane,2020-01-30,2020,1,Winter,36205,33.699568,-85.787428
Hurricane,2020-04-23,2020,4,Spring,36205,33.699568,-85.787428
Hurricane,2017-08-26,2017,8,Summer,76201,33.220974,-97.146038
Hurricane,2017-08-26,2017,8,Summer,76201,33.220974,-97.146038
Hurricane,2018-04-20,2018,4,Spring,76201,33.220974,-97.146038
Hurricane,2017-08-29,2017,8,Summer,76209,33.2315,-97.109986
Hurricane,2017-08-31,2017,8,Summer,76209,33.2315,-97.109986
Hurricane,2017-09-21,2017,9,Fall,76209,33.2315,-97.109986
Hurricane,2019-01-30,2019,1,Winter,76209,33.2315,-97.109986
Hurricane,2017-09-04,2017,9,Fall,78753,30.383591,-97.673349
Hurricane,2017-11-14,2017,11,Fall,78753,30.383591,-97.673349
Hurricane,2019-01-26,2019,1,Winter,78753,30.383591,-97.673349
Hurricane,2017-09-05,2017,9,Fall,78753,30.383591,-97.673349
Hurricane,2017-09-30,2017,9,Fall,78753,30.383591,-97.673349
Hurricane,2019-08-09,2019,8,Summer,78753,30.383591,-97.673349
Hurricane,2017-09-22,2017,9,Fall,78753,30.383591,-97.673349
Hurricane,2019-08-09,2019,8,Summer,78753,30.383591,-97.673349
Hurricane,2017-08-29,2017,8,Summer,78723,30.304238,-97.68575
Hurricane,2017-08-30,2017,8,Summer,78723,30.304238,-97.68575
Hurricane,2017-08-30,2017,8,Summer,78723,30.304238,-97.68575
Hurricane,2017-09-02,2017,9,Fall,78723,30.304238,-97.68575
Hurricane,2017-09-03,2017,9,Fall,78752,30.331428,-97.703643
Hurricane,2017-09-08,2017,9,Fall,78752,30.331428,-97.703643
Hurricane,2017-08-27,2017,8,Summer,76208,33.208706,-97.05541
Hurricane,2017-08-29,2017,8,Summer,76208,33.208706,-97.05541
Hurricane,2017-09-01,2017,9,Fall,76208,33.208706,-97.05541
Hurricane,2017-09-06,2017,9,Fall,76208,33.208706,-97.05541
Hurricane,2017-09-13,2017,9,Fall,76208,33.208706,-97.05541
Hurricane,2017-10-03,2017,10,Fall,76208,33.208706,-97.05541
Hurricane,2017-10-09,2017,10,Fall,76208,33.208706,-97.05541
Hurricane,2017-10-17,2017,10,Fall,76208,33.208706,-97.05541
Hurricane,2017-12-19,2017,12,Winter,76208,33.208706,-97.05541
Hurricane,2018-03-29,2018,3,Spring,76208,33.208706,-97.05541
Hurricane,2018-05-24,2018,5,Spring,76208,33.208706,-97.05541
Hurricane,2018-06-28,2018,6,Summer,76208,33.208706,-97.05541
Hurricane,2018-10-01,2018,10,Fall,76208,33.208706,-97.05541
Hurricane,2019-09-11,2019,9,Fall,76208,33.208706,-97.05541
Hurricane,2020-06-22,2020,6,Summer,76208,33.208706,-97.05541
Hurricane,2021-01-26,2021,1,Winter,76208,33.208706,-97.05541
Hurricane,2021-03-09,2021,3,Spring,76208,33.208706,-97.05541
Hurricane,2021-07-22,2021,7,Summer,76208,33.208706,-97.05541
Hurricane,2022-01-26,2022,1,Winter,76208,33.208706,-97.05541
Hurricane,2017-08-27,2017,8,Summer,78724,30.292709,-97.617945
Hurricane,2017-10-09,2017,10,Fall,78724,30.292709,-97.617945
Hurricane,2017-12-02,2017,12,Winter,78724,30.292709,-97.617945
Hurricane,2018-02-14,2018,2,Winter,78724,30.292709,-97.617945
Hurricane,2018-03-28,2018,3,Spring,78724,30.292709,-97.617945
Hurricane,2018-04-26,2018,4,Spring,78724,30.292709,-97.617945
Hurricane,2018-05-24,2018,5,Spring,78724,30.292709,-97.617945
Hurricane,2018-06-28,2018,6,Summer,78724,30.292709,-97.617945
Hurricane,2018-10-01,2018,10,Fall,78724,30.292709,-97.617945
Hurricane,2018-11-29,2018,11,Fall,78724,30.292709,-97.617945
Hurricane,2020-11-18,2020,11,Fall,78724,30.292709,-97.617945
Hurricane,2017-08-27,2017,8,Summer,76209,33.2315,-97.109986
Hurricane,2017-09-12,2017,9,Fall,76209,33.2315,-97.109986
Hurricane,2019-03-27,2019,3,Spring,76209,33.2315,-97.109986
Hurricane,2017-08-27,2017,8,Summer,78723,30.304238,-97.68575
Hurricane,2017-08-31,2017,8,Summer,78723,30.304238,-97.68575
Hurricane,2017-09-03,2017,9,Fall,78723,30.304238,-97.68575
Hurricane,2017-09-13,2017,9,Fall,78723,30.304238,-97.68575
Hurricane,2019-03-27,2019,3,Spring,78723,30.304238,-97.68575
Hurricane,2019-08-01,2019,8,Summer,78723,30.304238,-97.68575
Hurricane,2019-09-11,2019,9,Fall,78723,30.304238,-97.68575
Hurricane,2017-08-29,2017,8,Summer,78723,30.304238,-97.68575
Hurricane,2017-09-28,2017,9,Fall,78723,30.304238,-97.68575
Hurricane,2019-09-25,2019,9,Fall,78723,30.304238,-97.68575
Hurricane,2017-08-29,2017,8,Summer,78724,30.292709,-97.617945
Hurricane,2017-09-03,2017,9,Fall,78724,30.292709,-97.617945
Hurricane,2017-09-04,2017,9,Fall,78724,30.292709,-97.617945
Hurricane,2017-09-11,2017,9,Fall,78724,30.292709,-97.617945
Hurricane,2017-10-12,2017,10,Fall,78724,30.292709,-97.617945
Hurricane,2019-09-25,2019,9,Fall,78724,30.292709,-97.617945
Hurricane,2019-09-30,2019,9,Fall,78724,30.292709,-97.617945
Hurricane,2017-09-01,2017,9,Fall,78724,30.292709,-97.617945
Hurricane,2019-09-25,2019,9,Fall,78724,30.292709,-97.617945
Hurricane,2017-09-01,2017,9,Fall,78735,30.269121,-97.868816
Hurricane,2017-09-02,2017,9,Fall,78735,30.269121,-97.868816
Hurricane,2017-10-12,2017,10,Fall,78735,30.269121,-97.868816
Hurricane,2017-12-16,2017,12,Winter,78735,30.269121,-97.868816
Hurricane,2018-01-23,2018,1,Winter,78735,30.269121,-97.868816
Hurricane,2019-06-25,2019,6,Summer,78735,30.269121,-97.868816
Hurricane,2019-06-26,2019,6,Summer,78735,30.269121,-97.868816
Hurricane,2020-08-14,2020,8,Summer,78735,30.269121,-97.868816
Hurricane,2017-09-02,2017,9,Fall,78753,30.383591,-97.673349
Hurricane,2017-10-04,2017,10,Fall,78753,30.383591,-97.673349
Hurricane,2017-10-17,2017,10,Fall,78753,30.383591,-97.673349
Hurricane,2017-12-13,2017,12,Winter,78753,30.383591,-97.673349
Hurricane,2018-03-21,2018,3,Spring,78753,30.383591,-97.673349
Hurricane,2018-04-26,2018,4,Spring,78753,30.383591,-97.673349
Hurricane,2018-05-24,2018,5,Spring,78753,30.383591,-97.673349
Hurricane,2018-06-26,2018,6,Summer,78753,30.383591,-97.673349
Hurricane,2018-07-26,2018,7,Summer,78753,30.383591,-97.673349
Hurricane,2018-08-27,2018,8,Summer,78753,30.383591,-97.673349
Hurricane,2018-09-26,2018,9,Fall,78753,30.383591,-97.673349
Hurricane,2018-10-10,2018,10,Fall,78753,30.383591,-97.673349
Hurricane,2019-01-02,2019,1,Winter,78753,30.383591,-97.673349
Hurricane,2020-07-13,2020,7,Summer,78753,30.383591,-97.673349
Hurricane,2017-09-02,2017,9,Fall,78753,30.383591,-97.673349
Hurricane,2017-09-11,2017,9,Fall,78753,30.383591,-97.673349
Hurricane,2017-10-09,2017,10,Fall,78753,30.383591,-97.673349
Hurricane,2017-10-27,2017,10,Fall,78753,30.383591,-97.673349
Hurricane,2017-12-19,2017,12,Winter,78753,30.383591,-97.673349
Hurricane,2018-01-19,2018,1,Winter,78753,30.383591,-97.673349
Hurricane,2018-01-30,2018,1,Winter,78753,30.383591,-97.673349
Hurricane,2018-02-23,2018,2,Winter,78753,30.383591,-97.673349
Hurricane,2020-11-15,2020,11,Fall,78753,30.383591,-97.673349
Hurricane,2021-01-26,2021,1,Winter,78753,30.383591,-97.673349
Hurricane,2017-09-08,2017,9,Fall,78752,30.331428,-97.703643
Hurricane,2018-12-06,2018,12,Winter,78752,30.331428,-97.703643
Hurricane,2019-03-08,2019,3,Spring,78752,30.331428,-97.703643
Hurricane,2019-06-12,2019,6,Summer,78752,30.331428,-97.703643
Hurricane,2017-09-12,2017,9,Fall,78735,30.269121,-97.868816
Hurricane,2017-10-09,2017,10,Fall,78735,30.269121,-97.868816
Hurricane,2017-11-28,2017,11,Fall,78735,30.269121,-97.868816
Hurricane,2019-05-30,2019,5,Spring,78735,30.269121,-97.868816
Hurricane,2017-09-13,2017,9,Fall,78753,30.383591,-97.673349
Hurricane,2017-10-09,2017,10,Fall,78753,30.383591,-97.673349
Hurricane,2017-11-28,2017,11,Fall,78753,30.383591,-97.673349
Hurricane,2017-09-22,2017,9,Fall,78735,30.269121,-97.868816
Hurricane,2017-10-24,2017,10,Fall,78735,30.269121,-97.868816
Hurricane,2017-11-28,2017,11,Fall,78735,30.269121,-97.868816
Hurricane,2017-09-21,2017,9,Fall,78753,30.383591,-97.673349
Hurricane,2017-10-13,2017,10,Fall,78753,30.383591,-97.673349
Hurricane,2017-11-20,2017,11,Fall,78753,30.383591,-97.673349
Hurricane,2017-11-29,2017,11,Fall,78753,30.383591,-97.673349
Hurricane,2017-11-30,2017,11,Fall,78753,30.383591,-97.673349
Hurricane,2017-09-21,2017,9,Fall,78753,30.383591,-97.673349
Hurricane,2017-12-07,2017,12,Winter,78753,30.383591,-97.673349
Hurricane,2017-09-29,2017,9,Fall,78753,30.383591,-97.673349
Hurricane,2017-10-17,2017,10,Fall,78753,30.383591,-97.673349
Hurricane,2018-01-05,2018,1,Winter,78753,30.383591,-97.673349
Hurricane,2018-05-01,2018,5,Spring,78753,30.383591,-97.673349
Hurricane,2018-05-24,2018,5,Spring,78753,30.383591,-97.673349
Hurricane,2020-07-13,2020,7,Summer,78753,30.383591,-97.673349
Hurricane,2020-07-21,2020,7,Summer,78753,30.383591,-97.673349
Hurricane,2020-07-21,2020,7,Summer,78753,30.383591,-97.673349
Hurricane,2017-09-29,2017,9,Fall,78753,30.383591,-97.673349
Hurricane,2017-10-17,2017,10,Fall,78753,30.383591,-97.673349
Hurricane,2019-09-25,2019,9,Fall,78753,30.383591,-97.673349
Hurricane,2017-10-14,2017,10,Fall,78753,30.383591,-97.673349
Hurricane,2017-10-31,2017,10,Fall,78753,30.383591,-97.673349
Hurricane,2017-11-15,2017,11,Fall,78753,30.383591,-97.673349
Hurricane,2017-11-22,2017,11,Fall,78753,30.383591,-97.673349
Hurricane,2018-01-12,2018,1,Winter,78753,30.383591,-97.673349
Hurricane,2018-07-13,2018,7,Summer,78753,30.383591,-97.673349
Hurricane,2019-03-18,2019,3,Spring,78753,30.383591,-97.673349
Hurricane,2019-04-02,2019,4,Spring,78753,30.383591,-97.673349
Hurricane,2019-09-26,2019,9,Fall,78753,30.383591,-97.673349
Hurricane,2022-02-09,2022,2,Winter,78753,30.383591,-97.673349
Hurricane,2022-04-06,2022,4,Spring,78753,30.383591,-97.673349
Hurricane,2017-11-02,2017,11,Fall,78753,30.383591,-97.673349
Hurricane,2017-12-19,2017,12,Winter,78753,30.383591,-97.673349
Hurricane,2018-05-24,2018,5,Spring,78753,30.383591,-97.673349
Hurricane,2018-10-01,2018,10,Fall,78753,30.383591,-97.673349
Hurricane,2019-09-11,2019,9,Fall,78753,30.383591,-97.673349
Hurricane,2020-07-09,2020,7,Summer,78753,30.383591,-97.673349
Hurricane,2017-11-22,2017,11,Fall,78735,30.269121,-97.868816
Hurricane,2017-12-19,2017,12,Winter,78735,30.269121,-97.868816
Hurricane,2018-03-28,2018,3,Spring,78735,30.269121,-97.868816
Hurricane,2018-04-26,2018,4,Spring,78735,30.269121,-97.868816
Hurricane,2018-05-24,2018,5,Spring,78735,30.269121,-97.868816
Hurricane,2019-09-25,2019,9,Fall,78735,30.269121,-97.868816
Hurricane,2017-11-22,2017,11,Fall,78753,30.383591,-97.673349
Hurricane,2017-12-20,2017,12,Winter,78753,30.383591,-97.673349
Hurricane,2018-03-28,2018,3,Spring,78753,30.383591,-97.673349
Hurricane,2018-04-04,2018,4,Spring,78753,30.383591,-97.673349
Hurricane,2018-04-26,2018,4,Spring,78753,30.383591,-97.673349
Hurricane,2018-05-24,2018,5,Spring,78753,30.383591,-97.673349
Hurricane,2018-06-29,2018,6,Summer,78753,30.383591,-97.673349
Hurricane,2018-08-01,2018,8,Summer,78753,30.383591,-97.673349
Hurricane,2018-10-01,2018,10,Fall,78753,30.383591,-97.673349
Hurricane,2018-11-29,2018,11,Fall,78753,30.383591,-97.673349
Hurricane,2020-11-15,2020,11,Fall,78753,30.383591,-97.673349
Hurricane,2018-01-29,2018,1,Winter,78155,29.537496,-97.936596
Hurricane,2018-03-26,2018,3,Spring,78155,29.537496,-97.936596
Hurricane,2018-04-26,2018,4,Spring,78155,29.537496,-97.936596
Hurricane,2018-05-24,2018,5,Spring,78155,29.537496,-97.936596
Hurricane,2018-06-28,2018,6,Summer,78155,29.537496,-97.936596
Hurricane,2018-07-25,2018,7,Summer,78155,29.537496,-97.936596
Hurricane,2018-09-20,2018,9,Fall,78155,29.537496,-97.936596
Hurricane,2018-10-02,2018,10,Fall,78155,29.537496,-97.936596
Hurricane,2018-10-04,2018,10,Fall,78155,29.537496,-97.936596
Hurricane,2019-03-07,2019,3,Spring,78155,29.537496,-97.936596
Hurricane,2019-06-24,2019,6,Summer,78155,29.537496,-97.936596
Hurricane,2019-07-02,2019,7,Summer,78155,29.537496,-97.936596
Hurricane,2019-09-11,2019,9,Fall,78155,29.537496,-97.936596
Hurricane,2020-02-26,2020,2,Winter,78155,29.537496,-97.936596
Hurricane,2020-03-11,2020,3,Spring,78155,29.537496,-97.936596
Hurricane,2020-05-12,2020,5,Spring,78155,29.537496,-97.936596
Hurricane,2020-11-15,2020,11,Fall,78155,29.537496,-97.936596
Hurricane,2018-08-14,2018,8,Summer,78382,28.11318,-97.046273
Hurricane,2020-07-09,2020,7,Summer,78382,28.11318,-97.046273
Hurricane,2019-04-03,2019,4,Spring,78753,30.383591,-97.673349
Hurricane,2019-09-27,2019,9,Fall,78753,30.383591,-97.673349
Hurricane,2020-11-15,2020,11,Fall,78753,30.383591,-97.673349
Hurricane,2018-02-16,2018,2,Winter,36205,33.699568,-85.787428
Hurricane,2018-07-13,2018,7,Summer,36205,33.699568,-85.787428
Hurricane,2017-08-26,2017,8,Summer,36205,33.699568,-85.787428
Hurricane,2017-09-11,2017,9,Fall,36205,33.699568,-85.787428
Hurricane,2017-10-06,2017,10,Fall,36205,33.699568,-85.787428
Hurricane,2019-08-07,2019,8,Summer,36205,33.699568,-85.787428
Hurricane,2017-08-26,2017,8,Summer,36205,33.699568,-85.787428
Hurricane,2017-09-07,2017,9,Fall,36205,33.699568,-85.787428
Hurricane,2017-09-30,2017,9,Fall,36205,33.699568,-85.787428
Hurricane,2017-10-07,2017,10,Fall,36205,33.699568,-85.787428
Hurricane,2018-09-26,2018,9,Fall,36205,33.699568,-85.787428
Hurricane,2017-08-26,2017,8,Summer,36205,33.699568,-85.787428
Hurricane,2017-08-28,2017,8,Summer,36205,33.699568,-85.787428
Hurricane,2017-09-09,2017,9,Fall,36205,33.699568,-85.787428
Hurricane,2017-10-11,2017,10,Fall,36205,33.699568,-85.787428
Hurricane,2017-08-26,2017,8,Summer,36205,33.699568,-85.787428
Hurricane,2017-09-09,2017,9,Fall,36205,33.699568,-85.787428
Hurricane,2017-10-11,2017,10,Fall,36205,33.699568,-85.787428
Hurricane,2017-08-26,2017,8,Summer,36205,33.699568,-85.787428
Hurricane,2017-09-09,2017,9,Fall,36205,33.699568,-85.787428
Hurricane,2017-10-11,2017,10,Fall,36205,33.699568,-85.787428
Hurricane,2017-08-26,2017,8,Summer,36205,33.699568,-85.787428
Hurricane,2017-10-11,2017,10,Fall,36205,33.699568,-85.787428
Hurricane,2017-08-26,2017,8,Summer,36205,33.699568,-85.787428
Hurricane,2017-09-09,2017,9,Fall,36205,33.699568,-85.787428
Hurricane,2017-10-06,2017,10,Fall,36205,33.699568,-85.787428
Hurricane,2020-01-30,2020,1,Winter,36205,33.699568,-85.787428
Hurricane,2017-08-27,2017,8,Summer,36205,33.699568,-85.787428
Hurricane,2017-10-10,2017,10,Fall,36205,33.699568,-85.787428
Hurricane,2018-09-14,2018,9,Fall,36205,33.699568,-85.787428
Hurricane,2017-08-26,2017,8,Summer,36205,33.699568,-85.787428
Hurricane,2017-09-09,2017,9,Fall,36205,33.699568,-85.787428
Hurricane,2017-10-10,2017,10,Fall,36205,33.699568,-85.787428
Hurricane,2018-08-06,2018,8,Summer,36205,33.699568,-85.787428
Hurricane,2020-01-30,2020,1,Winter,36205,33.699568,-85.787428
Hurricane,2020-04-17,2020,4,Spring,36205,33.699568,-85.787428
Hurricane,2017-08-26,2017,8,Summer,36205,33.699568,-85.787428
Hurricane,2017-10-10,2017,10,Fall,36205,33.699568,-85.787428
Hurricane,2020-01-30,2020,1,Winter,36205,33.699568,-85.787428
Hurricane,2017-08-26,2017,8,Summer,36205,33.699568,-85.787428
Hurricane,2017-09-09,2017,9,Fall,36205,33.699568,-85.787428
Hurricane,2017-10-10,2017,10,Fall,36205,33.699568,-85.787428
Hurricane,2017-11-01,2017,11,Fall,36205,33.699568,-85.787428
Hurricane,2017-11-30,2017,11,Fall,36205,33.699568,-85.787428
Hurricane,2018-06-14,2018,6,Summer,36205,33.699568,-85.787428
Hurricane,2018-07-31,2018,7,Summer,36205,33.699568,-85.787428
Hurricane,2018-10-09,2018,10,Fall,36205,33.699568,-85.787428
Hurricane,2020-05-01,2020,5,Spring,36205,33.699568,-85.787428
Hurricane,2020-05-04,2020,5,Spring,36205,33.699568,-85.787428
Hurricane,2017-08-26,2017,8,Summer,36205,33.699568,-85.787428
Hurricane,2017-10-10,2017,10,Fall,36205,33.699568,-85.787428
Hurricane,2018-09-26,2018,9,Fall,36205,33.699568,-85.787428
Hurricane,2020-01-30,2020,1,Winter,36205,33.699568,-85.787428
Hurricane,2017-08-26,2017,8,Summer,36205,33.699568,-85.787428
Hurricane,2017-09-09,2017,9,Fall,36205,33.699568,-85.787428
Hurricane,2017-10-10,2017,10,Fall,36205,33.699568,-85.787428
Hurricane,2018-09-21,2018,9,Fall,36205,33.699568,-85.787428
Hurricane,2020-01-30,2020,1,Winter,36205,33.699568,-85.787428
Hurricane,2020-04-02,2020,4,Spring,36205,33.699568,-85.787428
Hurricane,2017-08-26,2017,8,Summer,36205,33.699568,-85.787428
Hurricane,2017-10-10,2017,10,Fall,36205,33.699568,-85.787428
Hurricane,2018-09-14,2018,9,Fall,36205,33.699568,-85.787428
Hurricane,2017-08-26,2017,8,Summer,36205,33.699568,-85.787428
Hurricane,2017-09-11,2017,9,Fall,36205,33.699568,-85.787428
Hurricane,2017-10-10,2017,10,Fall,36205,33.699568,-85.787428
Hurricane,2018-09-26,2018,9,Fall,36205,33.699568,-85.787428
Hurricane,2020-02-05,2020,2,Winter,36205,33.699568,-85.787428
Hurricane,2020-02-21,2020,2,Winter,36205,33.699568,-85.787428
Hurricane,2020-04-02,2020,4,Spring,36205,33.699568,-85.787428
Hurricane,2017-08-26,2017,8,Summer,36205,33.699568,-85.787428
Hurricane,2017-09-09,2017,9,Fall,36205,33.699568,-85.787428
Hurricane,2017-10-10,2017,10,Fall,36205,33.699568,-85.787428
Hurricane,2020-02-05,2020,2,Winter,36205,33.699568,-85.787428
Hurricane,2017-08-27,2017,8,Summer,36205,33.699568,-85.787428
Hurricane,2017-09-11,2017,9,Fall,36205,33.699568,-85.787428
Hurricane,2017-10-10,2017,10,Fall,36205,33.699568,-85.787428
Hurricane,2018-05-16,2018,5,Spring,36205,33.699568,-85.787428
Hurricane,2017-09-17,2017,9,Fall,36205,33.699568,-85.787428
Hurricane,2017-10-10,2017,10,Fall,36205,33.699568,-85.787428
Hurricane,2018-10-30,2018,10,Fall,36205,33.699568,-85.787428
Hurricane,2020-02-19,2020,2,Winter,36205,33.699568,-85.787428
Hurricane,2017-08-26,2017,8,Summer,36205,33.699568,-85.787428
Hurricane,2017-10-10,2017,10,Fall,36205,33.699568,-85.787428
Hurricane,2018-10-30,2018,10,Fall,36205,33.699568,-85.787428
Hurricane,2020-01-30,2020,1,Winter,36205,33.699568,-85.787428
Hurricane,2017-10-11,2017,10,Fall,36205,33.699568,-85.787428
Hurricane,2018-05-18,2018,5,Spring,36205,33.699568,-85.787428
Hurricane,2017-08-26,2017,8,Summer,36205,33.699568,-85.787428
Hurricane,2017-10-10,2017,10,Fall,36205,33.699568,-85.787428
Hurricane,2018-12-19,2018,12,Winter,36205,33.699568,-85.787428
Hurricane,2019-07-02,2019,7,Summer,36205,33.699568,-85.787428
Hurricane,2017-08-29,2017,8,Summer,76209,33.2315,-97.109986
Hurricane,2017-09-02,2017,9,Fall,76209,33.2315,-97.109986
Hurricane,2017-09-01,2017,9,Fall,78753,30.383591,-97.673349
Hurricane,2017-09-30,2017,9,Fall,78753,30.383591,-97.673349
Hurricane,2017-11-08,2017,11,Fall,78753,30.383591,-97.673349
Hurricane,2017-12-19,2017,12,Winter,78753,30.383591,-97.673349
Hurricane,2019-08-23,2019,8,Summer,78753,30.383591,-97.673349
Hurricane,2019-08-26,2019,8,Summer,78753,30.383591,-97.673349
Hurricane,2017-09-01,2017,9,Fall,78753,30.383591,-97.673349
Hurricane,2018-04-26,2018,4,Spring,78753,30.383591,-97.673349
Hurricane,2017-09-02,2017,9,Fall,78753,30.383591,-97.673349
Hurricane,2017-09-12,2017,9,Fall,78753,30.383591,-97.673349
Hurricane,2017-09-30,2017,9,Fall,78753,30.383591,-97.673349
Hurricane,2017-10-03,2017,10,Fall,78753,30.383591,-97.673349
Hurricane,2017-12-26,2017,12,Winter,78753,30.383591,-97.673349
Hurricane,2017-12-27,2017,12,Winter,78753,30.383591,-97.673349
Hurricane,2018-03-26,2018,3,Spring,78753,30.383591,-97.673349
Hurricane,2018-04-26,2018,4,Spring,78753,30.383591,-97.673349
Hurricane,2018-05-30,2018,5,Spring,78753,30.383591,-97.673349
Hurricane,2018-06-26,2018,6,Summer,78753,30.383591,-97.673349
Hurricane,2018-07-26,2018,7,Summer,78753,30.383591,-97.673349
Hurricane,2018-09-28,2018,9,Fall,78753,30.383591,-97.673349
Hurricane,2019-01-02,2019,1,Winter,78753,30.383591,-97.673349
Hurricane,2019-04-26,2019,4,Spring,78753,30.383591,-97.673349
Hurricane,2019-06-20,2019,6,Summer,78753,30.383591,-97.673349
Hurricane,2019-07-18,2019,7,Summer,78753,30.383591,-97.673349
Hurricane,2020-07-13,2020,7,Summer,78753,30.383591,-97.673349
Hurricane,2017-08-26,2017,8,Summer,76544,31.330254,-97.689632
Hurricane,2018-07-31,2018,7,Summer,76544,31.330254,-97.689632
Hurricane,2017-08-26,2017,8,Summer,75644,32.791213,-94.999846
Hurricane,2017-08-26,2017,8,Summer,75644,32.791213,-94.999846
Hurricane,2017-08-31,2017,8,Summer,75644,32.791213,-94.999846
Hurricane,2017-09-14,2017,9,Fall,75644,32.791213,-94.999846
Hurricane,2018-03-30,2018,3,Spring,75644,32.791213,-94.999846
Hurricane,2017-08-30,2017,8,Summer,77054,29.68025,-95.404913
Hurricane,2018-03-30,2018,3,Spring,77054,29.68025,-95.404913
Hurricane,2017-09-03,2017,9,Fall,77705,29.908454,-94.175243
Hurricane,2017-09-16,2017,9,Fall,77705,29.908454,-94.175243
Hurricane,2019-03-07,2019,3,Spring,77705,29.908454,-94.175243
Hurricane,2017-09-02,2017,9,Fall,78753,30.383591,-97.673349
Hurricane,2017-09-12,2017,9,Fall,78753,30.383591,-97.673349
Hurricane,2017-10-17,2017,10,Fall,78753,30.383591,-97.673349
Hurricane,2017-12-22,2017,12,Winter,78753,30.383591,-97.673349
Hurricane,2018-03-26,2018,3,Spring,78753,30.383591,-97.673349
Hurricane,2018-04-24,2018,4,Spring,78753,30.383591,-97.673349
Hurricane,2018-05-08,2018,5,Spring,78753,30.383591,-97.673349
Hurricane,2018-06-26,2018,6,Summer,78753,30.383591,-97.673349
Hurricane,2018-07-26,2018,7,Summer,78753,30.383591,-97.673349
Hurricane,2018-08-28,2018,8,Summer,78753,30.383591,-97.673349
Hurricane,2019-08-19,2019,8,Summer,78753,30.383591,-97.673349
Hurricane,2019-08-20,2019,8,Summer,78753,30.383591,-97.673349
Hurricane,2017-09-03,2017,9,Fall,78753,30.383591,-97.673349
Hurricane,2019-09-18,2019,9,Fall,78753,30.383591,-97.673349
Hurricane,2017-12-06,2017,12,Winter,36205,33.699568,-85.787428
Hurricane,2020-01-30,2020,1,Winter,36205,33.699568,-85.787428
Hurricane,2017-08-26,2017,8,Summer,78155,29.537496,-97.936596
Hurricane,2017-08-27,2017,8,Summer,78155,29.537496,-97.936596
Hurricane,2017-08-27,2017,8,Summer,78155,29.537496,-97.936596
Hurricane,2017-08-31,2017,8,Summer,78155,29.537496,-97.936596
Hurricane,2017-08-26,2017,8,Summer,76208,33.208706,-97.05541
Hurricane,2017-09-01,2017,9,Fall,76208,33.208706,-97.05541
Hurricane,2017-09-07,2017,9,Fall,76208,33.208706,-97.05541
Hurricane,2017-09-11,2017,9,Fall,76208,33.208706,-97.05541
Hurricane,2019-03-05,2019,3,Spring,76208,33.208706,-97.05541
Hurricane,2019-09-19,2019,9,Fall,76208,33.208706,-97.05541
Hurricane,2017-08-26,2017,8,Summer,78703,30.293268,-97.76605
Hurricane,2017-09-07,2017,9,Fall,78703,30.293268,-97.76605
Hurricane,2019-03-08,2019,3,Spring,78703,30.293268,-97.76605
Hurricane,2020-02-05,2020,2,Winter,78703,30.293268,-97.76605
Hurricane,2021-01-25,2021,1,Winter,78703,30.293268,-97.76605
Hurricane,2017-08-27,2017,8,Summer,76208,33.208706,-97.05541
Hurricane,2017-08-29,2017,8,Summer,78150,29.538151,-98.281563
Hurricane,2017-09-04,2017,9,Fall,78150,29.538151,-98.281563
Hurricane,2017-09-14,2017,9,Fall,78150,29.538151,-98.281563
Hurricane,2017-10-09,2017,10,Fall,78150,29.538151,-98.281563
Hurricane,2017-11-01,2017,11,Fall,78150,29.538151,-98.281563
Hurricane,2017-12-07,2017,12,Winter,78150,29.538151,-98.281563
Hurricane,2018-04-23,2018,4,Spring,78150,29.538151,-98.281563
Hurricane,2018-10-17,2018,10,Fall,78150,29.538151,-98.281563
Hurricane,2018-10-24,2018,10,Fall,78150,29.538151,-98.281563
Hurricane,2017-08-27,2017,8,Summer,78219,29.439928,-98.384478
Hurricane,2017-09-01,2017,9,Fall,78219,29.439928,-98.384478
Hurricane,2017-08-27,2017,8,Summer,78723,30.304238,-97.68575
Hurricane,2017-08-29,2017,8,Summer,78723,30.304238,-97.68575
Hurricane,2017-12-22,2017,12,Winter,78723,30.304238,-97.68575
Hurricane,2017-08-28,2017,8,Summer,78148,29.543251,-98.296478
Hurricane,2017-09-08,2017,9,Fall,78148,29.543251,-98.296478
Hurricane,2018-04-09,2018,4,Spring,78148,29.543251,-98.296478
Hurricane,2018-05-30,2018,5,Spring,78148,29.543251,-98.296478
Hurricane,2019-03-29,2019,3,Spring,78148,29.543251,-98.296478
Hurricane,2019-04-03,2019,4,Spring,78148,29.543251,-98.296478
Hurricane,2017-08-28,2017,8,Summer,77098,29.734813,-95.416098
Hurricane,2017-08-29,2017,8,Summer,77098,29.734813,-95.416098
Hurricane,2017-08-29,2017,8,Summer,76209,33.2315,-97.109986
Hurricane,2017-08-30,2017,8,Summer,76209,33.2315,-97.109986
Hurricane,2018-04-23,2018,4,Spring,76209,33.2315,-97.109986
Hurricane,2019-01-24,2019,1,Winter,76209,33.2315,-97.109986
Hurricane,2017-08-29,2017,8,Summer,76209,33.2315,-97.109986
Hurricane,2017-09-12,2017,9,Fall,76209,33.2315,-97.109986
Hurricane,2017-08-30,2017,8,Summer,78419,27.69696,-97.269235
Hurricane,2017-08-31,2017,8,Summer,78419,27.69696,-97.269235
Hurricane,2017-08-30,2017,8,Summer,76209,33.2315,-97.109986
Hurricane,2017-09-30,2017,9,Fall,76209,33.2315,-97.109986
Hurricane,2019-03-07,2019,3,Spring,76209,33.2315,-97.109986
Hurricane,2019-08-13,2019,8,Summer,76209,33.2315,-97.109986
Hurricane,2017-08-31,2017,8,Summer,77494,29.744657,-95.815536
Hurricane,2017-09-03,2017,9,Fall,77494,29.744657,-95.815536
Hurricane,2018-04-09,2018,4,Spring,77494,29.744657,-95.815536
Hurricane,2019-08-13,2019,8,Summer,77494,29.744657,-95.815536
Hurricane,2019-10-31,2019,10,Fall,77494,29.744657,-95.815536
Hurricane,2017-09-01,2017,9,Fall,77494,29.744657,-95.815536
Hurricane,2017-09-03,2017,9,Fall,77494,29.744657,-95.815536
Hurricane,2018-04-09,2018,4,Spring,77494,29.744657,-95.815536
Hurricane,2017-09-01,2017,9,Fall,78701,30.270569,-97.742589
Hurricane,2017-09-03,2017,9,Fall,78701,30.270569,-97.742589
Hurricane,2017-09-12,2017,9,Fall,78701,30.270569,-97.742589
Hurricane,2017-12-06,2017,12,Winter,36205,33.699568,-85.787428
Hurricane,2020-01-30,2020,1,Winter,36205,33.699568,-85.787428
Hurricane,2017-09-03,2017,9,Fall,20024,38.870543,-77.026826
Hurricane,2018-04-23,2018,4,Spring,20024,38.870543,-77.026826
Hurricane,2018-05-29,2018,5,Spring,20024,38.870543,-77.026826
Hurricane,2017-09-05,2017,9,Fall,78236,29.385897,-98.622521
Hurricane,2017-09-26,2017,9,Fall,78236,29.385897,-98.622521
Hurricane,2019-01-24,2019,1,Winter,78236,29.385897,-98.622521
Hurricane,2017-08-26,2017,8,Summer,78752,30.331428,-97.703643
Hurricane,2017-08-31,2017,8,Summer,78752,30.331428,-97.703643
Hurricane,2017-09-11,2017,9,Fall,78752,30.331428,-97.703643
Hurricane,2018-11-20,2018,11,Fall,78752,30.331428,-97.703643
Hurricane,2019-01-23,2019,1,Winter,78752,30.331428,-97.703643
Hurricane,2017-09-01,2017,9,Fall,78753,30.383591,-97.673349
Hurricane,2018-08-24,2018,8,Summer,78753,30.383591,-97.673349
Hurricane,2017-12-06,2017,12,Winter,36205,33.699568,-85.787428
Hurricane,2019-01-30,2019,1,Winter,36205,33.699568,-85.787428
Hurricane,2019-11-27,2019,11,Fall,36205,33.699568,-85.787428
Hurricane,2017-12-06,2017,12,Winter,36205,33.699568,-85.787428
Hurricane,2018-05-21,2018,5,Spring,36205,33.699568,-85.787428
Hurricane,2018-09-24,2018,9,Fall,36205,33.699568,-85.787428
Hurricane,2019-04-25,2019,4,Spring,36205,33.699568,-85.787428
Hurricane,2017-08-26,2017,8,Summer,78148,29.543251,-98.296478
Hurricane,2017-09-25,2017,9,Fall,78148,29.543251,-98.296478
Hurricane,2021-02-01,2021,2,Winter,78148,29.543251,-98.296478
Hurricane,2022-08-23,2022,8,Summer,78148,29.543251,-98.296478
Hurricane,2017-08-28,2017,8,Summer,78212,29.464611,-98.493653
Hurricane,2019-09-23,2019,9,Fall,78212,29.464611,-98.493653
Hurricane,2017-08-30,2017,8,Summer,78219,29.439928,-98.384478
Hurricane,2017-09-03,2017,9,Fall,78219,29.439928,-98.384478
Hurricane,2019-08-13,2019,8,Summer,78219,29.439928,-98.384478
Hurricane,2017-09-02,2017,9,Fall,78753,30.383591,-97.673349
Hurricane,2017-09-12,2017,9,Fall,78753,30.383591,-97.673349
Hurricane,2017-10-17,2017,10,Fall,78753,30.383591,-97.673349
Hurricane,2017-12-21,2017,12,Winter,78753,30.383591,-97.673349
Hurricane,2018-03-26,2018,3,Spring,78753,30.383591,-97.673349
Hurricane,2018-04-24,2018,4,Spring,78753,30.383591,-97.673349
Hurricane,2018-05-30,2018,5,Spring,78753,30.383591,-97.673349
Hurricane,2018-06-26,2018,6,Summer,78753,30.383591,-97.673349
Hurricane,2018-07-26,2018,7,Summer,78753,30.383591,-97.673349
Hurricane,2018-08-28,2018,8,Summer,78753,30.383591,-97.673349
Hurricane,2018-09-28,2018,9,Fall,78753,30.383591,-97.673349
Hurricane,2018-10-12,2018,10,Fall,78753,30.383591,-97.673349
Hurricane,2019-01-02,2019,1,Winter,78753,30.383591,-97.673349
Hurricane,2019-04-26,2019,4,Spring,78753,30.383591,-97.673349
Hurricane,2020-12-01,2020,12,Winter,78753,30.383591,-97.673349
Hurricane,2023-07-24,2023,7,Summer,78753,30.383591,-97.673349
Hurricane,2017-09-03,2017,9,Fall,78753,30.383591,-97.673349
Hurricane,2019-08-26,2019,8,Summer,78753,30.383591,-97.673349
Hurricane,2017-12-06,2017,12,Winter,36205,33.699568,-85.787428
Hurricane,2019-09-19,2019,9,Fall,36205,33.699568,-85.787428
Hurricane,2017-12-06,2017,12,Winter,36205,33.699568,-85.787428
Hurricane,2018-09-06,2018,9,Fall,36205,33.699568,-85.787428
Hurricane,2017-09-03,2017,9,Fall,20742,38.994183,-76.94344
Hurricane,2019-04-25,2019,4,Spring,20742,38.994183,-76.94344
Hurricane,2017-12-06,2017,12,Winter,36205,33.699568,-85.787428
Hurricane,2018-11-28,2018,11,Fall,36205,33.699568,-85.787428
Hurricane,2017-08-27,2017,8,Summer,76209,33.2315,-97.109986
Hurricane,2017-09-04,2017,9,Fall,76209,33.2315,-97.109986
Hurricane,2017-09-08,2017,9,Fall,76209,33.2315,-97.109986
Hurricane,2017-09-11,2017,9,Fall,76209,33.2315,-97.109986
Hurricane,2017-09-26,2017,9,Fall,76209,33.2315,-97.109986
Hurricane,2019-08-13,2019,8,Summer,76209,33.2315,-97.109986
Hurricane,2017-09-01,2017,9,Fall,78753,30.383591,-97.673349
Hurricane,2017-11-01,2017,11,Fall,78753,30.383591,-97.673349
Hurricane,2017-12-06,2017,12,Winter,36205,33.699568,-85.787428
Hurricane,2020-05-04,2020,5,Spring,36205,33.699568,-85.787428
Hurricane,2020-12-02,2020,12,Winter,36205,33.699568,-85.787428
Hurricane,2017-12-11,2017,12,Winter,36205,33.699568,-85.787428
Hurricane,2018-07-09,2018,7,Summer,36205,33.699568,-85.787428
Hurricane,2017-12-06,2017,12,Winter,36205,33.699568,-85.787428
Hurricane,2018-07-17,2018,7,Summer,36205,33.699568,-85.787428
Hurricane,2017-08-26,2017,8,Summer,78752,30.331428,-97.703643
Hurricane,2017-09-04,2017,9,Fall,78752,30.331428,-97.703643
Hurricane,2017-09-11,2017,9,Fall,78752,30.331428,-97.703643
Hurricane,2017-09-29,2017,9,Fall,78752,30.331428,-97.703643
Hurricane,2019-06-12,2019,6,Summer,78752,30.331428,-97.703643
Hurricane,2019-09-26,2019,9,Fall,78752,30.331428,-97.703643
Hurricane,2017-08-28,2017,8,Summer,78380,27.776069,-97.741915
Hurricane,2017-08-30,2017,8,Summer,78380,27.776069,-97.741915
Hurricane,2017-09-03,2017,9,Fall,78380,27.776069,-97.741915
Hurricane,2017-09-09,2017,9,Fall,78380,27.776069,-97.741915
Hurricane,2017-09-18,2017,9,Fall,78380,27.776069,-97.741915
Hurricane,2019-06-12,2019,6,Summer,78380,27.776069,-97.741915
Hurricane,2019-09-27,2019,9,Fall,78380,27.776069,-97.741915
Hurricane,2020-07-09,2020,7,Summer,78380,27.776069,-97.741915
Hurricane,2020-09-21,2020,9,Fall,78380,27.776069,-97.741915
Hurricane,2020-10-07,2020,10,Fall,78380,27.776069,-97.741915
Hurricane,2017-09-28,2017,9,Fall,78753,30.383591,-97.673349
Hurricane,2017-10-19,2017,10,Fall,78753,30.383591,-97.673349
Hurricane,2017-12-26,2017,12,Winter,78753,30.383591,-97.673349
Hurricane,2017-12-28,2017,12,Winter,78753,30.383591,-97.673349
Hurricane,2018-03-30,2018,3,Spring,78753,30.383591,-97.673349
Hurricane,2018-05-01,2018,5,Spring,78753,30.383591,-97.673349
Hurricane,2018-05-23,2018,5,Spring,78753,30.383591,-97.673349
Hurricane,2018-06-26,2018,6,Summer,78753,30.383591,-97.673349
Hurricane,2018-07-26,2018,7,Summer,78753,30.383591,-97.673349
Hurricane,2018-08-28,2018,8,Summer,78753,30.383591,-97.673349
Hurricane,2018-09-28,2018,9,Fall,78753,30.383591,-97.673349
Hurricane,2019-01-02,2019,1,Winter,78753,30.383591,-97.673349
Hurricane,2019-04-26,2019,4,Spring,78753,30.383591,-97.673349
Hurricane,2019-06-20,2019,6,Summer,78753,30.383591,-97.673349
Hurricane,2019-07-17,2019,7,Summer,78753,30.383591,-97.673349
Hurricane,2019-07-30,2019,7,Summer,78753,30.383591,-97.673349
Hurricane,2020-09-02,2020,9,Fall,78753,30.383591,-97.673349
Hurricane,2020-09-03,2020,9,Fall,78753,30.383591,-97.673349
Hurricane,2017-12-05,2017,12,Winter,36205,33.699568,-85.787428
Hurricane,2019-07-18,2019,7,Summer,36205,33.699568,-85.787428
Hurricane,2019-11-14,2019,11,Fall,36205,33.699568,-85.787428
Hurricane,2021-01-20,2021,1,Winter,36205,33.699568,-85.787428
Hurricane,2017-08-26,2017,8,Summer,76209,33.2315,-97.109986
Hurricane,2019-04-16,2019,4,Spring,76209,33.2315,-97.109986
Hurricane,2017-08-28,2017,8,Summer,78724,30.292709,-97.617945
Hurricane,2019-04-16,2019,4,Spring,78724,30.292709,-97.617945
Hurricane,2017-10-09,2017,10,Fall,36205,33.699568,-85.787428
Hurricane,2020-01-30,2020,1,Winter,36205,33.699568,-85.787428
Hurricane,2017-08-26,2017,8,Summer,30354,33.660361,-84.386502
Hurricane,2017-08-29,2017,8,Summer,30354,33.660361,-84.386502
Hurricane,2019-09-18,2019,9,Fall,30354,33.660361,-84.386502
Hurricane,2017-09-04,2017,9,Fall,89705,39.090042,-119.836881
Hurricane,2017-09-04,2017,9,Fall,89705,39.090042,-119.836881
Hurricane,2017-09-29,2017,9,Fall,89705,39.090042,-119.836881
Hurricane,2019-06-26,2019,6,Summer,89705,39.090042,-119.836881
Hurricane,2017-08-27,2017,8,Summer,76208,33.208706,-97.05541
Hurricane,2017-09-28,2017,9,Fall,76208,33.208706,-97.05541
Hurricane,2017-12-20,2017,12,Winter,76208,33.208706,-97.05541
Hurricane,2018-03-29,2018,3,Spring,76208,33.208706,-97.05541
Hurricane,2018-06-28,2018,6,Summer,76208,33.208706,-97.05541
Hurricane,2018-10-04,2018,10,Fall,76208,33.208706,-97.05541
Hurricane,2018-11-19,2018,11,Fall,76208,33.208706,-97.05541
Hurricane,2019-01-23,2019,1,Winter,76208,33.208706,-97.05541
Hurricane,2019-04-30,2019,4,Spring,76208,33.208706,-97.05541
Hurricane,2019-10-29,2019,10,Fall,76208,33.208706,-97.05541
Hurricane,2019-10-29,2019,10,Fall,76208,33.208706,-97.05541
Hurricane,2020-01-24,2020,1,Winter,76208,33.208706,-97.05541
Hurricane,2020-08-14,2020,8,Summer,76208,33.208706,-97.05541
Hurricane,2020-12-16,2020,12,Winter,76208,33.208706,-97.05541
Hurricane,2021-06-30,2021,6,Summer,76208,33.208706,-97.05541
Hurricane,2021-10-13,2021,10,Fall,76208,33.208706,-97.05541
Hurricane,2022-01-12,2022,1,Winter,76208,33.208706,-97.05541
Hurricane,2022-06-02,2022,6,Summer,76208,33.208706,-97.05541
Hurricane,2023-01-31,2023,1,Winter,76208,33.208706,-97.05541
Hurricane,2023-02-22,2023,2,Winter,76208,33.208706,-97.05541
Hurricane,2017-09-03,2017,9,Fall,89705,39.090042,-119.836881
Hurricane,2019-08-06,2019,8,Summer,89705,39.090042,-119.836881
Hurricane,2017-09-08,2017,9,Fall,78753,30.383591,-97.673349
Hurricane,2019-08-05,2019,8,Summer,78753,30.383591,-97.673349
Hurricane,2017-12-06,2017,12,Winter,36205,33.699568,-85.787428
Hurricane,2019-08-05,2019,8,Summer,36205,33.699568,-85.787428
Hurricane,2017-08-27,2017,8,Summer,78752,30.331428,-97.703643
Hurricane,2017-08-27,2017,8,Summer,78752,30.331428,-97.703643
Hurricane,2017-08-30,2017,8,Summer,78752,30.331428,-97.703643
Hurricane,2018-12-20,2018,12,Winter,78752,30.331428,-97.703643
Hurricane,2019-03-14,2019,3,Spring,78752,30.331428,-97.703643
Hurricane,2021-03-17,2021,3,Spring,78752,30.331428,-97.703643
Hurricane,2023-09-13,2023,9,Fall,78752,30.331428,-97.703643
Hurricane,2017-08-28,2017,8,Summer,78219,29.439928,-98.384478
Hurricane,2018-12-20,2018,12,Winter,78219,29.439928,-98.384478
Hurricane,2019-03-11,2019,3,Spring,78219,29.439928,-98.384478
Hurricane,2021-04-27,2021,4,Spring,78219,29.439928,-98.384478
Hurricane,2017-08-29,2017,8,Summer,76209,33.2315,-97.109986
Hurricane,2017-08-31,2017,8,Summer,76209,33.2315,-97.109986
Hurricane,2017-09-01,2017,9,Fall,76209,33.2315,-97.109986
Hurricane,2017-08-29,2017,8,Summer,76209,33.2315,-97.109986
Hurricane,2017-08-30,2017,8,Summer,76209,33.2315,-97.109986
Hurricane,2017-08-30,2017,8,Summer,78752,30.331428,-97.703643
Hurricane,2017-09-01,2017,9,Fall,78752,30.331428,-97.703643
Hurricane,2017-09-02,2017,9,Fall,78752,30.331428,-97.703643
Hurricane,2017-09-12,2017,9,Fall,78752,30.331428,-97.703643
Hurricane,2017-09-20,2017,9,Fall,78752,30.331428,-97.703643
Hurricane,2017-09-30,2017,9,Fall,78752,30.331428,-97.703643
Hurricane,2018-05-10,2018,5,Spring,78752,30.331428,-97.703643
Hurricane,2018-06-26,2018,6,Summer,78752,30.331428,-97.703643
Hurricane,2019-01-08,2019,1,Winter,78752,30.331428,-97.703643
Hurricane,2019-03-14,2019,3,Spring,78752,30.331428,-97.703643
Hurricane,2019-05-10,2019,5,Spring,78752,30.331428,-97.703643
Hurricane,2021-03-25,2021,3,Spring,78752,30.331428,-97.703643
Hurricane,2023-09-13,2023,9,Fall,78752,30.331428,-97.703643
Hurricane,2017-09-02,2017,9,Fall,78753,30.383591,-97.673349
Hurricane,2017-09-08,2017,9,Fall,78753,30.383591,-97.673349
Hurricane,2017-09-27,2017,9,Fall,78753,30.383591,-97.673349
Hurricane,2017-10-17,2017,10,Fall,78753,30.383591,-97.673349
Hurricane,2017-12-01,2017,12,Winter,78753,30.383591,-97.673349
Hurricane,2018-01-08,2018,1,Winter,78753,30.383591,-97.673349
Hurricane,2018-03-21,2018,3,Spring,78753,30.383591,-97.673349
Hurricane,2018-04-13,2018,4,Spring,78753,30.383591,-97.673349
Hurricane,2018-04-24,2018,4,Spring,78753,30.383591,-97.673349
Hurricane,2018-05-08,2018,5,Spring,78753,30.383591,-97.673349
Hurricane,2018-06-26,2018,6,Summer,78753,30.383591,-97.673349
Hurricane,2019-03-14,2019,3,Spring,78753,30.383591,-97.673349
Hurricane,2021-03-18,2021,3,Spring,78753,30.383591,-97.673349
Hurricane,2021-03-19,2021,3,Spring,78753,30.383591,-97.673349
Hurricane,2023-09-13,2023,9,Fall,78753,30.383591,-97.673349
Hurricane,2017-09-03,2017,9,Fall,78753,30.383591,-97.673349
Hurricane,2018-06-07,2018,6,Summer,78753,30.383591,-97.673349
Hurricane,2017-09-03,2017,9,Fall,78756,30.322255,-97.740163
Hurricane,2017-09-04,2017,9,Fall,78756,30.322255,-97.740163
Hurricane,2017-09-13,2017,9,Fall,78756,30.322255,-97.740163
Hurricane,2019-03-14,2019,3,Spring,78756,30.322255,-97.740163
Hurricane,2017-09-04,2017,9,Fall,78756,30.322255,-97.740163
Hurricane,2017-09-08,2017,9,Fall,78756,30.322255,-97.740163
Hurricane,2017-09-07,2017,9,Fall,78753,30.383591,-97.673349
Hurricane,2017-09-25,2017,9,Fall,78753,30.383591,-97.673349
Hurricane,2017-11-15,2017,11,Fall,78753,30.383591,-97.673349
Hurricane,2017-11-16,2017,11,Fall,78753,30.383591,-97.673349
Hurricane,2017-11-28,2017,11,Fall,78753,30.383591,-97.673349
Hurricane,2017-11-29,2017,11,Fall,78753,30.383591,-97.673349
Hurricane,2017-09-10,2017,9,Fall,78751,30.310756,-97.722767
Hurricane,2017-09-19,2017,9,Fall,78751,30.310756,-97.722767
Hurricane,2019-03-14,2019,3,Spring,78751,30.310756,-97.722767
Hurricane,2020-08-11,2020,8,Summer,78751,30.310756,-97.722767
Hurricane,2017-11-22,2017,11,Fall,78753,30.383591,-97.673349
Hurricane,2017-12-02,2017,12,Winter,78753,30.383591,-97.673349
Hurricane,2018-01-18,2018,1,Winter,78753,30.383591,-97.673349
Hurricane,2017-12-06,2017,12,Winter,36205,33.699568,-85.787428
Hurricane,2018-06-07,2018,6,Summer,36205,33.699568,-85.787428
Hurricane,2018-01-17,2018,1,Winter,78753,30.383591,-97.673349
Hurricane,2018-03-21,2018,3,Spring,78753,30.383591,-97.673349
Hurricane,2018-08-07,2018,8,Summer,78753,30.383591,-97.673349
Hurricane,2019-03-14,2019,3,Spring,78753,30.383591,-97.673349
Hurricane,2021-03-18,2021,3,Spring,78753,30.383591,-97.673349
Hurricane,2023-09-19,2023,9,Fall,78753,30.383591,-97.673349
Hurricane,2017-09-01,2017,9,Fall,78753,30.383591,-97.673349
Hurricane,2018-12-19,2018,12,Winter,78753,30.383591,-97.673349
Hurricane,2017-09-13,2017,9,Fall,78753,30.383591,-97.673349
Hurricane,2017-10-19,2017,10,Fall,78753,30.383591,-97.673349
Hurricane,2017-12-26,2017,12,Winter,78753,30.383591,-97.673349
Hurricane,2017-12-28,2017,12,Winter,78753,30.383591,-97.673349
Hurricane,2018-03-30,2018,3,Spring,78753,30.383591,-97.673349
Hurricane,2018-05-01,2018,5,Spring,78753,30.383591,-97.673349
Hurricane,2018-05-24,2018,5,Spring,78753,30.383591,-97.673349
Hurricane,2018-06-26,2018,6,Summer,78753,30.383591,-97.673349
Hurricane,2018-07-26,2018,7,Summer,78753,30.383591,-97.673349
Hurricane,2018-08-27,2018,8,Summer,78753,30.383591,-97.673349
Hurricane,2019-05-29,2019,5,Spring,78753,30.383591,-97.673349
Hurricane,2019-05-29,2019,5,Spring,78753,30.383591,-97.673349
Hurricane,2019-09-10,2019,9,Fall,78753,30.383591,-97.673349
Hurricane,2017-10-06,2017,10,Fall,36205,33.699568,-85.787428
Hurricane,2019-09-18,2019,9,Fall,36205,33.699568,-85.787428
Hurricane,2017-12-06,2017,12,Winter,36205,33.699568,-85.787428
Hurricane,2018-08-07,2018,8,Summer,36205,33.699568,-85.787428
Hurricane,2017-08-26,2017,8,Summer,76209,33.2315,-97.109986
Hurricane,2017-08-29,2017,8,Summer,76209,33.2315,-97.109986
Hurricane,2018-03-22,2018,3,Spring,76209,33.2315,-97.109986
Hurricane,2018-03-29,2018,3,Spring,76209,33.2315,-97.109986
Hurricane,2017-08-27,2017,8,Summer,76209,33.2315,-97.109986
Hurricane,2017-08-27,2017,8,Summer,76209,33.2315,-97.109986
Hurricane,2017-08-30,2017,8,Summer,76209,33.2315,-97.109986
Hurricane,2017-09-02,2017,9,Fall,76209,33.2315,-97.109986
Hurricane,2017-09-03,2017,9,Fall,76209,33.2315,-97.109986
Hurricane,2019-01-16,2019,1,Winter,76209,33.2315,-97.109986
Hurricane,2019-01-18,2019,1,Winter,76209,33.2315,-97.109986
Hurricane,2019-06-24,2019,6,Summer,76209,33.2315,-97.109986
Hurricane,2017-09-03,2017,9,Fall,78753,30.383591,-97.673349
Hurricane,2017-09-28,2017,9,Fall,78753,30.383591,-97.673349
Hurricane,2019-08-07,2019,8,Summer,78753,30.383591,-97.673349
Hurricane,2017-08-26,2017,8,Summer,36205,33.699568,-85.787428
Hurricane,2017-08-31,2017,8,Summer,36205,33.699568,-85.787428
Hurricane,2017-10-10,2017,10,Fall,36205,33.699568,-85.787428
Hurricane,2019-08-15,2019,8,Summer,36205,33.699568,-85.787428
Hurricane,2020-04-30,2020,4,Spring,36205,33.699568,-85.787428
Hurricane,2017-09-04,2017,9,Fall,78753,30.383591,-97.673349
Hurricane,2017-09-04,2017,9,Fall,78753,30.383591,-97.673349
Hurricane,2020-07-09,2020,7,Summer,78753,30.383591,-97.673349
Hurricane,2017-12-06,2017,12,Winter,36205,33.699568,-85.787428
Hurricane,2018-05-16,2018,5,Spring,36205,33.699568,-85.787428
Hurricane,2017-09-06,2017,9,Fall,77485,29.640656,-96.06303
Hurricane,2019-08-08,2019,8,Summer,77485,29.640656,-96.06303
Hurricane,2017-12-06,2017,12,Winter,36205,33.699568,-85.787428
Hurricane,2018-12-06,2018,12,Winter,36205,33.699568,-85.787428
Hurricane,2018-03-07,2018,3,Spring,78752,30.331428,-97.703643
Hurricane,2018-07-26,2018,7,Summer,78752,30.331428,-97.703643
Hurricane,2017-09-03,2017,9,Fall,78701,30.270569,-97.742589
Hurricane,2017-09-29,2017,9,Fall,78701,30.270569,-97.742589
Hurricane,2019-08-21,2019,8,Summer,78701,30.270569,-97.742589
Hurricane,2017-12-06,2017,12,Winter,36205,33.699568,-85.787428
Hurricane,2019-02-14,2019,2,Winter,36205,33.699568,-85.787428
Hurricane,2017-12-06,2017,12,Winter,36205,33.699568,-85.787428
Hurricane,2020-01-30,2020,1,Winter,36205,33.699568,-85.787428
Hurricane,2017-12-06,2017,12,Winter,36205,33.699568,-85.787428
Hurricane,2018-03-13,2018,3,Spring,36205,33.699568,-85.787428
Hurricane,2020-01-30,2020,1,Winter,36205,33.699568,-85.787428
Hurricane,2018-09-06,2018,9,Fall,78753,30.383591,-97.673349
Hurricane,2019-01-23,2019,1,Winter,78753,30.383591,-97.673349
Hurricane,2019-02-06,2019,2,Winter,78753,30.383591,-97.673349
Hurricane,2019-06-25,2019,6,Summer,78753,30.383591,-97.673349
Hurricane,2017-08-27,2017,8,Summer,76209,33.2315,-97.109986
Hurricane,2017-08-28,2017,8,Summer,76209,33.2315,-97.109986
Hurricane,2017-09-02,2017,9,Fall,77034,29.614699,-95.19318
Hurricane,2017-09-03,2017,9,Fall,77034,29.614699,-95.19318
Hurricane,2017-09-08,2017,9,Fall,77034,29.614699,-95.19318
Hurricane,2018-08-14,2018,8,Summer,77034,29.614699,-95.19318
Hurricane,2017-08-26,2017,8,Summer,36205,33.699568,-85.787428
Hurricane,2017-09-30,2017,9,Fall,36205,33.699568,-85.787428
Hurricane,2017-10-10,2017,10,Fall,36205,33.699568,-85.787428
Hurricane,2018-08-09,2018,8,Summer,36205,33.699568,-85.787428
Hurricane,2018-12-26,2018,12,Winter,36205,33.699568,-85.787428
Hurricane,2019-10-11,2019,10,Fall,36205,33.699568,-85.787428
Hurricane,2020-03-09,2020,3,Spring,36205,33.699568,-85.787428
Hurricane,2020-05-04,2020,5,Spring,36205,33.699568,-85.787428
Hurricane,2020-06-04,2020,6,Summer,36205,33.699568,-85.787428
Hurricane,2020-06-08,2020,6,Summer,36205,33.699568,-85.787428
Hurricane,2020-09-14,2020,9,Fall,36205,33.699568,-85.787428
Hurricane,2021-04-15,2021,4,Spring,36205,33.699568,-85.787428
Hurricane,2021-04-30,2021,4,Spring,36205,33.699568,-85.787428
Hurricane,2022-12-01,2022,12,Winter,36205,33.699568,-85.787428
Hurricane,2017-08-27,2017,8,Summer,78752,30.331428,-97.703643
Hurricane,2017-08-29,2017,8,Summer,78752,30.331428,-97.703643
Hurricane,2017-08-31,2017,8,Summer,78752,30.331428,-97.703643
Hurricane,2017-09-02,2017,9,Fall,78752,30.331428,-97.703643
Hurricane,2017-09-11,2017,9,Fall,78752,30.331428,-97.703643
Hurricane,2018-07-13,2018,7,Summer,78752,30.331428,-97.703643
Hurricane,2017-08-30,2017,8,Summer,77845,30.5611,-96.275139
Hurricane,2017-10-21,2017,10,Fall,77845,30.5611,-96.275139
Hurricane,2018-07-09,2018,7,Summer,77845,30.5611,-96.275139
Hurricane,2017-08-29,2017,8,Summer,78212,29.464611,-98.493653
Hurricane,2017-09-22,2017,9,Fall,78212,29.464611,-98.493653
Hurricane,2017-08-30,2017,8,Summer,78219,29.439928,-98.384478
Hurricane,2017-09-03,2017,9,Fall,78219,29.439928,-98.384478
Hurricane,2018-07-31,2018,7,Summer,78219,29.439928,-98.384478
Hurricane,2019-03-07,2019,3,Spring,78219,29.439928,-98.384478
Hurricane,2017-09-05,2017,9,Fall,78412,27.703573,-97.345045
Hurricane,2017-09-06,2017,9,Fall,78412,27.703573,-97.345045
Hurricane,2018-03-28,2018,3,Spring,78412,27.703573,-97.345045
Hurricane,2018-08-15,2018,8,Summer,78412,27.703573,-97.345045
Hurricane,2018-11-20,2018,11,Fall,78412,27.703573,-97.345045
Hurricane,2019-03-07,2019,3,Spring,78412,27.703573,-97.345045
Hurricane,2020-07-14,2020,7,Summer,78412,27.703573,-97.345045
Hurricane,2020-08-05,2020,8,Summer,78412,27.703573,-97.345045
Hurricane,2020-08-20,2020,8,Summer,78412,27.703573,-97.345045
Hurricane,2017-09-21,2017,9,Fall,78412,27.703573,-97.345045
Hurricane,2018-03-28,2018,3,Spring,78412,27.703573,-97.345045
Hurricane,2018-08-15,2018,8,Summer,78412,27.703573,-97.345045
Hurricane,2018-11-21,2018,11,Fall,78412,27.703573,-97.345045
Hurricane,2019-03-07,2019,3,Spring,78412,27.703573,-97.345045
Hurricane,2020-07-09,2020,7,Summer,78412,27.703573,-97.345045
Hurricane,2020-08-05,2020,8,Summer,78412,27.703573,-97.345045
Hurricane,2017-10-09,2017,10,Fall,36205,33.699568,-85.787428
Hurricane,2017-12-01,2017,12,Winter,36205,33.699568,-85.787428
Hurricane,2018-05-10,2018,5,Spring,36205,33.699568,-85.787428
Hurricane,2020-06-08,2020,6,Summer,36205,33.699568,-85.787428
Hurricane,2021-01-20,2021,1,Winter,36205,33.699568,-85.787428
Hurricane,2021-07-28,2021,7,Summer,36205,33.699568,-85.787428
Hurricane,2017-08-26,2017,8,Summer,78752,30.331428,-97.703643
Hurricane,2017-09-06,2017,9,Fall,78752,30.331428,-97.703643
Hurricane,2018-08-07,2018,8,Summer,78752,30.331428,-97.703643
Hurricane,2017-08-28,2017,8,Summer,78212,29.464611,-98.493653
Hurricane,2017-09-14,2017,9,Fall,78212,29.464611,-98.493653
Hurricane,2017-08-30,2017,8,Summer,78219,29.439928,-98.384478
Hurricane,2017-09-03,2017,9,Fall,78219,29.439928,-98.384478
Hurricane,2017-09-16,2017,9,Fall,78219,29.439928,-98.384478
Hurricane,2017-09-02,2017,9,Fall,78753,30.383591,-97.673349
Hurricane,2018-08-24,2018,8,Summer,78753,30.383591,-97.673349
Hurricane,2017-10-24,2017,10,Fall,78753,30.383591,-97.673349
Hurricane,2017-12-20,2017,12,Winter,78753,30.383591,-97.673349
Hurricane,2018-03-30,2018,3,Spring,78753,30.383591,-97.673349
Hurricane,2018-05-01,2018,5,Spring,78753,30.383591,-97.673349
Hurricane,2018-05-24,2018,5,Spring,78753,30.383591,-97.673349
Hurricane,2018-06-28,2018,6,Summer,78753,30.383591,-97.673349
Hurricane,2018-07-26,2018,7,Summer,78753,30.383591,-97.673349
Hurricane,2018-08-09,2018,8,Summer,78753,30.383591,-97.673349
Hurricane,2018-09-28,2018,9,Fall,78753,30.383591,-97.673349
Hurricane,2019-01-02,2019,1,Winter,78753,30.383591,-97.673349
Hurricane,2019-04-26,2019,4,Spring,78753,30.383591,-97.673349
Hurricane,2019-08-06,2019,8,Summer,78753,30.383591,-97.673349
Hurricane,2017-12-06,2017,12,Winter,36205,33.699568,-85.787428
Hurricane,2019-06-17,2019,6,Summer,36205,33.699568,-85.787428
Hurricane,2017-08-26,2017,8,Summer,78205,29.423945,-98.48642
Hurricane,2017-08-28,2017,8,Summer,77054,29.68025,-95.404913
Hurricane,2017-08-29,2017,8,Summer,77054,29.68025,-95.404913
Hurricane,2017-08-31,2017,8,Summer,77054,29.68025,-95.404913
Hurricane,2017-09-03,2017,9,Fall,77054,29.68025,-95.404913
Hurricane,2018-11-05,2018,11,Fall,77054,29.68025,-95.404913
Hurricane,2020-07-24,2020,7,Summer,77054,29.68025,-95.404913
Hurricane,2021-02-02,2021,2,Winter,77054,29.68025,-95.404913
Hurricane,2021-02-15,2021,2,Winter,77054,29.68025,-95.404913
Hurricane,2021-09-27,2021,9,Fall,77054,29.68025,-95.404913
Hurricane,2017-08-26,2017,8,Summer,78205,29.423945,-98.48642
Hurricane,2017-08-27,2017,8,Summer,78205,29.423945,-98.48642
Hurricane,2017-08-26,2017,8,Summer,78752,30.331428,-97.703643
Hurricane,2019-10-07,2019,10,Fall,78752,30.331428,-97.703643
Hurricane,2017-08-31,2017,8,Summer,77010,29.753615,-95.359737
Hurricane,2017-09-02,2017,9,Fall,77010,29.753615,-95.359737
Hurricane,2017-09-18,2017,9,Fall,77010,29.753615,-95.359737
Hurricane,2018-11-05,2018,11,Fall,77010,29.753615,-95.359737
Hurricane,2019-11-04,2019,11,Fall,77010,29.753615,-95.359737
Hurricane,2021-06-15,2021,6,Summer,77010,29.753615,-95.359737
Hurricane,2017-12-06,2017,12,Winter,36205,33.699568,-85.787428
Hurricane,2020-01-30,2020,1,Winter,36205,33.699568,-85.787428
Hurricane,2017-08-26,2017,8,Summer,76209,33.2315,-97.109986
Hurricane,2017-08-27,2017,8,Summer,76209,33.2315,-97.109986
Hurricane,2017-09-03,2017,9,Fall,76209,33.2315,-97.109986
Hurricane,2019-02-27,2019,2,Winter,76209,33.2315,-97.109986
Hurricane,2017-08-28,2017,8,Summer,77845,30.5611,-96.275139
Hurricane,2017-09-01,2017,9,Fall,77845,30.5611,-96.275139
Hurricane,2017-08-31,2017,8,Summer,77845,30.5611,-96.275139
Hurricane,2017-09-01,2017,9,Fall,77845,30.5611,-96.275139
Hurricane,2017-09-02,2017,9,Fall,77845,30.5611,-96.275139
Hurricane,2017-09-05,2017,9,Fall,77845,30.5611,-96.275139
Hurricane,2017-09-18,2017,9,Fall,77845,30.5611,-96.275139
Hurricane,2019-02-27,2019,2,Winter,77845,30.5611,-96.275139
Hurricane,2019-10-24,2019,10,Fall,77845,30.5611,-96.275139
Hurricane,2020-11-15,2020,11,Fall,77845,30.5611,-96.275139
Hurricane,2017-09-01,2017,9,Fall,77845,30.5611,-96.275139
Hurricane,2017-09-02,2017,9,Fall,77845,30.5611,-96.275139
Hurricane,2017-09-18,2017,9,Fall,77845,30.5611,-96.275139
Hurricane,2019-03-01,2019,3,Spring,77845,30.5611,-96.275139
Hurricane,2019-11-04,2019,11,Fall,77845,30.5611,-96.275139
Hurricane,2017-09-07,2017,9,Fall,77840,30.611527,-96.323267
Hurricane,2017-09-20,2017,9,Fall,77840,30.611527,-96.323267
Hurricane,2017-09-22,2017,9,Fall,77840,30.611527,-96.323267
Hurricane,2019-11-04,2019,11,Fall,77840,30.611527,-96.323267
Hurricane,2017-09-22,2017,9,Fall,77845,30.5611,-96.275139
Hurricane,2019-03-18,2019,3,Spring,77845,30.5611,-96.275139
Hurricane,2020-03-05,2020,3,Spring,77845,30.5611,-96.275139
Hurricane,2020-03-14,2020,3,Spring,77845,30.5611,-96.275139
Hurricane,2017-08-26,2017,8,Summer,76209,33.2315,-97.109986
Hurricane,2017-09-28,2017,9,Fall,76209,33.2315,-97.109986
Hurricane,2018-11-19,2018,11,Fall,76209,33.2315,-97.109986
Hurricane,2017-08-26,2017,8,Summer,36205,33.699568,-85.787428
Hurricane,2017-09-09,2017,9,Fall,36205,33.699568,-85.787428
Hurricane,2017-10-10,2017,10,Fall,36205,33.699568,-85.787428
Hurricane,2019-03-01,2019,3,Spring,36205,33.699568,-85.787428
Hurricane,2017-12-05,2017,12,Winter,36205,33.699568,-85.787428
Hurricane,2020-01-30,2020,1,Winter,36205,33.699568,-85.787428
Hurricane,2017-09-08,2017,9,Fall,07722,40.287799,-74.166807
Hurricane,2019-04-10,2019,4,Spring,07722,40.287799,-74.166807
Hurricane,2017-12-28,2017,12,Winter,36205,33.699568,-85.787428
Hurricane,2018-11-16,2018,11,Fall,36205,33.699568,-85.787428
Hurricane,2017-09-08,2017,9,Fall,07722,40.287799,-74.166807
Hurricane,2017-09-13,2017,9,Fall,07722,40.287799,-74.166807
Hurricane,2017-09-12,2017,9,Fall,08641,40.027985,-74.587819
Hurricane,2017-09-13,2017,9,Fall,08641,40.027985,-74.587819
Hurricane,2017-11-08,2017,11,Fall,08641,40.027985,-74.587819
Hurricane,2020-04-09,2020,4,Spring,08641,40.027985,-74.587819
Hurricane,2017-09-07,2017,9,Fall,07722,40.287799,-74.166807
Hurricane,2019-10-15,2019,10,Fall,07722,40.287799,-74.166807
Hurricane,2017-12-28,2017,12,Winter,36205,33.699568,-85.787428
Hurricane,2018-09-26,2018,9,Fall,36205,33.699568,-85.787428
Hurricane,2019-10-15,2019,10,Fall,36205,33.699568,-85.787428
Hurricane,2019-10-17,2019,10,Fall,36205,33.699568,-85.787428
Hurricane,2017-09-07,2017,9,Fall,07722,40.287799,-74.166807
Hurricane,2017-09-29,2017,9,Fall,07722,40.287799,-74.166807
Hurricane,2017-11-08,2017,11,Fall,07722,40.287799,-74.166807
Hurricane,2019-03-12,2019,3,Spring,07722,40.287799,-74.166807
Hurricane,2019-03-22,2019,3,Spring,07722,40.287799,-74.166807
Hurricane,2017-09-13,2017,9,Fall,19134,39.989223,-75.108756
Hurricane,2018-05-24,2018,5,Spring,19134,39.989223,-75.108756
Hurricane,2017-09-08,2017,9,Fall,07722,40.287799,-74.166807
Hurricane,2017-09-16,2017,9,Fall,07722,40.287799,-74.166807
Hurricane,2019-01-31,2019,1,Winter,07722,40.287799,-74.166807
Hurricane,2019-09-25,2019,9,Fall,07722,40.287799,-74.166807
Hurricane,2017-09-08,2017,9,Fall,07722,40.287799,-74.166807
Hurricane,2017-09-16,2017,9,Fall,07722,40.287799,-74.166807
Hurricane,2019-10-15,2019,10,Fall,07722,40.287799,-74.166807
Hurricane,2020-05-13,2020,5,Spring,07722,40.287799,-74.166807
Hurricane,2021-04-23,2021,4,Spring,07722,40.287799,-74.166807
Hurricane,2017-09-07,2017,9,Fall,07722,40.287799,-74.166807
Hurricane,2017-10-15,2017,10,Fall,20024,38.870543,-77.026826
Hurricane,2019-10-15,2019,10,Fall,20024,38.870543,-77.026826
Hurricane,2020-09-29,2020,9,Fall,20024,38.870543,-77.026826
Hurricane,2017-09-12,2017,9,Fall,07722,40.287799,-74.166807
Hurricane,2017-09-13,2017,9,Fall,07722,40.287799,-74.166807
Hurricane,2017-09-15,2017,9,Fall,08837,40.514281,-74.343859
Hurricane,2017-09-07,2017,9,Fall,07722,40.287799,-74.166807
Hurricane,2019-03-06,2019,3,Spring,07722,40.287799,-74.166807
Hurricane,2019-10-15,2019,10,Fall,07722,40.287799,-74.166807
Hurricane,2021-04-19,2021,4,Spring,07722,40.287799,-74.166807
Hurricane,2021-07-16,2021,7,Summer,07722,40.287799,-74.166807
Hurricane,2017-09-07,2017,9,Fall,07722,40.287799,-74.166807
Hurricane,2018-12-28,2018,12,Winter,07722,40.287799,-74.166807
Hurricane,2019-03-18,2019,3,Spring,07722,40.287799,-74.166807
Hurricane,2021-06-17,2021,6,Summer,07722,40.287799,-74.166807
Hurricane,2023-07-31,2023,7,Summer,07722,40.287799,-74.166807
Hurricane,2018-01-31,2018,1,Winter,36205,33.699568,-85.787428
Hurricane,2018-08-14,2018,8,Summer,36205,33.699568,-85.787428
Hurricane,2017-09-08,2017,9,Fall,07722,40.287799,-74.166807
Hurricane,2018-04-03,2018,4,Spring,07722,40.287799,-74.166807
Hurricane,2017-12-28,2017,12,Winter,36205,33.699568,-85.787428
Hurricane,2018-08-27,2018,8,Summer,36205,33.699568,-85.787428
Hurricane,2019-10-15,2019,10,Fall,36205,33.699568,-85.787428
Hurricane,2017-09-07,2017,9,Fall,07722,40.287799,-74.166807
Hurricane,2018-05-30,2018,5,Spring,07722,40.287799,-74.166807
Hurricane,2017-09-08,2017,9,Fall,08640,40.013969,-74.575016
Hurricane,2017-09-08,2017,9,Fall,08640,40.013969,-74.575016
Hurricane,2017-09-14,2017,9,Fall,08640,40.013969,-74.575016
Hurricane,2017-09-14,2017,9,Fall,08640,40.013969,-74.575016
Hurricane,2018-01-30,2018,1,Winter,08640,40.013969,-74.575016
Hurricane,2017-12-28,2017,12,Winter,36205,33.699568,-85.787428
Hurricane,2018-10-15,2018,10,Fall,36205,33.699568,-85.787428
Hurricane,2017-12-28,2017,12,Winter,36205,33.699568,-85.787428
Hurricane,2018-04-26,2018,4,Spring,36205,33.699568,-85.787428
Hurricane,2018-11-01,2018,11,Fall,36205,33.699568,-85.787428
Hurricane,2018-12-07,2018,12,Winter,36205,33.699568,-85.787428
Hurricane,2017-09-07,2017,9,Fall,07722,40.287799,-74.166807
Hurricane,2018-01-02,2018,1,Winter,36203,33.583049,-85.834485
Hurricane,2018-06-18,2018,6,Summer,36203,33.583049,-85.834485
Hurricane,2019-05-13,2019,5,Spring,36203,33.583049,-85.834485
Hurricane,2017-09-08,2017,9,Fall,07722,40.287799,-74.166807
Hurricane,2019-10-15,2019,10,Fall,07722,40.287799,-74.166807
Hurricane,2020-07-15,2020,7,Summer,07722,40.287799,-74.166807
Hurricane,2017-09-08,2017,9,Fall,07722,40.287799,-74.166807
Hurricane,2019-05-13,2019,5,Spring,07722,40.287799,-74.166807
Hurricane,2017-09-12,2017,9,Fall,08641,40.027985,-74.587819
Hurricane,2019-10-15,2019,10,Fall,08641,40.027985,-74.587819
Hurricane,2019-10-23,2019,10,Fall,08641,40.027985,-74.587819
Hurricane,2017-09-12,2017,9,Fall,07722,40.287799,-74.166807
Hurricane,2017-10-08,2017,10,Fall,08641,40.027985,-74.587819
Hurricane,2020-01-30,2020,1,Winter,08641,40.027985,-74.587819
Hurricane,2017-09-12,2017,9,Fall,07722,40.287799,-74.166807
Hurricane,2018-07-26,2018,7,Summer,07722,40.287799,-74.166807
Hurricane,2017-09-11,2017,9,Fall,07722,40.287799,-74.166807
Hurricane,2017-09-12,2017,9,Fall,08837,40.514281,-74.343859
Hurricane,2017-09-24,2017,9,Fall,08837,40.514281,-74.343859
Hurricane,2021-02-22,2021,2,Winter,08837,40.514281,-74.343859
Hurricane,2017-09-12,2017,9,Fall,07722,40.287799,-74.166807
Hurricane,2019-10-23,2019,10,Fall,07722,40.287799,-74.166807
Hurricane,2020-05-19,2020,5,Spring,07722,40.287799,-74.166807
Hurricane,2017-09-12,2017,9,Fall,07722,40.287799,-74.166807
Hurricane,2017-09-14,2017,9,Fall,08640,40.013969,-74.575016
Hurricane,2018-01-26,2018,1,Winter,08640,40.013969,-74.575016
Hurricane,2017-09-15,2017,9,Fall,36205,33.699568,-85.787428
Hurricane,2017-09-30,2017,9,Fall,36205,33.699568,-85.787428
Hurricane,2017-09-12,2017,9,Fall,36205,33.699568,-85.787428
Hurricane,2017-10-07,2017,10,Fall,36205,33.699568,-85.787428
Hurricane,2018-08-21,2018,8,Summer,36205,33.699568,-85.787428
Hurricane,2020-01-29,2020,1,Winter,36205,33.699568,-85.787428
Hurricane,2017-09-13,2017,9,Fall,32301,30.427618,-84.257753
Hurricane,2018-08-22,2018,8,Summer,32301,30.427618,-84.257753
Hurricane,2018-12-20,2018,12,Winter,32301,30.427618,-84.257753
Hurricane,2017-09-13,2017,9,Fall,36205,33.699568,-85.787428
Hurricane,2017-10-07,2017,10,Fall,36205,33.699568,-85.787428
Hurricane,2018-06-04,2018,6,Summer,36205,33.699568,-85.787428
Hurricane,2018-06-13,2018,6,Summer,36205,33.699568,-85.787428
Hurricane,2020-02-10,2020,2,Winter,36205,33.699568,-85.787428
Hurricane,2017-09-14,2017,9,Fall,32399,30.383268,-84.231203
Hurricane,2018-02-16,2018,2,Winter,32399,30.383268,-84.231203
Hurricane,2017-09-30,2017,9,Fall,32809,28.462218,-81.385219
Hurricane,2017-10-08,2017,10,Fall,32809,28.462218,-81.385219
Hurricane,2017-09-30,2017,9,Fall,32809,28.462218,-81.385219
Hurricane,2017-10-28,2017,10,Fall,32809,28.462218,-81.385219
Hurricane,2017-12-01,2017,12,Winter,32809,28.462218,-81.385219
Hurricane,2018-02-08,2018,2,Winter,32809,28.462218,-81.385219
Hurricane,2019-01-25,2019,1,Winter,32809,28.462218,-81.385219
Hurricane,2019-01-29,2019,1,Winter,32809,28.462218,-81.385219
Hurricane,2019-08-20,2019,8,Summer,32809,28.462218,-81.385219
Hurricane,2020-01-29,2020,1,Winter,32809,28.462218,-81.385219
Hurricane,2017-10-07,2017,10,Fall,32809,28.462218,-81.385219
Hurricane,2017-11-29,2017,11,Fall,32809,28.462218,-81.385219
Hurricane,2018-01-30,2018,1,Winter,32809,28.462218,-81.385219
Hurricane,2019-01-25,2019,1,Winter,32809,28.462218,-81.385219
Hurricane,2017-09-11,2017,9,Fall,30341,33.888505,-84.289532
Hurricane,2017-09-21,2017,9,Fall,30341,33.888505,-84.289532
Hurricane,2017-09-23,2017,9,Fall,32809,28.462218,-81.385219
Hurricane,2017-10-12,2017,10,Fall,32809,28.462218,-81.385219
Hurricane,2017-12-12,2017,12,Winter,32809,28.462218,-81.385219
Hurricane,2018-04-10,2018,4,Spring,32809,28.462218,-81.385219
Hurricane,2019-01-25,2019,1,Winter,32809,28.462218,-81.385219
Hurricane,2019-01-29,2019,1,Winter,32809,28.462218,-81.385219
Hurricane,2019-05-14,2019,5,Spring,32809,28.462218,-81.385219
Hurricane,2017-09-12,2017,9,Fall,32301,30.427618,-84.257753
Hurricane,2017-10-11,2017,10,Fall,32301,30.427618,-84.257753
Hurricane,2018-05-15,2018,5,Spring,32301,30.427618,-84.257753
Hurricane,2020-05-13,2020,5,Spring,32301,30.427618,-84.257753
Hurricane,2020-11-12,2020,11,Fall,32301,30.427618,-84.257753
Hurricane,2017-09-12,2017,9,Fall,34736,28.599487,-81.862203
Hurricane,2019-04-30,2019,4,Spring,34736,28.599487,-81.862203
Hurricane,2019-08-06,2019,8,Summer,34736,28.599487,-81.862203
Hurricane,2020-01-30,2020,1,Winter,34736,28.599487,-81.862203
Hurricane,2020-04-10,2020,4,Spring,34736,28.599487,-81.862203
Hurricane,2020-10-21,2020,10,Fall,34736,28.599487,-81.862203
Hurricane,2017-09-12,2017,9,Fall,32399,30.383268,-84.231203
Hurricane,2018-03-05,2018,3,Spring,32399,30.383268,-84.231203
Hurricane,2017-09-12,2017,9,Fall,32399,30.383268,-84.231203
Hurricane,2017-09-21,2017,9,Fall,32399,30.383268,-84.231203
Hurricane,2018-04-12,2018,4,Spring,32399,30.383268,-84.231203
Hurricane,2018-06-12,2018,6,Summer,32399,30.383268,-84.231203
Hurricane,2017-09-12,2017,9,Fall,32399,30.383268,-84.231203
Hurricane,2017-09-16,2017,9,Fall,32399,30.383268,-84.231203
Hurricane,2017-09-26,2017,9,Fall,32399,30.383268,-84.231203
Hurricane,2017-10-04,2017,10,Fall,33614,28.004691,-82.506135
Hurricane,2018-12-07,2018,12,Winter,33614,28.004691,-82.506135
Hurricane,2019-09-30,2019,9,Fall,33614,28.004691,-82.506135
Hurricane,2017-09-12,2017,9,Fall,32399,30.383268,-84.231203
Hurricane,2017-09-15,2017,9,Fall,32399,30.383268,-84.231203
Hurricane,2017-09-12,2017,9,Fall,32399,30.383268,-84.231203
Hurricane,2017-09-14,2017,9,Fall,32399,30.383268,-84.231203
Hurricane,2017-09-19,2017,9,Fall,32399,30.383268,-84.231203
Hurricane,2017-12-12,2017,12,Winter,32399,30.383268,-84.231203
Hurricane,2019-01-14,2019,1,Winter,32399,30.383268,-84.231203
Hurricane,2019-10-03,2019,10,Fall,32399,30.383268,-84.231203
Hurricane,2017-09-12,2017,9,Fall,32399,30.383268,-84.231203
Hurricane,2017-09-13,2017,9,Fall,32399,30.383268,-84.231203
Hurricane,2017-09-21,2017,9,Fall,32399,30.383268,-84.231203
Hurricane,2017-12-20,2017,12,Winter,32399,30.383268,-84.231203
Hurricane,2017-09-12,2017,9,Fall,32301,30.427618,-84.257753
Hurricane,2017-09-15,2017,9,Fall,32301,30.427618,-84.257753
Hurricane,2017-09-12,2017,9,Fall,32399,30.383268,-84.231203
Hurricane,2017-09-16,2017,9,Fall,32399,30.383268,-84.231203
Hurricane,2017-10-18,2017,10,Fall,32399,30.383268,-84.231203
Hurricane,2017-12-12,2017,12,Winter,32399,30.383268,-84.231203
Hurricane,2018-05-11,2018,5,Spring,32399,30.383268,-84.231203
Hurricane,2017-09-12,2017,9,Fall,32399,30.383268,-84.231203
Hurricane,2017-09-15,2017,9,Fall,32399,30.383268,-84.231203
Hurricane,2018-09-27,2018,9,Fall,32399,30.383268,-84.231203
Hurricane,2017-09-13,2017,9,Fall,32399,30.383268,-84.231203
Hurricane,2017-09-21,2017,9,Fall,32399,30.383268,-84.231203
Hurricane,2018-05-01,2018,5,Spring,32399,30.383268,-84.231203
Hurricane,2020-07-01,2020,7,Summer,32399,30.383268,-84.231203
Hurricane,2017-09-13,2017,9,Fall,34736,28.599487,-81.862203
Hurricane,2017-09-15,2017,9,Fall,34736,28.599487,-81.862203
Hurricane,2017-09-13,2017,9,Fall,32399,30.383268,-84.231203
Hurricane,2017-09-15,2017,9,Fall,32399,30.383268,-84.231203
Hurricane,2017-09-16,2017,9,Fall,32399,30.383268,-84.231203
Hurricane,2017-09-18,2017,9,Fall,32399,30.383268,-84.231203
Hurricane,2017-09-16,2017,9,Fall,32311,30.39005,-84.181035
Hurricane,2017-09-25,2017,9,Fall,32311,30.39005,-84.181035
Hurricane,2017-09-16,2017,9,Fall,32399,30.383268,-84.231203
Hurricane,2017-09-25,2017,9,Fall,32399,30.383268,-84.231203
Hurricane,2017-09-29,2017,9,Fall,32809,28.462218,-81.385219
Hurricane,2017-10-18,2017,10,Fall,32809,28.462218,-81.385219
Hurricane,2017-11-17,2017,11,Fall,32809,28.462218,-81.385219
Hurricane,2018-02-02,2018,2,Winter,32809,28.462218,-81.385219
Hurricane,2018-03-28,2018,3,Spring,32809,28.462218,-81.385219
Hurricane,2018-06-28,2018,6,Summer,32809,28.462218,-81.385219
Hurricane,2017-10-01,2017,10,Fall,33614,28.004691,-82.506135
Hurricane,2017-12-07,2017,12,Winter,33614,28.004691,-82.506135
Hurricane,2017-12-12,2017,12,Winter,33614,28.004691,-82.506135
Hurricane,2017-10-02,2017,10,Fall,32751,28.6304,-81.365046
Hurricane,2017-11-17,2017,11,Fall,32751,28.6304,-81.365046
Hurricane,2018-05-15,2018,5,Spring,32751,28.6304,-81.365046
Hurricane,2018-12-13,2018,12,Winter,32751,28.6304,-81.365046
Hurricane,2019-12-09,2019,12,Winter,32751,28.6304,-81.365046
Hurricane,2017-12-07,2017,12,Winter,33614,28.004691,-82.506135
Hurricane,2017-12-13,2017,12,Winter,33614,28.004691,-82.506135
Hurricane,2018-05-15,2018,5,Spring,33614,28.004691,-82.506135
Hurricane,2019-09-19,2019,9,Fall,33614,28.004691,-82.506135
Hurricane,2020-05-13,2020,5,Spring,33614,28.004691,-82.506135
Hurricane,2021-07-09,2021,7,Summer,33614,28.004691,-82.506135
Hurricane,2021-10-25,2021,10,Fall,33614,28.004691,-82.506135
Hurricane,2018-09-08,2018,9,Fall,32809,28.462218,-81.385219
Hurricane,2018-12-10,2018,12,Winter,32809,28.462218,-81.385219
Hurricane,2019-01-25,2019,1,Winter,32809,28.462218,-81.385219
Hurricane,2019-03-15,2019,3,Spring,32809,28.462218,-81.385219
Hurricane,2019-06-04,2019,6,Summer,32809,28.462218,-81.385219
Hurricane,2019-10-30,2019,10,Fall,32809,28.462218,-81.385219
Hurricane,2020-03-10,2020,3,Spring,32809,28.462218,-81.385219
Hurricane,2017-12-08,2017,12,Winter,36205,33.699568,-85.787428
Hurricane,2018-07-09,2018,7,Summer,36205,33.699568,-85.787428
Hurricane,2017-12-22,2017,12,Winter,36205,33.699568,-85.787428
Hurricane,2019-08-23,2019,8,Summer,36205,33.699568,-85.787428
Hurricane,2017-09-11,2017,9,Fall,36205,33.699568,-85.787428
Hurricane,2017-10-07,2017,10,Fall,36205,33.699568,-85.787428
Hurricane,2018-09-25,2018,9,Fall,36205,33.699568,-85.787428
Hurricane,2020-02-18,2020,2,Winter,36205,33.699568,-85.787428
Hurricane,2017-12-22,2017,12,Winter,36205,33.699568,-85.787428
Hurricane,2018-09-25,2018,9,Fall,36205,33.699568,-85.787428
Hurricane,2020-06-26,2020,6,Summer,36205,33.699568,-85.787428
Hurricane,2017-12-22,2017,12,Winter,36205,33.699568,-85.787428
Hurricane,2018-09-25,2018,9,Fall,36205,33.699568,-85.787428
Hurricane,2020-02-03,2020,2,Winter,36205,33.699568,-85.787428
Hurricane,2017-09-12,2017,9,Fall,36205,33.699568,-85.787428
Hurricane,2017-10-07,2017,10,Fall,36205,33.699568,-85.787428
Hurricane,2018-08-22,2018,8,Summer,36205,33.699568,-85.787428
Hurricane,2019-06-14,2019,6,Summer,36205,33.699568,-85.787428
Hurricane,2017-09-13,2017,9,Fall,36205,33.699568,-85.787428
Hurricane,2017-09-14,2017,9,Fall,36205,33.699568,-85.787428
Hurricane,2017-10-07,2017,10,Fall,36205,33.699568,-85.787428
Hurricane,2018-01-26,2018,1,Winter,36205,33.699568,-85.787428
Hurricane,2017-09-13,2017,9,Fall,32399,30.383268,-84.231203
Hurricane,2017-10-04,2017,10,Fall,32809,28.462218,-81.385219
Hurricane,2017-11-07,2017,11,Fall,32809,28.462218,-81.385219
Hurricane,2017-12-08,2017,12,Winter,32809,28.462218,-81.385219
Hurricane,2019-02-27,2019,2,Winter,32809,28.462218,-81.385219
Hurricane,2017-11-23,2017,11,Fall,32809,28.462218,-81.385219
Hurricane,2018-01-31,2018,1,Winter,32809,28.462218,-81.385219
Hurricane,2019-02-27,2019,2,Winter,32809,28.462218,-81.385219
Hurricane,2017-09-11,2017,9,Fall,32091,29.933025,-82.113403
Hurricane,2017-09-18,2017,9,Fall,32091,29.933025,-82.113403
Hurricane,2018-07-31,2018,7,Summer,32091,29.933025,-82.113403
Hurricane,2017-09-13,2017,9,Fall,31098,32.614825,-83.578435
Hurricane,2017-09-14,2017,9,Fall,31098,32.614825,-83.578435
Hurricane,2017-09-12,2017,9,Fall,36205,33.699568,-85.787428
Hurricane,2017-10-07,2017,10,Fall,36205,33.699568,-85.787428
Hurricane,2018-06-20,2018,6,Summer,36205,33.699568,-85.787428
Hurricane,2018-11-27,2018,11,Fall,36205,33.699568,-85.787428
Hurricane,2018-12-29,2018,12,Winter,36205,33.699568,-85.787428
Hurricane,2020-02-18,2020,2,Winter,36205,33.699568,-85.787428
Hurricane,2020-12-09,2020,12,Winter,36205,33.699568,-85.787428
Hurricane,2017-09-13,2017,9,Fall,30341,33.888505,-84.289532
Hurricane,2017-09-15,2017,9,Fall,30341,33.888505,-84.289532
Hurricane,2017-09-13,2017,9,Fall,30341,33.888505,-84.289532
Hurricane,2017-09-15,2017,9,Fall,30341,33.888505,-84.289532
Hurricane,2017-12-12,2017,12,Winter,32809,28.462218,-81.385219
Hurricane,2018-01-30,2018,1,Winter,32809,28.462218,-81.385219
Hurricane,2018-03-06,2018,3,Spring,32809,28.462218,-81.385219
Hurricane,2018-05-01,2018,5,Spring,32809,28.462218,-81.385219
Hurricane,2019-05-21,2019,5,Spring,32809,28.462218,-81.385219
Hurricane,2019-05-23,2019,5,Spring,32809,28.462218,-81.385219
Hurricane,2019-06-06,2019,6,Summer,32809,28.462218,-81.385219
Hurricane,2020-02-05,2020,2,Winter,32809,28.462218,-81.385219
Hurricane,2017-09-11,2017,9,Fall,30341,33.888505,-84.289532
Hurricane,2017-09-24,2017,9,Fall,30341,33.888505,-84.289532
Hurricane,2017-09-12,2017,9,Fall,32301,30.427618,-84.257753
Hurricane,2018-02-07,2018,2,Winter,32301,30.427618,-84.257753
Hurricane,2018-02-15,2018,2,Winter,32301,30.427618,-84.257753
Hurricane,2018-03-19,2018,3,Spring,32301,30.427618,-84.257753
Hurricane,2017-09-12,2017,9,Fall,33037,25.225842,-80.414337
Hurricane,2018-02-07,2018,2,Winter,33037,25.225842,-80.414337
Hurricane,2018-08-31,2018,8,Summer,33037,25.225842,-80.414337
Hurricane,2019-02-13,2019,2,Winter,33037,25.225842,-80.414337
Hurricane,2019-11-08,2019,11,Fall,33037,25.225842,-80.414337
Hurricane,2020-08-19,2020,8,Summer,33037,25.225842,-80.414337
Hurricane,2017-09-12,2017,9,Fall,33039,25.497969,-80.398172
Hurricane,2018-06-28,2018,6,Summer,33039,25.497969,-80.398172
Hurricane,2017-09-12,2017,9,Fall,20024,38.870543,-77.026826
Hurricane,2018-05-22,2018,5,Spring,20024,38.870543,-77.026826
Hurricane,2017-09-12,2017,9,Fall,20171,38.926874,-77.396775
Hurricane,2017-09-19,2017,9,Fall,20171,38.926874,-77.396775
Hurricane,2017-09-12,2017,9,Fall,32827,28.431169,-81.323825
Hurricane,2018-02-07,2018,2,Winter,32827,28.431169,-81.323825
Hurricane,2018-08-31,2018,8,Summer,32827,28.431169,-81.323825
Hurricane,2017-09-13,2017,9,Fall,32542,30.507766,-86.541629
Hurricane,2018-02-07,2018,2,Winter,32542,30.507766,-86.541629
Hurricane,2018-08-31,2018,8,Summer,32542,30.507766,-86.541629
Hurricane,2017-09-13,2017,9,Fall,32301,30.427618,-84.257753
Hurricane,2018-02-07,2018,2,Winter,32301,30.427618,-84.257753
Hurricane,2018-08-31,2018,8,Summer,32301,30.427618,-84.257753
Hurricane,2017-09-14,2017,9,Fall,20171,38.926874,-77.396775
Hurricane,2018-02-07,2018,2,Winter,20171,38.926874,-77.396775
Hurricane,2017-09-19,2017,9,Fall,32303,30.512386,-84.344877
Hurricane,2018-06-08,2018,6,Summer,32303,30.512386,-84.344877
Hurricane,2017-09-19,2017,9,Fall,30341,33.888505,-84.289532
Hurricane,2018-06-08,2018,6,Summer,30341,33.888505,-84.289532
Hurricane,2017-09-19,2017,9,Fall,33040,24.54461,-81.921737
Hurricane,2017-10-02,2017,10,Fall,33040,24.54461,-81.921737
Hurricane,2018-02-07,2018,2,Winter,33040,24.54461,-81.921737
Hurricane,2017-09-29,2017,9,Fall,32212,30.223367,-81.672965
Hurricane,2017-09-28,2017,9,Fall,33040,24.54461,-81.921737
Hurricane,2017-10-04,2017,10,Fall,33040,24.54461,-81.921737
Hurricane,2018-02-07,2018,2,Winter,33040,24.54461,-81.921737
Hurricane,2017-09-29,2017,9,Fall,33040,24.54461,-81.921737
Hurricane,2017-10-04,2017,10,Fall,33040,24.54461,-81.921737
Hurricane,2018-02-07,2018,2,Winter,33040,24.54461,-81.921737
Hurricane,2017-10-02,2017,10,Fall,36205,33.699568,-85.787428
Hurricane,2020-04-01,2020,4,Spring,36205,33.699568,-85.787428
Hurricane,2017-09-13,2017,9,Fall,36205,33.699568,-85.787428
Hurricane,2017-10-07,2017,10,Fall,36205,33.699568,-85.787428
Hurricane,2019-01-29,2019,1,Winter,36205,33.699568,-85.787428
Hurricane,2019-12-03,2019,12,Winter,36205,33.699568,-85.787428
Hurricane,2020-02-11,2020,2,Winter,36205,33.699568,-85.787428
Hurricane,2020-06-25,2020,6,Summer,36205,33.699568,-85.787428
Hurricane,2017-09-12,2017,9,Fall,36205,33.699568,-85.787428
Hurricane,2017-10-07,2017,10,Fall,36205,33.699568,-85.787428
Hurricane,2018-05-21,2018,5,Spring,36205,33.699568,-85.787428
Hurricane,2018-09-25,2018,9,Fall,36205,33.699568,-85.787428
Hurricane,2019-08-15,2019,8,Summer,36205,33.699568,-85.787428
Hurricane,2017-09-12,2017,9,Fall,20171,38.926874,-77.396775
Hurricane,2019-10-07,2019,10,Fall,20171,38.926874,-77.396775
Hurricane,2017-09-13,2017,9,Fall,36205,33.699568,-85.787428
Hurricane,2017-10-10,2017,10,Fall,36205,33.699568,-85.787428
Hurricane,2018-08-22,2018,8,Summer,36205,33.699568,-85.787428
Hurricane,2019-10-17,2019,10,Fall,36205,33.699568,-85.787428
Hurricane,2017-09-14,2017,9,Fall,30341,33.888505,-84.289532
Hurricane,2017-09-14,2017,9,Fall,30341,33.888505,-84.289532
Hurricane,2017-09-16,2017,9,Fall,32301,30.427618,-84.257753
Hurricane,2017-11-29,2017,11,Fall,32809,28.462218,-81.385219
Hurricane,2018-01-31,2018,1,Winter,32809,28.462218,-81.385219
Hurricane,2018-03-05,2018,3,Spring,32809,28.462218,-81.385219
Hurricane,2019-12-03,2019,12,Winter,32809,28.462218,-81.385219
Hurricane,2021-04-27,2021,4,Spring,32809,28.462218,-81.385219
Hurricane,2017-09-13,2017,9,Fall,36205,33.699568,-85.787428
Hurricane,2017-10-07,2017,10,Fall,36205,33.699568,-85.787428
Hurricane,2018-09-06,2018,9,Fall,36205,33.699568,-85.787428
Hurricane,2020-03-06,2020,3,Spring,36205,33.699568,-85.787428
Hurricane,2017-09-12,2017,9,Fall,36205,33.699568,-85.787428
Hurricane,2017-10-07,2017,10,Fall,36205,33.699568,-85.787428
Hurricane,2019-04-26,2019,4,Spring,36205,33.699568,-85.787428
Hurricane,2017-09-12,2017,9,Fall,36205,33.699568,-85.787428
Hurricane,2017-10-03,2017,10,Fall,36205,33.699568,-85.787428
Hurricane,2018-08-21,2018,8,Summer,36205,33.699568,-85.787428
Hurricane,2018-10-26,2018,10,Fall,36205,33.699568,-85.787428
Hurricane,2020-03-03,2020,3,Spring,36205,33.699568,-85.787428
Hurricane,2020-09-24,2020,9,Fall,36205,33.699568,-85.787428
Hurricane,2017-09-13,2017,9,Fall,33040,24.54461,-81.921737
Hurricane,2018-06-18,2018,6,Summer,33040,24.54461,-81.921737
Hurricane,2020-02-24,2020,2,Winter,33040,24.54461,-81.921737
Hurricane,2017-09-14,2017,9,Fall,32301,30.427618,-84.257753
Hurricane,2017-09-15,2017,9,Fall,32301,30.427618,-84.257753
Hurricane,2017-09-18,2017,9,Fall,32301,30.427618,-84.257753
Hurricane,2017-10-07,2017,10,Fall,32301,30.427618,-84.257753
Hurricane,2017-11-07,2017,11,Fall,32301,30.427618,-84.257753
Hurricane,2018-08-22,2018,8,Summer,32301,30.427618,-84.257753
Hurricane,2018-08-23,2018,8,Summer,32301,30.427618,-84.257753
Hurricane,2018-10-23,2018,10,Fall,32301,30.427618,-84.257753
Hurricane,2020-05-12,2020,5,Spring,32301,30.427618,-84.257753
Hurricane,2017-12-08,2017,12,Winter,36205,33.699568,-85.787428
Hurricane,2018-07-09,2018,7,Summer,36205,33.699568,-85.787428
Hurricane,2017-12-08,2017,12,Winter,32809,28.462218,-81.385219
Hurricane,2018-07-18,2018,7,Summer,32809,28.462218,-81.385219
Hurricane,2017-09-12,2017,9,Fall,36205,33.699568,-85.787428
Hurricane,2017-12-22,2017,12,Winter,36205,33.699568,-85.787428
Hurricane,2020-08-27,2020,8,Summer,36205,33.699568,-85.787428
Hurricane,2020-11-24,2020,11,Fall,36205,33.699568,-85.787428
Hurricane,2017-09-13,2017,9,Fall,32301,30.427618,-84.257753
Hurricane,2019-06-13,2019,6,Summer,32301,30.427618,-84.257753
Hurricane,2019-11-08,2019,11,Fall,32301,30.427618,-84.257753
Hurricane,2021-03-01,2021,3,Spring,32301,30.427618,-84.257753
Hurricane,2017-09-25,2017,9,Fall,32399,30.383268,-84.231203
Hurricane,2017-11-20,2017,11,Fall,32809,28.462218,-81.385219
Hurricane,2017-09-28,2017,9,Fall,32399,30.383268,-84.231203
Hurricane,2017-10-04,2017,10,Fall,32399,30.383268,-84.231203
Hurricane,2017-11-13,2017,11,Fall,32809,28.462218,-81.385219
Hurricane,2017-11-20,2017,11,Fall,32809,28.462218,-81.385219
Hurricane,2019-03-26,2019,3,Spring,32809,28.462218,-81.385219
Hurricane,2019-09-19,2019,9,Fall,32809,28.462218,-81.385219
Hurricane,2020-06-30,2020,6,Summer,32809,28.462218,-81.385219
Hurricane,2020-07-21,2020,7,Summer,32809,28.462218,-81.385219
Hurricane,2017-11-13,2017,11,Fall,32809,28.462218,-81.385219
Hurricane,2019-03-26,2019,3,Spring,32809,28.462218,-81.385219
Hurricane,2019-09-19,2019,9,Fall,32809,28.462218,-81.385219
Hurricane,2019-11-08,2019,11,Fall,32809,28.462218,-81.385219
Hurricane,2017-11-13,2017,11,Fall,32809,28.462218,-81.385219
Hurricane,2019-06-13,2019,6,Summer,32809,28.462218,-81.385219
Hurricane,2019-11-22,2019,11,Fall,32809,28.462218,-81.385219
Hurricane,2020-11-06,2020,11,Fall,32809,28.462218,-81.385219
Hurricane,2017-09-11,2017,9,Fall,36205,33.699568,-85.787428
Hurricane,2017-10-07,2017,10,Fall,36205,33.699568,-85.787428
Hurricane,2018-01-26,2018,1,Winter,36205,33.699568,-85.787428
Hurricane,2017-09-13,2017,9,Fall,32311,30.39005,-84.181035
Hurricane,2017-09-22,2017,9,Fall,32311,30.39005,-84.181035
Hurricane,2017-09-12,2017,9,Fall,36205,33.699568,-85.787428
Hurricane,2017-10-07,2017,10,Fall,36205,33.699568,-85.787428
Hurricane,2018-08-14,2018,8,Summer,36205,33.699568,-85.787428
Hurricane,2019-08-15,2019,8,Summer,36205,33.699568,-85.787428
Hurricane,2017-09-11,2017,9,Fall,32304,30.451991,-84.352792
Hurricane,2017-09-18,2017,9,Fall,32304,30.451991,-84.352792
Hurricane,2017-09-12,2017,9,Fall,32304,30.451991,-84.352792
Hurricane,2017-09-18,2017,9,Fall,32304,30.451991,-84.352792
Hurricane,2017-09-13,2017,9,Fall,36205,33.699568,-85.787428
Hurricane,2017-12-22,2017,12,Winter,36205,33.699568,-85.787428
Hurricane,2018-08-21,2018,8,Summer,36205,33.699568,-85.787428
Hurricane,2019-02-25,2019,2,Winter,36205,33.699568,-85.787428
Hurricane,2020-02-29,2020,2,Winter,36205,33.699568,-85.787428
Hurricane,2017-09-14,2017,9,Fall,32304,30.451991,-84.352792
Hurricane,2017-09-19,2017,9,Fall,32304,30.451991,-84.352792
Hurricane,2018-07-30,2018,7,Summer,32304,30.451991,-84.352792
Hurricane,2019-02-20,2019,2,Winter,32304,30.451991,-84.352792
Hurricane,2021-03-02,2021,3,Spring,32304,30.451991,-84.352792
Hurricane,2023-09-20,2023,9,Fall,32304,30.451991,-84.352792
Hurricane,2017-09-14,2017,9,Fall,32304,30.451991,-84.352792
Hurricane,2017-09-18,2017,9,Fall,32304,30.451991,-84.352792
Hurricane,2017-09-14,2017,9,Fall,31601,30.775522,-83.3336
Hurricane,2018-08-22,2018,8,Summer,31601,30.775522,-83.3336
Hurricane,2018-08-24,2018,8,Summer,31601,30.775522,-83.3336
Hurricane,2019-02-20,2019,2,Winter,31601,30.775522,-83.3336
Hurricane,2021-03-02,2021,3,Spring,31601,30.775522,-83.3336
Hurricane,2017-09-16,2017,9,Fall,32301,30.427618,-84.257753
Hurricane,2017-11-29,2017,11,Fall,32809,28.462218,-81.385219
Hurricane,2018-01-11,2018,1,Winter,32809,28.462218,-81.385219
Hurricane,2018-07-30,2018,7,Summer,32809,28.462218,-81.385219
Hurricane,2019-02-20,2019,2,Winter,32809,28.462218,-81.385219
Hurricane,2019-04-23,2019,4,Spring,32809,28.462218,-81.385219
Hurricane,2021-03-02,2021,3,Spring,32809,28.462218,-81.385219
Hurricane,2021-03-02,2021,3,Spring,32809,28.462218,-81.385219
Hurricane,2021-03-02,2021,3,Spring,32809,28.462218,-81.385219
Hurricane,2021-04-14,2021,4,Spring,32809,28.462218,-81.385219
Hurricane,2023-09-20,2023,9,Fall,32809,28.462218,-81.385219
Hurricane,2017-10-03,2017,10,Fall,32809,28.462218,-81.385219
Hurricane,2017-11-23,2017,11,Fall,32809,28.462218,-81.385219
Hurricane,2018-02-16,2018,2,Winter,32809,28.462218,-81.385219
Hurricane,2019-07-11,2019,7,Summer,32809,28.462218,-81.385219
Hurricane,2017-09-13,2017,9,Fall,36502,31.147733,-87.494821
Hurricane,2017-10-07,2017,10,Fall,36502,31.147733,-87.494821
Hurricane,2018-08-21,2018,8,Summer,36502,31.147733,-87.494821
Hurricane,2019-09-18,2019,9,Fall,36502,31.147733,-87.494821
Hurricane,2017-09-16,2017,9,Fall,36205,33.699568,-85.787428
Hurricane,2017-10-07,2017,10,Fall,36205,33.699568,-85.787428
Hurricane,2018-08-13,2018,8,Summer,36205,33.699568,-85.787428
Hurricane,2017-09-13,2017,9,Fall,32301,30.427618,-84.257753
Hurricane,2018-07-30,2018,7,Summer,32301,30.427618,-84.257753
Hurricane,2017-09-14,2017,9,Fall,30341,33.888505,-84.289532
Hurricane,2017-11-02,2017,11,Fall,30341,33.888505,-84.289532
Hurricane,2018-06-12,2018,6,Summer,30341,33.888505,-84.289532
Hurricane,2018-06-18,2018,6,Summer,30341,33.888505,-84.289532
Hurricane,2017-09-13,2017,9,Fall,36502,31.147733,-87.494821
Hurricane,2017-10-07,2017,10,Fall,36502,31.147733,-87.494821
Hurricane,2019-08-19,2019,8,Summer,36502,31.147733,-87.494821
Hurricane,2019-09-18,2019,9,Fall,36502,31.147733,-87.494821
Hurricane,2017-09-19,2017,9,Fall,30341,33.888505,-84.289532
Hurricane,2018-12-13,2018,12,Winter,30341,33.888505,-84.289532
Hurricane,2017-09-12,2017,9,Fall,20171,38.926874,-77.396775
Hurricane,2019-08-15,2019,8,Summer,20171,38.926874,-77.396775
Hurricane,2017-09-14,2017,9,Fall,20171,38.926874,-77.396775
Hurricane,2017-09-15,2017,9,Fall,20171,38.926874,-77.396775
Hurricane,2017-09-15,2017,9,Fall,36205,33.699568,-85.787428
Hurricane,2018-11-17,2018,11,Fall,36205,33.699568,-85.787428
Hurricane,2017-09-12,2017,9,Fall,36205,33.699568,-85.787428
Hurricane,2017-10-07,2017,10,Fall,36205,33.699568,-85.787428
Hurricane,2018-08-21,2018,8,Summer,36205,33.699568,-85.787428
Hurricane,2020-03-19,2020,3,Spring,36205,33.699568,-85.787428
Hurricane,2017-09-12,2017,9,Fall,36205,33.699568,-85.787428
Hurricane,2017-10-07,2017,10,Fall,36205,33.699568,-85.787428
Hurricane,2018-08-21,2018,8,Summer,36205,33.699568,-85.787428
Hurricane,2020-01-29,2020,1,Winter,36205,33.699568,-85.787428
Hurricane,2017-09-15,2017,9,Fall,36205,33.699568,-85.787428
Hurricane,2017-10-07,2017,10,Fall,36205,33.699568,-85.787428
Hurricane,2018-01-26,2018,1,Winter,36205,33.699568,-85.787428
Hurricane,2017-09-15,2017,9,Fall,36205,33.699568,-85.787428
Hurricane,2017-12-22,2017,12,Winter,36205,33.699568,-85.787428
Hurricane,2018-02-05,2018,2,Winter,36205,33.699568,-85.787428
Hurricane,2018-07-25,2018,7,Summer,36205,33.699568,-85.787428
Hurricane,2017-09-15,2017,9,Fall,36205,33.699568,-85.787428
Hurricane,2018-06-26,2018,6,Summer,36205,33.699568,-85.787428
Hurricane,2018-11-07,2018,11,Fall,36205,33.699568,-85.787428
Hurricane,2020-01-29,2020,1,Winter,36205,33.699568,-85.787428
Hurricane,2017-09-12,2017,9,Fall,36205,33.699568,-85.787428
Hurricane,2017-10-07,2017,10,Fall,36205,33.699568,-85.787428
Hurricane,2018-04-27,2018,4,Spring,36205,33.699568,-85.787428
Hurricane,2020-03-18,2020,3,Spring,36205,33.699568,-85.787428
Hurricane,2017-09-19,2017,9,Fall,36205,33.699568,-85.787428
Hurricane,2017-10-07,2017,10,Fall,36205,33.699568,-85.787428
Hurricane,2018-01-25,2018,1,Winter,36205,33.699568,-85.787428
Hurricane,2018-08-24,2018,8,Summer,36205,33.699568,-85.787428
Hurricane,2020-02-03,2020,2,Winter,36205,33.699568,-85.787428
Hurricane,2017-09-12,2017,9,Fall,36205,33.699568,-85.787428
Hurricane,2017-09-30,2017,9,Fall,36205,33.699568,-85.787428
Hurricane,2017-09-13,2017,9,Fall,32301,30.427618,-84.257753
Hurricane,2018-03-27,2018,3,Spring,32301,30.427618,-84.257753
Hurricane,2018-05-23,2018,5,Spring,32301,30.427618,-84.257753
Hurricane,2018-11-20,2018,11,Fall,32301,30.427618,-84.257753
Hurricane,2019-06-13,2019,6,Summer,32301,30.427618,-84.257753
Hurricane,2022-08-15,2022,8,Summer,32301,30.427618,-84.257753
Hurricane,2023-08-24,2023,8,Summer,32301,30.427618,-84.257753
Hurricane,2017-09-13,2017,9,Fall,32301,30.427618,-84.257753
Hurricane,2017-09-16,2017,9,Fall,32301,30.427618,-84.257753
Hurricane,2017-09-18,2017,9,Fall,20171,38.926874,-77.396775
Hurricane,2018-11-19,2018,11,Fall,20171,38.926874,-77.396775
Hurricane,2019-03-12,2019,3,Spring,20171,38.926874,-77.396775
Hurricane,2019-03-28,2019,3,Spring,20171,38.926874,-77.396775
Hurricane,2017-11-11,2017,11,Fall,32809,28.462218,-81.385219
Hurricane,2017-11-20,2017,11,Fall,32809,28.462218,-81.385219
Hurricane,2018-07-09,2018,7,Summer,32809,28.462218,-81.385219
Hurricane,2018-08-14,2018,8,Summer,32809,28.462218,-81.385219
Hurricane,2017-11-13,2017,11,Fall,32809,28.462218,-81.385219
Hurricane,2017-11-20,2017,11,Fall,32809,28.462218,-81.385219
Hurricane,2017-12-19,2017,12,Winter,32809,28.462218,-81.385219
Hurricane,2018-04-30,2018,4,Spring,32809,28.462218,-81.385219
Hurricane,2018-07-31,2018,7,Summer,32809,28.462218,-81.385219
Hurricane,2018-11-20,2018,11,Fall,32809,28.462218,-81.385219
Hurricane,2019-03-07,2019,3,Spring,32809,28.462218,-81.385219
Hurricane,2019-09-19,2019,9,Fall,32809,28.462218,-81.385219
Hurricane,2019-12-02,2019,12,Winter,32809,28.462218,-81.385219
Hurricane,2020-07-22,2020,7,Summer,32809,28.462218,-81.385219
Hurricane,2023-08-24,2023,8,Summer,32809,28.462218,-81.385219
Hurricane,2017-09-14,2017,9,Fall,36502,31.147733,-87.494821
Hurricane,2017-10-07,2017,10,Fall,36502,31.147733,-87.494821
Hurricane,2018-05-01,2018,5,Spring,36502,31.147733,-87.494821
Hurricane,2020-06-08,2020,6,Summer,36502,31.147733,-87.494821
Hurricane,2021-05-03,2021,5,Spring,36502,31.147733,-87.494821
Hurricane,2017-09-13,2017,9,Fall,36205,33.699568,-85.787428
Hurricane,2017-09-28,2017,9,Fall,36205,33.699568,-85.787428
Hurricane,2018-04-21,2018,4,Spring,36205,33.699568,-85.787428
Hurricane,2019-05-09,2019,5,Spring,36205,33.699568,-85.787428
Hurricane,2017-11-29,2017,11,Fall,32809,28.462218,-81.385219
Hurricane,2018-02-07,2018,2,Winter,32809,28.462218,-81.385219
Hurricane,2018-05-30,2018,5,Spring,32809,28.462218,-81.385219
Hurricane,2018-05-31,2018,5,Spring,32809,28.462218,-81.385219
Hurricane,2018-07-30,2018,7,Summer,32809,28.462218,-81.385219
Hurricane,2017-09-13,2017,9,Fall,36205,33.699568,-85.787428
Hurricane,2017-09-30,2017,9,Fall,36205,33.699568,-85.787428
Hurricane,2020-06-30,2020,6,Summer,36205,33.699568,-85.787428
Hurricane,2020-11-02,2020,11,Fall,36205,33.699568,-85.787428
Hurricane,2017-09-12,2017,9,Fall,30067,33.934278,-84.462185
Hurricane,2019-02-27,2019,2,Winter,30067,33.934278,-84.462185
Hurricane,2019-10-07,2019,10,Fall,30067,33.934278,-84.462185
Hurricane,2020-01-02,2020,1,Winter,30067,33.934278,-84.462185
Hurricane,2020-01-25,2020,1,Winter,30067,33.934278,-84.462185
Hurricane,2020-06-03,2020,6,Summer,30067,33.934278,-84.462185
Hurricane,2017-09-15,2017,9,Fall,36205,33.699568,-85.787428
Hurricane,2017-09-30,2017,9,Fall,36205,33.699568,-85.787428
Hurricane,2017-09-15,2017,9,Fall,36205,33.699568,-85.787428
Hurricane,2017-10-07,2017,10,Fall,36205,33.699568,-85.787428
Hurricane,2018-01-26,2018,1,Winter,36205,33.699568,-85.787428
Hurricane,2017-09-15,2017,9,Fall,36205,33.699568,-85.787428
Hurricane,2017-10-07,2017,10,Fall,36205,33.699568,-85.787428
Hurricane,2018-01-26,2018,1,Winter,36205,33.699568,-85.787428
Hurricane,2017-09-13,2017,9,Fall,36205,33.699568,-85.787428
Hurricane,2017-12-05,2017,12,Winter,36205,33.699568,-85.787428
Hurricane,2020-03-04,2020,3,Spring,36205,33.699568,-85.787428
Hurricane,2017-12-22,2017,12,Winter,36205,33.699568,-85.787428
Hurricane,2018-01-24,2018,1,Winter,36205,33.699568,-85.787428
Hurricane,2019-06-05,2019,6,Summer,36205,33.699568,-85.787428
Hurricane,2017-09-21,2017,9,Fall,31524,31.240597,-81.473387
Hurricane,2017-10-30,2017,10,Fall,31524,31.240597,-81.473387
Hurricane,2017-11-15,2017,11,Fall,31524,31.240597,-81.473387
Hurricane,2019-05-19,2019,5,Spring,31524,31.240597,-81.473387
Hurricane,2017-09-29,2017,9,Fall,30316,33.716794,-84.331343
Hurricane,2018-01-05,2018,1,Winter,30316,33.716794,-84.331343
Hurricane,2019-05-22,2019,5,Spring,30316,33.716794,-84.331343
Hurricane,2017-10-13,2017,10,Fall,31088,32.586171,-83.655082
Hurricane,2018-01-31,2018,1,Winter,31088,32.586171,-83.655082
Hurricane,2019-11-25,2019,11,Fall,31088,32.586171,-83.655082
Hurricane,2018-01-24,2018,1,Winter,36205,33.699568,-85.787428
Hurricane,2018-01-24,2018,1,Winter,36205,33.699568,-85.787428
Hurricane,2018-09-14,2018,9,Fall,36205,33.699568,-85.787428
Hurricane,2020-02-20,2020,2,Winter,36205,33.699568,-85.787428
Hurricane,2020-04-02,2020,4,Spring,36205,33.699568,-85.787428
Hurricane,2017-09-22,2017,9,Fall,31088,32.586171,-83.655082
Hurricane,2018-05-23,2018,5,Spring,31088,32.586171,-83.655082
Hurricane,2018-01-24,2018,1,Winter,36205,33.699568,-85.787428
Hurricane,2020-04-01,2020,4,Spring,36205,33.699568,-85.787428
Hurricane,2017-09-17,2017,9,Fall,31015,31.943011,-83.778608
Hurricane,2017-09-27,2017,9,Fall,31015,31.943011,-83.778608
Hurricane,2019-03-22,2019,3,Spring,31015,31.943011,-83.778608
Hurricane,2018-01-24,2018,1,Winter,36205,33.699568,-85.787428
Hurricane,2018-12-14,2018,12,Winter,36205,33.699568,-85.787428
Hurricane,2017-09-29,2017,9,Fall,30316,33.716794,-84.331343
Hurricane,2017-11-15,2017,11,Fall,30316,33.716794,-84.331343
Hurricane,2018-02-05,2018,2,Winter,30316,33.716794,-84.331343
Hurricane,2018-03-02,2018,3,Spring,30316,33.716794,-84.331343
Hurricane,2018-04-02,2018,4,Spring,30316,33.716794,-84.331343
Hurricane,2018-04-30,2018,4,Spring,30316,33.716794,-84.331343
Hurricane,2017-10-06,2017,10,Fall,21727,39.688615,-77.329281
Hurricane,2017-11-30,2017,11,Fall,21727,39.688615,-77.329281
Hurricane,2017-09-17,2017,9,Fall,30341,33.888505,-84.289532
Hurricane,2018-04-16,2018,4,Spring,30341,33.888505,-84.289532
Hurricane,2017-09-17,2017,9,Fall,31699,30.969613,-83.194305
Hurricane,2018-06-21,2018,6,Summer,31699,30.969613,-83.194305
Hurricane,2019-05-10,2019,5,Spring,31699,30.969613,-83.194305
Hurricane,2020-01-23,2020,1,Winter,31699,30.969613,-83.194305
Hurricane,2020-01-24,2020,1,Winter,31699,30.969613,-83.194305
Hurricane,2017-10-03,2017,10,Fall,36205,33.699568,-85.787428
Hurricane,2017-12-19,2017,12,Winter,36205,33.699568,-85.787428
Hurricane,2017-09-25,2017,9,Fall,36205,33.699568,-85.787428
Hurricane,2017-10-07,2017,10,Fall,36205,33.699568,-85.787428
Hurricane,2017-12-15,2017,12,Winter,36205,33.699568,-85.787428
Hurricane,2017-10-16,2017,10,Fall,32209,30.361015,-81.696254
Hurricane,2017-09-21,2017,9,Fall,07722,40.287799,-74.166807
Hurricane,2017-09-24,2017,9,Fall,07722,40.287799,-74.166807
Hurricane,2017-10-17,2017,10,Fall,07722,40.287799,-74.166807
Hurricane,2017-09-25,2017,9,Fall,36205,33.699568,-85.787428
Hurricane,2017-10-01,2017,10,Fall,36205,33.699568,-85.787428
Hurricane,2017-09-25,2017,9,Fall,36205,33.699568,-85.787428
Hurricane,2017-10-01,2017,10,Fall,36205,33.699568,-85.787428
Hurricane,2017-09-25,2017,9,Fall,36205,33.699568,-85.787428
Hurricane,2017-10-01,2017,10,Fall,36205,33.699568,-85.787428
Hurricane,2017-09-25,2017,9,Fall,36205,33.699568,-85.787428
Hurricane,2017-10-01,2017,10,Fall,36205,33.699568,-85.787428
Hurricane,2017-09-25,2017,9,Fall,36205,33.699568,-85.787428
Hurricane,2017-10-01,2017,10,Fall,36205,33.699568,-85.787428
Hurricane,2017-09-25,2017,9,Fall,36205,33.699568,-85.787428
Hurricane,2017-10-07,2017,10,Fall,36205,33.699568,-85.787428
Hurricane,2017-09-30,2017,9,Fall,36205,33.699568,-85.787428
Hurricane,2017-09-25,2017,9,Fall,36205,33.699568,-85.787428
Hurricane,2017-10-01,2017,10,Fall,36205,33.699568,-85.787428
Hurricane,2017-09-26,2017,9,Fall,36205,33.699568,-85.787428
Hurricane,2017-10-06,2017,10,Fall,36205,33.699568,-85.787428
Hurricane,2017-09-26,2017,9,Fall,36205,33.699568,-85.787428
Hurricane,2017-10-01,2017,10,Fall,36205,33.699568,-85.787428
Hurricane,2017-09-26,2017,9,Fall,36205,33.699568,-85.787428
Hurricane,2017-10-01,2017,10,Fall,36205,33.699568,-85.787428
Hurricane,2017-09-26,2017,9,Fall,36205,33.699568,-85.787428
Hurricane,2017-10-01,2017,10,Fall,36205,33.699568,-85.787428
Hurricane,2017-09-26,2017,9,Fall,36205,33.699568,-85.787428
Hurricane,2017-10-06,2017,10,Fall,36205,33.699568,-85.787428
Hurricane,2017-09-26,2017,9,Fall,36205,33.699568,-85.787428
Hurricane,2017-10-02,2017,10,Fall,36205,33.699568,-85.787428
Hurricane,2018-03-28,2018,3,Spring,36205,33.699568,-85.787428
Hurricane,2018-04-25,2018,4,Spring,36205,33.699568,-85.787428
Hurricane,2017-09-25,2017,9,Fall,36205,33.699568,-85.787428
Hurricane,2017-10-01,2017,10,Fall,36205,33.699568,-85.787428
Hurricane,2017-09-27,2017,9,Fall,36205,33.699568,-85.787428
Hurricane,2017-09-27,2017,9,Fall,36205,33.699568,-85.787428
Hurricane,2017-09-29,2017,9,Fall,36205,33.699568,-85.787428
Hurricane,2017-09-29,2017,9,Fall,36205,33.699568,-85.787428
Hurricane,2017-09-29,2017,9,Fall,36205,33.699568,-85.787428
Hurricane,2017-09-29,2017,9,Fall,36205,33.699568,-85.787428
Hurricane,2017-12-15,2017,12,Winter,36205,33.699568,-85.787428
Hurricane,2017-10-04,2017,10,Fall,36205,33.699568,-85.787428
Hurricane,2017-10-04,2017,10,Fall,36205,33.699568,-85.787428
Hurricane,2017-09-25,2017,9,Fall,36205,33.699568,-85.787428
Hurricane,2017-10-07,2017,10,Fall,36205,33.699568,-85.787428
Hurricane,2018-02-02,2018,2,Winter,36205,33.699568,-85.787428
Hurricane,2017-09-22,2017,9,Fall,28307,35.139601999999996,-78.993577
Hurricane,2018-03-13,2018,3,Spring,28307,35.139601999999996,-78.993577
Hurricane,2017-09-22,2017,9,Fall,32209,30.361015,-81.696254
Hurricane,2017-11-06,2017,11,Fall,32209,30.361015,-81.696254
Hurricane,2017-09-25,2017,9,Fall,36205,33.699568,-85.787428
Hurricane,2017-09-30,2017,9,Fall,36205,33.699568,-85.787428
Hurricane,2017-09-28,2017,9,Fall,36112,32.380944,-86.363749
Hurricane,2017-11-02,2017,11,Fall,36112,32.380944,-86.363749
Hurricane,2017-10-25,2017,10,Fall,95304,37.680641,-121.381561
Hurricane,2017-09-24,2017,9,Fall,36205,33.699568,-85.787428
Hurricane,2017-10-07,2017,10,Fall,36205,33.699568,-85.787428
Hurricane,2017-09-27,2017,9,Fall,32226,30.481248,-81.506157
Hurricane,2017-12-02,2017,12,Winter,32226,30.481248,-81.506157
Hurricane,2017-10-20,2017,10,Fall,20024,38.870543,-77.026826
Hurricane,2017-11-07,2017,11,Fall,20024,38.870543,-77.026826
Hurricane,2017-09-29,2017,9,Fall,36205,33.699568,-85.787428
Hurricane,2017-12-28,2017,12,Winter,36205,33.699568,-85.787428
Hurricane,2017-10-13,2017,10,Fall,29404,32.897841,-80.052445
Hurricane,2017-11-06,2017,11,Fall,29404,32.897841,-80.052445
Hurricane,2017-11-27,2017,11,Fall,29404,32.897841,-80.052445
Hurricane,2017-10-13,2017,10,Fall,32226,30.481248,-81.506157
Hurricane,2017-11-06,2017,11,Fall,32226,30.481248,-81.506157
Hurricane,2017-11-21,2017,11,Fall,32226,30.481248,-81.506157
Hurricane,2017-10-14,2017,10,Fall,29406,32.937235,-80.035457
Hurricane,2017-11-06,2017,11,Fall,29406,32.937235,-80.035457
Hurricane,2017-11-22,2017,11,Fall,29406,32.937235,-80.035457
Hurricane,2017-09-25,2017,9,Fall,36205,33.699568,-85.787428
Hurricane,2017-10-07,2017,10,Fall,36205,33.699568,-85.787428
Hurricane,2018-02-12,2018,2,Winter,36205,33.699568,-85.787428
Hurricane,2017-09-25,2017,9,Fall,36205,33.699568,-85.787428
Hurricane,2017-10-07,2017,10,Fall,36205,33.699568,-85.787428
Hurricane,2018-05-30,2018,5,Spring,36205,33.699568,-85.787428
Hurricane,2017-09-25,2017,9,Fall,36205,33.699568,-85.787428
Hurricane,2017-10-06,2017,10,Fall,36205,33.699568,-85.787428
Hurricane,2017-09-25,2017,9,Fall,36205,33.699568,-85.787428
Hurricane,2017-10-06,2017,10,Fall,36205,33.699568,-85.787428
Hurricane,2017-09-25,2017,9,Fall,36205,33.699568,-85.787428
Hurricane,2017-10-06,2017,10,Fall,36205,33.699568,-85.787428
Hurricane,2017-09-25,2017,9,Fall,36205,33.699568,-85.787428
Hurricane,2017-10-06,2017,10,Fall,36205,33.699568,-85.787428
Hurricane,2017-12-15,2017,12,Winter,36205,33.699568,-85.787428
Hurricane,2020-09-02,2020,9,Fall,36205,33.699568,-85.787428
Hurricane,2017-10-02,2017,10,Fall,20591,38.886946,-77.022968
Hurricane,2017-10-03,2017,10,Fall,32226,30.481248,-81.506157
Hurricane,2017-10-04,2017,10,Fall,23505,36.912882,-76.299596
Hurricane,2017-11-07,2017,11,Fall,23505,36.912882,-76.299596
Hurricane,2017-12-18,2017,12,Winter,36205,33.699568,-85.787428
Hurricane,2017-09-27,2017,9,Fall,36205,33.699568,-85.787428
Hurricane,2017-10-07,2017,10,Fall,36205,33.699568,-85.787428
Hurricane,2017-10-03,2017,10,Fall,36205,33.699568,-85.787428
Hurricane,2017-09-25,2017,9,Fall,36205,33.699568,-85.787428
Hurricane,2017-10-07,2017,10,Fall,36205,33.699568,-85.787428
Hurricane,2018-01-22,2018,1,Winter,36205,33.699568,-85.787428
Hurricane,2017-09-29,2017,9,Fall,20591,38.886946,-77.022968
Hurricane,2017-10-02,2017,10,Fall,36205,33.699568,-85.787428
Hurricane,2018-08-16,2018,8,Summer,36205,33.699568,-85.787428
Hurricane,2017-09-25,2017,9,Fall,36205,33.699568,-85.787428
Hurricane,2017-10-07,2017,10,Fall,36205,33.699568,-85.787428
Hurricane,2018-04-02,2018,4,Spring,36205,33.699568,-85.787428
Hurricane,2017-09-25,2017,9,Fall,36205,33.699568,-85.787428
Hurricane,2017-12-15,2017,12,Winter,36205,33.699568,-85.787428
Hurricane,2017-10-04,2017,10,Fall,36205,33.699568,-85.787428
Hurricane,2017-11-08,2017,11,Fall,22201,38.886804,-77.094992
Hurricane,2017-09-25,2017,9,Fall,36205,33.699568,-85.787428
Hurricane,2019-08-15,2019,8,Summer,36205,33.699568,-85.787428
Hurricane,2017-10-03,2017,10,Fall,36205,33.699568,-85.787428
Hurricane,2017-10-03,2017,10,Fall,36205,33.699568,-85.787428
Hurricane,2017-10-02,2017,10,Fall,36205,33.699568,-85.787428
Hurricane,2017-12-15,2017,12,Winter,36205,33.699568,-85.787428
Hurricane,2017-10-02,2017,10,Fall,36205,33.699568,-85.787428
Hurricane,2018-01-20,2018,1,Winter,36205,33.699568,-85.787428
Hurricane,2017-10-02,2017,10,Fall,36205,33.699568,-85.787428
Hurricane,2017-10-04,2017,10,Fall,36205,33.699568,-85.787428
Hurricane,2017-09-25,2017,9,Fall,36205,33.699568,-85.787428
Hurricane,2017-10-07,2017,10,Fall,36205,33.699568,-85.787428
Hurricane,2017-12-15,2017,12,Winter,36205,33.699568,-85.787428
Hurricane,2018-03-15,2018,3,Spring,36205,33.699568,-85.787428
Hurricane,2017-10-03,2017,10,Fall,36205,33.699568,-85.787428
Hurricane,2019-10-15,2019,10,Fall,36205,33.699568,-85.787428
Hurricane,2017-09-23,2017,9,Fall,36205,33.699568,-85.787428
Hurricane,2017-09-30,2017,9,Fall,36205,33.699568,-85.787428
Hurricane,2017-10-03,2017,10,Fall,36205,33.699568,-85.787428
Hurricane,2017-10-03,2017,10,Fall,36205,33.699568,-85.787428
Hurricane,2017-12-11,2017,12,Winter,36205,33.699568,-85.787428
Hurricane,2017-10-03,2017,10,Fall,36205,33.699568,-85.787428
Hurricane,2018-06-21,2018,6,Summer,36205,33.699568,-85.787428
Hurricane,2017-09-29,2017,9,Fall,36205,33.699568,-85.787428
Hurricane,2017-09-30,2017,9,Fall,36205,33.699568,-85.787428
Hurricane,2019-10-15,2019,10,Fall,36205,33.699568,-85.787428
Hurricane,2021-02-02,2021,2,Winter,36205,33.699568,-85.787428
Hurricane,2017-09-21,2017,9,Fall,19073,39.983253,-75.429218
Hurricane,2017-10-06,2017,10,Fall,19073,39.983253,-75.429218
Hurricane,2017-10-28,2017,10,Fall,19073,39.983253,-75.429218
Hurricane,2019-10-15,2019,10,Fall,19073,39.983253,-75.429218
Hurricane,2017-09-24,2017,9,Fall,17057,40.19435,-76.726246
Hurricane,2017-10-15,2017,10,Fall,17057,40.19435,-76.726246
Hurricane,2020-03-03,2020,3,Spring,20024,38.870543,-77.026826
Hurricane,2020-03-03,2020,3,Spring,20024,38.870543,-77.026826
Hurricane,2017-10-11,2017,10,Fall,29404,32.897841,-80.052445
Hurricane,2017-11-21,2017,11,Fall,29404,32.897841,-80.052445
Hurricane,2020-03-03,2020,3,Spring,20024,38.870543,-77.026826
Hurricane,2017-09-25,2017,9,Fall,36205,33.699568,-85.787428
Hurricane,2017-09-30,2017,9,Fall,36205,33.699568,-85.787428
Hurricane,2017-10-02,2017,10,Fall,36205,33.699568,-85.787428
Hurricane,2017-10-03,2017,10,Fall,36205,33.699568,-85.787428
Hurricane,2019-02-28,2019,2,Winter,36205,33.699568,-85.787428
Hurricane,2017-09-26,2017,9,Fall,36205,33.699568,-85.787428
Hurricane,2017-10-07,2017,10,Fall,36205,33.699568,-85.787428
Hurricane,2017-10-05,2017,10,Fall,36205,33.699568,-85.787428
Hurricane,2018-01-28,2018,1,Winter,36205,33.699568,-85.787428
Hurricane,2017-09-21,2017,9,Fall,20147,39.041947,-77.47813
Hurricane,2019-10-15,2019,10,Fall,20147,39.041947,-77.47813
Hurricane,2019-10-23,2019,10,Fall,20147,39.041947,-77.47813
Hurricane,2018-01-05,2018,1,Winter,36205,33.699568,-85.787428
Hurricane,2020-02-05,2020,2,Winter,36205,33.699568,-85.787428
Hurricane,2017-09-21,2017,9,Fall,07722,40.287799,-74.166807
Hurricane,2017-09-24,2017,9,Fall,07722,40.287799,-74.166807
Hurricane,2017-09-30,2017,9,Fall,07722,40.287799,-74.166807
Hurricane,2017-10-25,2017,10,Fall,07722,40.287799,-74.166807
Hurricane,2017-12-16,2017,12,Winter,07722,40.287799,-74.166807
Hurricane,2018-03-03,2018,3,Spring,07722,40.287799,-74.166807
Hurricane,2017-12-27,2017,12,Winter,36205,33.699568,-85.787428
Hurricane,2019-08-23,2019,8,Summer,36205,33.699568,-85.787428
Hurricane,2017-10-02,2017,10,Fall,36205,33.699568,-85.787428
Hurricane,2018-09-26,2018,9,Fall,36205,33.699568,-85.787428
Hurricane,2020-02-05,2020,2,Winter,36205,33.699568,-85.787428
Hurricane,2017-10-07,2017,10,Fall,36205,33.699568,-85.787428
Hurricane,2018-01-27,2018,1,Winter,36205,33.699568,-85.787428
Hurricane,2017-10-05,2017,10,Fall,36205,33.699568,-85.787428
Hurricane,2018-01-27,2018,1,Winter,36205,33.699568,-85.787428
Hurricane,2017-10-05,2017,10,Fall,36205,33.699568,-85.787428
Hurricane,2018-09-26,2018,9,Fall,36205,33.699568,-85.787428
Hurricane,2020-02-05,2020,2,Winter,36205,33.699568,-85.787428
Hurricane,2017-10-04,2017,10,Fall,36205,33.699568,-85.787428
Hurricane,2018-09-14,2018,9,Fall,36205,33.699568,-85.787428
Hurricane,2018-11-07,2018,11,Fall,36205,33.699568,-85.787428
Hurricane,2019-10-17,2019,10,Fall,36205,33.699568,-85.787428
Hurricane,2017-10-06,2017,10,Fall,36205,33.699568,-85.787428
Hurricane,2018-01-27,2018,1,Winter,36205,33.699568,-85.787428
Hurricane,2017-10-06,2017,10,Fall,36205,33.699568,-85.787428
Hurricane,2018-09-26,2018,9,Fall,36205,33.699568,-85.787428
Hurricane,2020-02-05,2020,2,Winter,36205,33.699568,-85.787428
Hurricane,2017-10-06,2017,10,Fall,36205,33.699568,-85.787428
Hurricane,2018-09-26,2018,9,Fall,36205,33.699568,-85.787428
Hurricane,2020-02-05,2020,2,Winter,36205,33.699568,-85.787428
Hurricane,2017-10-05,2017,10,Fall,36205,33.699568,-85.787428
Hurricane,2018-07-02,2018,7,Summer,36205,33.699568,-85.787428
Hurricane,2017-10-06,2017,10,Fall,36205,33.699568,-85.787428
Hurricane,2018-09-14,2018,9,Fall,36205,33.699568,-85.787428
Hurricane,2017-10-05,2017,10,Fall,36205,33.699568,-85.787428
Hurricane,2018-01-27,2018,1,Winter,36205,33.699568,-85.787428
Hurricane,2017-10-05,2017,10,Fall,36205,33.699568,-85.787428
Hurricane,2018-09-26,2018,9,Fall,36205,33.699568,-85.787428
Hurricane,2019-10-15,2019,10,Fall,36205,33.699568,-85.787428
Hurricane,2019-10-17,2019,10,Fall,36205,33.699568,-85.787428
Hurricane,2020-02-05,2020,2,Winter,36205,33.699568,-85.787428
Hurricane,2021-02-05,2021,2,Winter,36205,33.699568,-85.787428
Hurricane,2017-10-21,2017,10,Fall,36205,33.699568,-85.787428
Hurricane,2018-01-27,2018,1,Winter,36205,33.699568,-85.787428
Hurricane,2017-10-19,2017,10,Fall,36205,33.699568,-85.787428
Hurricane,2018-09-14,2018,9,Fall,36205,33.699568,-85.787428
Hurricane,2017-10-19,2017,10,Fall,36205,33.699568,-85.787428
Hurricane,2018-09-14,2018,9,Fall,36205,33.699568,-85.787428
Hurricane,2017-10-19,2017,10,Fall,36205,33.699568,-85.787428
Hurricane,2018-09-14,2018,9,Fall,36205,33.699568,-85.787428
Hurricane,2017-10-02,2017,10,Fall,36205,33.699568,-85.787428
Hurricane,2018-01-27,2018,1,Winter,36205,33.699568,-85.787428
Hurricane,2017-10-04,2017,10,Fall,36205,33.699568,-85.787428
Hurricane,2017-12-21,2017,12,Winter,36205,33.699568,-85.787428
Hurricane,2017-10-19,2017,10,Fall,36205,33.699568,-85.787428
Hurricane,2018-01-27,2018,1,Winter,36205,33.699568,-85.787428
Hurricane,2017-10-04,2017,10,Fall,36205,33.699568,-85.787428
Hurricane,2017-10-18,2017,10,Fall,36205,33.699568,-85.787428
Hurricane,2018-01-27,2018,1,Winter,36205,33.699568,-85.787428
Hurricane,2018-04-18,2018,4,Spring,36205,33.699568,-85.787428
Hurricane,2020-02-05,2020,2,Winter,36205,33.699568,-85.787428
Hurricane,2017-10-06,2017,10,Fall,36205,33.699568,-85.787428
Hurricane,2018-01-28,2018,1,Winter,36205,33.699568,-85.787428
Hurricane,2017-09-21,2017,9,Fall,07722,40.287799,-74.166807
Hurricane,2017-09-23,2017,9,Fall,07722,40.287799,-74.166807
Hurricane,2019-10-15,2019,10,Fall,07722,40.287799,-74.166807
Hurricane,2017-10-04,2017,10,Fall,36205,33.699568,-85.787428
Hurricane,2018-07-03,2018,7,Summer,36205,33.699568,-85.787428
Hurricane,2018-12-31,2018,12,Winter,36205,33.699568,-85.787428
Hurricane,2017-10-04,2017,10,Fall,36205,33.699568,-85.787428
Hurricane,2018-03-09,2018,3,Spring,36205,33.699568,-85.787428
Hurricane,2019-10-15,2019,10,Fall,36205,33.699568,-85.787428
Hurricane,2017-10-07,2017,10,Fall,07722,40.287799,-74.166807
Hurricane,2017-10-04,2017,10,Fall,36205,33.699568,-85.787428
Hurricane,2018-01-04,2018,1,Winter,36205,33.699568,-85.787428
Hurricane,2017-10-04,2017,10,Fall,36205,33.699568,-85.787428
Hurricane,2018-06-09,2018,6,Summer,36205,33.699568,-85.787428
Hurricane,2019-04-27,2019,4,Spring,36205,33.699568,-85.787428
Hurricane,2017-10-04,2017,10,Fall,36205,33.699568,-85.787428
Hurricane,2019-09-18,2019,9,Fall,36205,33.699568,-85.787428
Hurricane,2017-10-06,2017,10,Fall,36205,33.699568,-85.787428
Hurricane,2018-09-06,2018,9,Fall,36205,33.699568,-85.787428
Hurricane,2020-03-11,2020,3,Spring,36205,33.699568,-85.787428
Hurricane,2020-04-10,2020,4,Spring,36205,33.699568,-85.787428
Hurricane,2017-10-04,2017,10,Fall,36205,33.699568,-85.787428
Hurricane,2018-10-17,2018,10,Fall,36205,33.699568,-85.787428
Hurricane,2017-10-04,2017,10,Fall,36205,33.699568,-85.787428
Hurricane,2018-01-04,2018,1,Winter,36205,33.699568,-85.787428
Hurricane,2019-10-15,2019,10,Fall,36205,33.699568,-85.787428
Hurricane,2017-12-14,2017,12,Winter,36205,33.699568,-85.787428
Hurricane,2018-05-15,2018,5,Spring,36205,33.699568,-85.787428
Hurricane,2017-12-27,2017,12,Winter,36205,33.699568,-85.787428
Hurricane,2018-11-30,2018,11,Fall,36205,33.699568,-85.787428
Hurricane,2017-10-04,2017,10,Fall,36205,33.699568,-85.787428
Hurricane,2018-11-16,2018,11,Fall,36205,33.699568,-85.787428
Hurricane,2020-02-12,2020,2,Winter,36205,33.699568,-85.787428
Hurricane,2017-10-09,2017,10,Fall,08837,40.514281,-74.343859
Hurricane,2017-11-10,2017,11,Fall,08837,40.514281,-74.343859
Hurricane,2017-12-18,2017,12,Winter,08837,40.514281,-74.343859
Hurricane,2018-01-31,2018,1,Winter,08837,40.514281,-74.343859
Hurricane,2018-03-30,2018,3,Spring,08837,40.514281,-74.343859
Hurricane,2020-10-16,2020,10,Fall,08837,40.514281,-74.343859
Hurricane,2017-10-05,2017,10,Fall,36205,33.699568,-85.787428
Hurricane,2018-01-26,2018,1,Winter,36205,33.699568,-85.787428
Hurricane,2017-10-02,2017,10,Fall,36205,33.699568,-85.787428
Hurricane,2018-01-04,2018,1,Winter,36205,33.699568,-85.787428
Hurricane,2020-02-05,2020,2,Winter,36205,33.699568,-85.787428
Hurricane,2017-10-05,2017,10,Fall,36205,33.699568,-85.787428
Hurricane,2018-08-13,2018,8,Summer,36205,33.699568,-85.787428
Hurricane,2019-08-07,2019,8,Summer,36205,33.699568,-85.787428
Hurricane,2017-10-07,2017,10,Fall,36205,33.699568,-85.787428
Hurricane,2018-09-17,2018,9,Fall,36205,33.699568,-85.787428
Hurricane,2017-12-27,2017,12,Winter,36205,33.699568,-85.787428
Hurricane,2019-09-19,2019,9,Fall,36205,33.699568,-85.787428
Hurricane,2017-10-04,2017,10,Fall,36205,33.699568,-85.787428
Hurricane,2018-08-13,2018,8,Summer,36205,33.699568,-85.787428
Hurricane,2017-11-07,2017,11,Fall,22201,38.886804,-77.094992
Hurricane,2020-07-08,2020,7,Summer,22201,38.886804,-77.094992
Hurricane,2017-10-04,2017,10,Fall,36205,33.699568,-85.787428
Hurricane,2018-11-16,2018,11,Fall,36205,33.699568,-85.787428
Hurricane,2019-08-19,2019,8,Summer,36205,33.699568,-85.787428
Hurricane,2017-10-04,2017,10,Fall,36205,33.699568,-85.787428
Hurricane,2018-01-28,2018,1,Winter,36205,33.699568,-85.787428
Hurricane,2017-10-06,2017,10,Fall,36205,33.699568,-85.787428
Hurricane,2018-02-06,2018,2,Winter,36205,33.699568,-85.787428
Hurricane,2017-10-04,2017,10,Fall,36205,33.699568,-85.787428
Hurricane,2018-01-28,2018,1,Winter,36205,33.699568,-85.787428
Hurricane,2017-10-04,2017,10,Fall,36205,33.699568,-85.787428
Hurricane,2018-01-26,2018,1,Winter,36205,33.699568,-85.787428
Hurricane,2017-10-04,2017,10,Fall,36205,33.699568,-85.787428
Hurricane,2018-07-03,2018,7,Summer,36205,33.699568,-85.787428
Hurricane,2019-02-19,2019,2,Winter,36205,33.699568,-85.787428
Hurricane,2017-10-04,2017,10,Fall,36205,33.699568,-85.787428
Hurricane,2018-07-03,2018,7,Summer,36205,33.699568,-85.787428
Hurricane,2019-03-18,2019,3,Spring,36205,33.699568,-85.787428
Hurricane,2017-10-04,2017,10,Fall,36205,33.699568,-85.787428
Hurricane,2018-03-05,2018,3,Spring,36205,33.699568,-85.787428
Hurricane,2019-10-15,2019,10,Fall,36205,33.699568,-85.787428
Hurricane,2017-10-14,2017,10,Fall,36205,33.699568,-85.787428
Hurricane,2018-08-25,2018,8,Summer,36205,33.699568,-85.787428
Hurricane,2019-10-15,2019,10,Fall,36205,33.699568,-85.787428
Hurricane,2020-01-08,2020,1,Winter,36205,33.699568,-85.787428
Hurricane,2020-03-28,2020,3,Spring,36205,33.699568,-85.787428
Hurricane,2017-10-04,2017,10,Fall,36205,33.699568,-85.787428
Hurricane,2018-08-09,2018,8,Summer,36205,33.699568,-85.787428
Hurricane,2018-12-28,2018,12,Winter,36205,33.699568,-85.787428
Hurricane,2020-02-05,2020,2,Winter,36205,33.699568,-85.787428
Hurricane,2020-03-10,2020,3,Spring,36205,33.699568,-85.787428
Hurricane,2020-04-24,2020,4,Spring,36205,33.699568,-85.787428
Hurricane,2020-06-05,2020,6,Summer,36205,33.699568,-85.787428
Hurricane,2020-08-11,2020,8,Summer,36205,33.699568,-85.787428
Hurricane,2021-01-21,2021,1,Winter,36205,33.699568,-85.787428
Hurricane,2021-04-15,2021,4,Spring,36205,33.699568,-85.787428
Hurricane,2017-10-21,2017,10,Fall,36205,33.699568,-85.787428
Hurricane,2018-01-03,2018,1,Winter,36205,33.699568,-85.787428
Hurricane,2018-04-26,2018,4,Spring,36205,33.699568,-85.787428
Hurricane,2018-09-06,2018,9,Fall,36205,33.699568,-85.787428
Hurricane,2019-10-15,2019,10,Fall,36205,33.699568,-85.787428
Hurricane,2020-01-30,2020,1,Winter,36205,33.699568,-85.787428
Hurricane,2020-06-09,2020,6,Summer,36205,33.699568,-85.787428
Hurricane,2021-01-21,2021,1,Winter,36205,33.699568,-85.787428
Hurricane,2021-05-03,2021,5,Spring,36205,33.699568,-85.787428
Hurricane,2017-10-04,2017,10,Fall,36205,33.699568,-85.787428
Hurricane,2018-06-18,2018,6,Summer,36205,33.699568,-85.787428
Hurricane,2019-05-13,2019,5,Spring,36205,33.699568,-85.787428
Hurricane,2017-10-04,2017,10,Fall,36205,33.699568,-85.787428
Hurricane,2018-08-09,2018,8,Summer,36205,33.699568,-85.787428
Hurricane,2017-10-04,2017,10,Fall,36205,33.699568,-85.787428
Hurricane,2018-01-28,2018,1,Winter,36205,33.699568,-85.787428
Hurricane,2017-12-27,2017,12,Winter,36205,33.699568,-85.787428
Hurricane,2019-10-08,2019,10,Fall,36205,33.699568,-85.787428
Hurricane,2017-10-04,2017,10,Fall,36205,33.699568,-85.787428
Hurricane,2017-12-06,2017,12,Winter,36205,33.699568,-85.787428
Fire,2017-10-12,2017,10,Fall,95655,38.549228,-121.278598
Fire,2017-11-01,2017,11,Fall,95655,38.549228,-121.278598
Fire,2017-11-15,2017,11,Fall,95655,38.549228,-121.278598
Fire,2018-02-01,2018,2,Winter,95655,38.549228,-121.278598
Fire,2018-03-02,2018,3,Spring,95655,38.549228,-121.278598
Fire,2018-07-25,2018,7,Summer,95655,38.549228,-121.278598
Fire,2018-11-15,2018,11,Fall,95655,38.549228,-121.278598
Fire,2017-10-13,2017,10,Fall,95655,38.549228,-121.278598
Fire,2018-11-02,2018,11,Fall,95655,38.549228,-121.278598
Fire,2017-10-11,2017,10,Fall,95655,38.549228,-121.278598
Fire,2017-10-13,2017,10,Fall,95655,38.549228,-121.278598
Fire,2017-10-22,2017,10,Fall,95655,38.549228,-121.278598
Fire,2017-10-25,2017,10,Fall,95655,38.549228,-121.278598
Fire,2017-11-28,2017,11,Fall,95655,38.549228,-121.278598
Fire,2017-12-07,2017,12,Winter,95655,38.549228,-121.278598
Fire,2018-01-19,2018,1,Winter,95655,38.549228,-121.278598
Fire,2018-03-02,2018,3,Spring,95655,38.549228,-121.278598
Fire,2018-03-28,2018,3,Spring,95655,38.549228,-121.278598
Fire,2018-04-20,2018,4,Spring,95655,38.549228,-121.278598
Fire,2018-09-26,2018,9,Fall,95655,38.549228,-121.278598
Fire,2019-08-22,2019,8,Summer,95655,38.549228,-121.278598
Fire,2017-10-15,2017,10,Fall,95655,38.549228,-121.278598
Fire,2017-12-11,2017,12,Winter,95655,38.549228,-121.278598
Fire,2018-04-02,2018,4,Spring,95655,38.549228,-121.278598
Fire,2017-10-15,2017,10,Fall,95655,38.549228,-121.278598
Fire,2019-08-07,2019,8,Summer,95655,38.549228,-121.278598
Fire,2017-10-19,2017,10,Fall,95814,38.580568,-121.49559000000001
Fire,2017-10-30,2017,10,Fall,95814,38.580568,-121.49559000000001
Fire,2017-11-08,2017,11,Fall,95814,38.580568,-121.49559000000001
Fire,2017-11-15,2017,11,Fall,95814,38.580568,-121.49559000000001
Fire,2017-11-27,2017,11,Fall,95814,38.580568,-121.49559000000001
Fire,2017-11-29,2017,11,Fall,95814,38.580568,-121.49559000000001
Fire,2017-12-29,2017,12,Winter,95814,38.580568,-121.49559000000001
Fire,2018-01-11,2018,1,Winter,95814,38.580568,-121.49559000000001
Fire,2018-01-31,2018,1,Winter,95814,38.580568,-121.49559000000001
Fire,2019-07-27,2019,7,Summer,95814,38.580568,-121.49559000000001
Fire,2017-10-19,2017,10,Fall,95655,38.549228,-121.278598
Fire,2017-11-18,2017,11,Fall,95655,38.549228,-121.278598
Fire,2017-11-20,2017,11,Fall,95655,38.549228,-121.278598
Fire,2018-02-20,2018,2,Winter,95655,38.549228,-121.278598
Fire,2018-03-02,2018,3,Spring,95655,38.549228,-121.278598
Fire,2018-04-05,2018,4,Spring,95655,38.549228,-121.278598
Fire,2018-04-20,2018,4,Spring,95655,38.549228,-121.278598
Fire,2018-06-25,2018,6,Summer,95655,38.549228,-121.278598
Fire,2018-07-02,2018,7,Summer,95655,38.549228,-121.278598
Fire,2018-10-02,2018,10,Fall,95655,38.549228,-121.278598
Fire,2018-12-07,2018,12,Winter,95655,38.549228,-121.278598
Fire,2019-01-30,2019,1,Winter,95655,38.549228,-121.278598
Fire,2019-02-26,2019,2,Winter,95655,38.549228,-121.278598
Fire,2019-03-18,2019,3,Spring,95655,38.549228,-121.278598
Fire,2019-04-25,2019,4,Spring,95655,38.549228,-121.278598
Fire,2019-09-30,2019,9,Fall,95655,38.549228,-121.278598
Fire,2019-11-18,2019,11,Fall,95655,38.549228,-121.278598
Fire,2020-05-05,2020,5,Spring,95655,38.549228,-121.278598
Fire,2020-10-05,2020,10,Fall,95655,38.549228,-121.278598
Fire,2021-02-12,2021,2,Winter,95655,38.549228,-121.278598
Fire,2021-08-06,2021,8,Summer,95655,38.549228,-121.278598
Fire,2023-04-10,2023,4,Spring,95655,38.549228,-121.278598
Fire,2023-07-06,2023,7,Summer,95655,38.549228,-121.278598
Fire,2017-11-15,2017,11,Fall,95655,38.549228,-121.278598
Fire,2017-12-12,2017,12,Winter,95655,38.549228,-121.278598
Fire,2018-02-23,2018,2,Winter,95655,38.549228,-121.278598
Fire,2018-04-10,2018,4,Spring,95655,38.549228,-121.278598
Fire,2019-08-12,2019,8,Summer,95655,38.549228,-121.278598
Fire,2018-02-07,2018,2,Winter,95827,38.54836,-121.327497
Fire,2018-05-03,2018,5,Spring,95827,38.54836,-121.327497
Fire,2018-06-11,2018,6,Summer,95827,38.54836,-121.327497
Fire,2018-07-02,2018,7,Summer,95827,38.54836,-121.327497
Fire,2018-07-25,2018,7,Summer,95827,38.54836,-121.327497
Fire,2018-09-09,2018,9,Fall,95827,38.54836,-121.327497
Fire,2018-10-05,2018,10,Fall,95827,38.54836,-121.327497
Fire,2020-11-30,2020,11,Fall,95827,38.54836,-121.327497
Fire,2021-02-05,2021,2,Winter,95827,38.54836,-121.327497
Fire,2017-10-17,2017,10,Fall,36205,33.699568,-85.787428
Fire,2017-10-31,2017,10,Fall,36205,33.699568,-85.787428
Fire,2018-01-03,2018,1,Winter,36205,33.699568,-85.787428
Fire,2019-09-23,2019,9,Fall,36205,33.699568,-85.787428
Fire,2017-10-17,2017,10,Fall,95655,38.549228,-121.278598
Fire,2017-11-08,2017,11,Fall,95655,38.549228,-121.278598
Fire,2017-11-09,2017,11,Fall,95655,38.549228,-121.278598
Fire,2017-11-13,2017,11,Fall,95655,38.549228,-121.278598
Fire,2017-12-19,2017,12,Winter,95655,38.549228,-121.278598
Fire,2018-01-11,2018,1,Winter,95655,38.549228,-121.278598
Fire,2018-01-31,2018,1,Winter,95655,38.549228,-121.278598
Fire,2018-03-14,2018,3,Spring,95655,38.549228,-121.278598
Fire,2018-03-16,2018,3,Spring,95655,38.549228,-121.278598
Fire,2018-04-13,2018,4,Spring,95655,38.549228,-121.278598
Fire,2018-05-14,2018,5,Spring,95655,38.549228,-121.278598
Fire,2019-05-08,2019,5,Spring,95655,38.549228,-121.278598
Fire,2017-10-19,2017,10,Fall,95655,38.549228,-121.278598
Fire,2017-10-11,2017,10,Fall,95655,38.549228,-121.278598
Fire,2019-02-26,2019,2,Winter,95655,38.549228,-121.278598
Fire,2017-10-11,2017,10,Fall,94535,38.270937000000004,-121.937017
Fire,2018-11-28,2018,11,Fall,94535,38.270937000000004,-121.937017
Fire,2017-10-13,2017,10,Fall,94535,38.270937000000004,-121.937017
Fire,2018-11-28,2018,11,Fall,94535,38.270937000000004,-121.937017
Fire,2017-10-14,2017,10,Fall,95903,39.121296,-121.371098
Fire,2017-10-21,2017,10,Fall,95903,39.121296,-121.371098
Fire,2017-11-17,2017,11,Fall,95903,39.121296,-121.371098
Fire,2019-05-08,2019,5,Spring,95903,39.121296,-121.371098
Fire,2017-10-16,2017,10,Fall,94533,38.280745,-122.00638
Fire,2017-10-19,2017,10,Fall,94533,38.280745,-122.00638
Fire,2018-11-28,2018,11,Fall,94533,38.280745,-122.00638
Fire,2017-10-20,2017,10,Fall,94535,38.270937000000004,-121.937017
Fire,2017-11-17,2017,11,Fall,94535,38.270937000000004,-121.937017
Fire,2019-05-08,2019,5,Spring,94535,38.270937000000004,-121.937017
Fire,2017-10-11,2017,10,Fall,95655,38.549228,-121.278598
Fire,2018-07-25,2018,7,Summer,95655,38.549228,-121.278598
Fire,2019-03-05,2019,3,Spring,95655,38.549228,-121.278598
Fire,2017-10-11,2017,10,Fall,95655,38.549228,-121.278598
Fire,2018-11-28,2018,11,Fall,95655,38.549228,-121.278598
Fire,2017-10-11,2017,10,Fall,95655,38.549228,-121.278598
Fire,2017-10-14,2017,10,Fall,95655,38.549228,-121.278598
Fire,2017-11-28,2017,11,Fall,95655,38.549228,-121.278598
Fire,2018-01-17,2018,1,Winter,95655,38.549228,-121.278598
Fire,2020-09-04,2020,9,Fall,95655,38.549228,-121.278598
Fire,2021-01-26,2021,1,Winter,95655,38.549228,-121.278598
Fire,2017-10-12,2017,10,Fall,94952,38.234553,-122.760385
Fire,2017-10-13,2017,10,Fall,94952,38.234553,-122.760385
Fire,2017-10-13,2017,10,Fall,94952,38.234553,-122.760385
Fire,2017-10-16,2017,10,Fall,94952,38.234553,-122.760385
Fire,2017-10-21,2017,10,Fall,94952,38.234553,-122.760385
Fire,2017-10-27,2017,10,Fall,94952,38.234553,-122.760385
Fire,2018-02-20,2018,2,Winter,94952,38.234553,-122.760385
Fire,2020-10-01,2020,10,Fall,94952,38.234553,-122.760385
Fire,2017-10-19,2017,10,Fall,95699,38.436774,-120.857624
Fire,2017-10-23,2017,10,Fall,95699,38.436774,-120.857624
Fire,2017-11-28,2017,11,Fall,95699,38.436774,-120.857624
Fire,2018-01-22,2018,1,Winter,95699,38.436774,-120.857624
Fire,2018-01-23,2018,1,Winter,95699,38.436774,-120.857624
Fire,2018-02-20,2018,2,Winter,95699,38.436774,-120.857624
Fire,2018-03-14,2018,3,Spring,95699,38.436774,-120.857624
Fire,2018-04-10,2018,4,Spring,95699,38.436774,-120.857624
Fire,2018-07-25,2018,7,Summer,95699,38.436774,-120.857624
Fire,2018-11-09,2018,11,Fall,95699,38.436774,-120.857624
Fire,2019-10-29,2019,10,Fall,95699,38.436774,-120.857624
Fire,2021-03-26,2021,3,Spring,95699,38.436774,-120.857624
Fire,2021-10-18,2021,10,Fall,95699,38.436774,-120.857624
Fire,2017-10-11,2017,10,Fall,95655,38.549228,-121.278598
Fire,2017-10-15,2017,10,Fall,95655,38.549228,-121.278598
Fire,2017-10-25,2017,10,Fall,95655,38.549228,-121.278598
Fire,2017-11-08,2017,11,Fall,95655,38.549228,-121.278598
Fire,2017-12-07,2017,12,Winter,95655,38.549228,-121.278598
Fire,2017-12-07,2017,12,Winter,95655,38.549228,-121.278598
Fire,2019-08-22,2019,8,Summer,95655,38.549228,-121.278598
Fire,2022-06-02,2022,6,Summer,95655,38.549228,-121.278598
Fire,2017-10-11,2017,10,Fall,95655,38.549228,-121.278598
Fire,2017-10-25,2017,10,Fall,95655,38.549228,-121.278598
Fire,2017-11-07,2017,11,Fall,95655,38.549228,-121.278598
Fire,2017-11-13,2017,11,Fall,95655,38.549228,-121.278598
Fire,2018-01-17,2018,1,Winter,95655,38.549228,-121.278598
Fire,2018-09-12,2018,9,Fall,95655,38.549228,-121.278598
Fire,2020-10-02,2020,10,Fall,95655,38.549228,-121.278598
Fire,2017-10-11,2017,10,Fall,95655,38.549228,-121.278598
Fire,2019-06-17,2019,6,Summer,95655,38.549228,-121.278598
Fire,2022-07-25,2022,7,Summer,95655,38.549228,-121.278598
Fire,2017-10-12,2017,10,Fall,95655,38.549228,-121.278598
Fire,2019-02-26,2019,2,Winter,95655,38.549228,-121.278598
Fire,2017-10-14,2017,10,Fall,36205,33.699568,-85.787428
Fire,2018-08-09,2018,8,Summer,36205,33.699568,-85.787428
Fire,2017-11-08,2017,11,Fall,94928,38.34593,-122.693507
Fire,2019-08-22,2019,8,Summer,94928,38.34593,-122.693507
Fire,2017-10-22,2017,10,Fall,94533,38.280745,-122.00638
Fire,2018-08-28,2018,8,Summer,94533,38.280745,-122.00638
Fire,2018-12-07,2018,12,Winter,94533,38.280745,-122.00638
Fire,2019-01-02,2019,1,Winter,94533,38.280745,-122.00638
Fire,2017-10-25,2017,10,Fall,94952,38.234553,-122.760385
Fire,2018-08-28,2018,8,Summer,94952,38.234553,-122.760385
Fire,2017-11-30,2017,11,Fall,94949,38.060094,-122.50641
Fire,2017-12-19,2017,12,Winter,94949,38.060094,-122.50641
Fire,2018-07-19,2018,7,Summer,94949,38.060094,-122.50641
Fire,2017-11-01,2017,11,Fall,36205,33.699568,-85.787428
Fire,2017-11-09,2017,11,Fall,36205,33.699568,-85.787428
Fire,2017-12-08,2017,12,Winter,36205,33.699568,-85.787428
Fire,2018-04-28,2018,4,Spring,36205,33.699568,-85.787428
Fire,2018-08-27,2018,8,Summer,36205,33.699568,-85.787428
Fire,2020-08-26,2020,8,Summer,36205,33.699568,-85.787428
Fire,2020-12-17,2020,12,Winter,36205,33.699568,-85.787428
Fire,2017-10-11,2017,10,Fall,95655,38.549228,-121.278598
Fire,2017-10-26,2017,10,Fall,95655,38.549228,-121.278598
Fire,2018-07-25,2018,7,Summer,95655,38.549228,-121.278598
Fire,2017-10-19,2017,10,Fall,95655,38.549228,-121.278598
Fire,2019-05-03,2019,5,Spring,95655,38.549228,-121.278598
Fire,2017-10-11,2017,10,Fall,95655,38.549228,-121.278598
Fire,2018-08-27,2018,8,Summer,95655,38.549228,-121.278598
Fire,2017-10-13,2017,10,Fall,95655,38.549228,-121.278598
Fire,2018-08-27,2018,8,Summer,95655,38.549228,-121.278598
Fire,2017-10-15,2017,10,Fall,95655,38.549228,-121.278598
Fire,2019-09-23,2019,9,Fall,95655,38.549228,-121.278598
Fire,2017-11-18,2017,11,Fall,95403,38.503685,-122.754057
Fire,2017-11-27,2017,11,Fall,95403,38.503685,-122.754057
Fire,2018-08-30,2018,8,Summer,95403,38.503685,-122.754057
Hurricane,2018-01-30,2018,1,Winter,36205,33.699568,-85.787428
Hurricane,2018-09-14,2018,9,Fall,36205,33.699568,-85.787428
Hurricane,2019-10-10,2019,10,Fall,36205,33.699568,-85.787428
Hurricane,2018-01-30,2018,1,Winter,36205,33.699568,-85.787428
Hurricane,2018-09-14,2018,9,Fall,36205,33.699568,-85.787428
Hurricane,2018-01-30,2018,1,Winter,36205,33.699568,-85.787428
Hurricane,2018-08-15,2018,8,Summer,36205,33.699568,-85.787428
Hurricane,2018-01-30,2018,1,Winter,36205,33.699568,-85.787428
Hurricane,2019-09-18,2019,9,Fall,36205,33.699568,-85.787428
Hurricane,2018-01-30,2018,1,Winter,36205,33.699568,-85.787428
Hurricane,2018-05-01,2018,5,Spring,36205,33.699568,-85.787428
Hurricane,2018-09-04,2018,9,Fall,36205,33.699568,-85.787428
Hurricane,2018-11-01,2018,11,Fall,36205,33.699568,-85.787428
Hurricane,2020-01-30,2020,1,Winter,36205,33.699568,-85.787428
Hurricane,2020-03-09,2020,3,Spring,36205,33.699568,-85.787428
Flood,2018-01-18,2018,1,Winter,87034,34.922209,-107.634373
Flood,2018-05-01,2018,5,Spring,87034,34.922209,-107.634373
Flood,2019-07-08,2019,7,Summer,87034,34.922209,-107.634373
Flood,2018-02-07,2018,2,Winter,87034,34.922209,-107.634373
Flood,2018-02-27,2018,2,Winter,87034,34.922209,-107.634373
Flood,2018-03-08,2018,3,Spring,87034,34.922209,-107.634373
Flood,2018-03-08,2018,3,Spring,87034,34.922209,-107.634373
Flood,2018-04-24,2018,4,Spring,87034,34.922209,-107.634373
Flood,2018-06-21,2018,6,Summer,87034,34.922209,-107.634373
Flood,2019-02-07,2019,2,Winter,87034,34.922209,-107.634373
Fire,2018-01-12,2018,1,Winter,93110,34.4395,-119.767827
Fire,2018-01-18,2018,1,Winter,93110,34.4395,-119.767827
Fire,2018-02-14,2018,2,Winter,93110,34.4395,-119.767827
Fire,2018-03-22,2018,3,Spring,93110,34.4395,-119.767827
Fire,2019-09-23,2019,9,Fall,93110,34.4395,-119.767827
Fire,2018-01-12,2018,1,Winter,93110,34.4395,-119.767827
Fire,2018-01-24,2018,1,Winter,93110,34.4395,-119.767827
Fire,2018-02-03,2018,2,Winter,93110,34.4395,-119.767827
Fire,2018-02-16,2018,2,Winter,93110,34.4395,-119.767827
Fire,2018-03-02,2018,3,Spring,93110,34.4395,-119.767827
Fire,2018-04-17,2018,4,Spring,93110,34.4395,-119.767827
Fire,2018-06-25,2018,6,Summer,93110,34.4395,-119.767827
Fire,2018-08-22,2018,8,Summer,93110,34.4395,-119.767827
Fire,2019-10-07,2019,10,Fall,93110,34.4395,-119.767827
Fire,2018-03-22,2018,3,Spring,93110,34.4395,-119.767827
Fire,2019-09-23,2019,9,Fall,93110,34.4395,-119.767827
Fire,2019-12-16,2019,12,Winter,93110,34.4395,-119.767827
Fire,2018-01-17,2018,1,Winter,91103,34.167361,-118.164144
Fire,2020-02-28,2020,2,Winter,91103,34.167361,-118.164144
Fire,2023-01-11,2023,1,Winter,91103,34.167361,-118.164144
Fire,2018-01-14,2018,1,Winter,93110,34.4395,-119.767827
Fire,2018-02-15,2018,2,Winter,93110,34.4395,-119.767827
Fire,2019-09-19,2019,9,Fall,93110,34.4395,-119.767827
Fire,2022-08-23,2022,8,Summer,93110,34.4395,-119.767827
Fire,2018-01-14,2018,1,Winter,95655,38.549228,-121.278598
Fire,2018-10-05,2018,10,Fall,95655,38.549228,-121.278598
Severe Storm,2018-03-13,2018,3,Spring,04330,44.35191,-69.747615
Severe Storm,2018-05-15,2018,5,Spring,04330,44.35191,-69.747615
Severe Storm,2018-06-13,2018,6,Summer,04330,44.35191,-69.747615
Severe Storm,2019-07-15,2019,7,Summer,04330,44.35191,-69.747615
Severe Storm,2018-04-12,2018,4,Spring,04011,43.896431,-69.973487
Severe Storm,2018-06-22,2018,6,Summer,04011,43.896431,-69.973487
Severe Storm,2018-08-01,2018,8,Summer,04011,43.896431,-69.973487
Severe Storm,2018-10-30,2018,10,Fall,04011,43.896431,-69.973487
Severe Storm,2018-12-21,2018,12,Winter,04011,43.896431,-69.973487
Severe Storm,2020-12-07,2020,12,Winter,04011,43.896431,-69.973487
Severe Storm,2020-12-09,2020,12,Winter,04011,43.896431,-69.973487
Severe Storm,2021-06-22,2021,6,Summer,04011,43.896431,-69.973487
Severe Storm,2018-01-11,2018,1,Winter,01754,42.425955,-71.456256
Severe Storm,2018-06-13,2018,6,Summer,01754,42.425955,-71.456256
Severe Storm,2019-07-23,2019,7,Summer,01754,42.425955,-71.456256
Severe Storm,2019-08-26,2019,8,Summer,01754,42.425955,-71.456256
Severe Storm,2018-03-23,2018,3,Spring,01754,42.425955,-71.456256
Severe Storm,2019-07-23,2019,7,Summer,01754,42.425955,-71.456256
Severe Storm,2019-08-26,2019,8,Summer,01754,42.425955,-71.456256
Severe Storm,2019-09-24,2019,9,Fall,01754,42.425955,-71.456256
Severe Storm,2020-12-07,2020,12,Winter,01754,42.425955,-71.456256
Severe Storm,2023-04-06,2023,4,Spring,01754,42.425955,-71.456256
Severe Storm,2018-03-13,2018,3,Spring,03104,43.009552,-71.439782
Severe Storm,2018-05-15,2018,5,Spring,03104,43.009552,-71.439782
Severe Storm,2018-06-13,2018,6,Summer,03104,43.009552,-71.439782
Severe Storm,2019-07-15,2019,7,Summer,03104,43.009552,-71.439782
Severe Storm,2018-02-02,2018,2,Winter,01754,42.425955,-71.456256
Severe Storm,2018-03-29,2018,3,Spring,01754,42.425955,-71.456256
Severe Storm,2018-04-12,2018,4,Spring,03104,43.009552,-71.439782
Severe Storm,2018-08-01,2018,8,Summer,03104,43.009552,-71.439782
Severe Storm,2018-10-30,2018,10,Fall,03104,43.009552,-71.439782
Severe Storm,2020-12-07,2020,12,Winter,03104,43.009552,-71.439782
Severe Storm,2020-12-08,2020,12,Winter,03104,43.009552,-71.439782
Severe Storm,2018-01-11,2018,1,Winter,01754,42.425955,-71.456256
Severe Storm,2018-06-13,2018,6,Summer,01754,42.425955,-71.456256
Severe Storm,2019-07-19,2019,7,Summer,01754,42.425955,-71.456256
Severe Storm,2018-03-13,2018,3,Spring,05401,44.475181,-73.217857
Severe Storm,2018-05-15,2018,5,Spring,05401,44.475181,-73.217857
Severe Storm,2018-06-13,2018,6,Summer,05401,44.475181,-73.217857
Severe Storm,2019-04-12,2019,4,Spring,05401,44.475181,-73.217857
Severe Storm,2018-02-21,2018,2,Winter,01754,42.425955,-71.456256
Severe Storm,2018-02-23,2018,2,Winter,01754,42.425955,-71.456256
Severe Storm,2018-01-11,2018,1,Winter,01754,42.425955,-71.456256
Severe Storm,2018-02-09,2018,2,Winter,01754,42.425955,-71.456256
Severe Storm,2019-07-23,2019,7,Summer,01754,42.425955,-71.456256
Severe Storm,2019-08-26,2019,8,Summer,01754,42.425955,-71.456256
Severe Storm,2018-02-15,2018,2,Winter,05401,44.475181,-73.217857
Severe Storm,2018-06-22,2018,6,Summer,05401,44.475181,-73.217857
Severe Storm,2018-07-06,2018,7,Summer,05401,44.475181,-73.217857
Flood,2018-05-03,2018,5,Spring,40509,37.997347,-84.377477
Flood,2018-08-08,2018,8,Summer,40509,37.997347,-84.377477
Flood,2019-03-13,2019,3,Spring,40509,37.997347,-84.377477
Flood,2019-03-18,2019,3,Spring,40509,37.997347,-84.377477
Mud/Landslide,2018-05-11,2018,5,Spring,25301,38.351327,-81.627994
Mud/Landslide,2018-05-24,2018,5,Spring,25301,38.351327,-81.627994
Mud/Landslide,2018-06-05,2018,6,Summer,25301,38.351327,-81.627994
Mud/Landslide,2018-06-11,2018,6,Summer,25301,38.351327,-81.627994
Mud/Landslide,2018-06-29,2018,6,Summer,25301,38.351327,-81.627994
Mud/Landslide,2018-10-05,2018,10,Fall,25301,38.351327,-81.627994
Mud/Landslide,2018-11-08,2018,11,Fall,25301,38.351327,-81.627994
Mud/Landslide,2018-04-19,2018,4,Spring,19106,39.946649,-75.142232
Mud/Landslide,2018-08-01,2018,8,Summer,19106,39.946649,-75.142232
Mud/Landslide,2019-01-29,2019,1,Winter,19106,39.946649,-75.142232
Mud/Landslide,2019-06-21,2019,6,Summer,19106,39.946649,-75.142232
Mud/Landslide,2020-07-28,2020,7,Summer,19106,39.946649,-75.142232
Mud/Landslide,2018-05-04,2018,5,Spring,22603,39.28096,-78.206522
Mud/Landslide,2018-07-31,2018,7,Summer,22603,39.28096,-78.206522
Mud/Landslide,2019-03-05,2019,3,Spring,22603,39.28096,-78.206522
Flood,2018-04-24,2018,4,Spring,43235,40.078722,-83.082473
Flood,2018-07-18,2018,7,Summer,43235,40.078722,-83.082473
Flood,2018-09-18,2018,9,Fall,43235,40.078722,-83.082473
Flood,2018-11-05,2018,11,Fall,43235,40.078722,-83.082473
Flood,2019-05-30,2019,5,Spring,43235,40.078722,-83.082473
Flood,2019-10-30,2019,10,Fall,43235,40.078722,-83.082473
Flood,2018-06-07,2018,6,Summer,43235,40.078722,-83.082473
Flood,2018-09-18,2018,9,Fall,43235,40.078722,-83.082473
Flood,2019-03-12,2019,3,Spring,43235,40.078722,-83.082473
Flood,2019-05-28,2019,5,Spring,43235,40.078722,-83.082473
Severe Storm,2018-05-01,2018,5,Spring,36205,33.699568,-85.787428
Severe Storm,2018-05-29,2018,5,Spring,36205,33.699568,-85.787428
Severe Storm,2019-02-14,2019,2,Winter,36205,33.699568,-85.787428
Severe Storm,2018-05-03,2018,5,Spring,36205,33.699568,-85.787428
Severe Storm,2018-07-26,2018,7,Summer,36205,33.699568,-85.787428
Severe Storm,2018-08-09,2018,8,Summer,36205,33.699568,-85.787428
Severe Storm,2018-09-04,2018,9,Fall,36205,33.699568,-85.787428
Flood,2018-05-10,2018,5,Spring,60605,41.867566,-87.617228
Flood,2019-06-10,2019,6,Summer,60605,41.867566,-87.617228
Flood,2018-05-08,2018,5,Spring,46204,39.770593,-86.157054
Flood,2018-05-24,2018,5,Spring,46204,39.770593,-86.157054
Flood,2018-06-27,2018,6,Summer,46280,39.933838,-86.1352
Flood,2018-10-16,2018,10,Fall,46280,39.933838,-86.1352
Flood,2019-02-12,2019,2,Winter,46280,39.933838,-86.1352
Flood,2019-02-26,2019,2,Winter,46280,39.933838,-86.1352
Volcanic Eruption,2019-12-21,2019,12,Winter,94607,37.808842,-122.304697
Volcanic Eruption,2020-10-30,2020,10,Fall,94607,37.808842,-122.304697
Volcanic Eruption,2019-10-28,2019,10,Fall,94607,37.808842,-122.304697
Volcanic Eruption,2019-10-30,2019,10,Fall,94607,37.808842,-122.304697
Volcanic Eruption,2019-10-30,2019,10,Fall,94607,37.808842,-122.304697
Volcanic Eruption,2019-11-04,2019,11,Fall,94607,37.808842,-122.304697
Coastal Storm,2018-07-31,2018,7,Summer,01754,42.425955,-71.456256
Coastal Storm,2018-09-27,2018,9,Fall,01754,42.425955,-71.456256
Coastal Storm,2018-10-04,2018,10,Fall,01754,42.425955,-71.456256
Coastal Storm,2018-10-30,2018,10,Fall,01754,42.425955,-71.456256
Coastal Storm,2019-04-09,2019,4,Spring,01754,42.425955,-71.456256
Coastal Storm,2019-07-16,2019,7,Summer,01754,42.425955,-71.456256
Coastal Storm,2018-07-31,2018,7,Summer,01754,42.425955,-71.456256
Coastal Storm,2018-09-27,2018,9,Fall,01754,42.425955,-71.456256
Coastal Storm,2018-10-04,2018,10,Fall,01754,42.425955,-71.456256
Coastal Storm,2019-07-16,2019,7,Summer,01754,42.425955,-71.456256
Coastal Storm,2019-07-23,2019,7,Summer,01754,42.425955,-71.456256
Coastal Storm,2018-07-31,2018,7,Summer,03104,43.009552,-71.439782
Coastal Storm,2019-07-15,2019,7,Summer,03104,43.009552,-71.439782
Snowstorm,2018-07-31,2018,7,Summer,01754,42.425955,-71.456256
Snowstorm,2018-09-27,2018,9,Fall,01754,42.425955,-71.456256
Snowstorm,2018-10-04,2018,10,Fall,01754,42.425955,-71.456256
Snowstorm,2019-07-24,2019,7,Summer,01754,42.425955,-71.456256
Snowstorm,2019-07-26,2019,7,Summer,01754,42.425955,-71.456256
Snowstorm,2018-07-31,2018,7,Summer,03104,43.009552,-71.439782
Snowstorm,2019-07-24,2019,7,Summer,03104,43.009552,-71.439782
Severe Storm,2018-07-05,2018,7,Summer,01754,42.425955,-71.456256
Severe Storm,2018-07-19,2018,7,Summer,01754,42.425955,-71.456256
Severe Storm,2018-09-27,2018,9,Fall,01754,42.425955,-71.456256
Severe Storm,2018-10-04,2018,10,Fall,01754,42.425955,-71.456256
Severe Storm,2018-12-21,2018,12,Winter,01754,42.425955,-71.456256
Severe Storm,2019-02-22,2019,2,Winter,01754,42.425955,-71.456256
Severe Storm,2019-07-23,2019,7,Summer,01754,42.425955,-71.456256
Severe Storm,2019-09-06,2019,9,Fall,01754,42.425955,-71.456256
Severe Storm,2019-09-12,2019,9,Fall,01754,42.425955,-71.456256
Severe Storm,2019-09-19,2019,9,Fall,01754,42.425955,-71.456256
Severe Storm,2018-09-05,2018,9,Fall,01757,42.158692,-71.521419
Severe Storm,2018-10-04,2018,10,Fall,01757,42.158692,-71.521419
Severe Storm,2019-07-15,2019,7,Summer,01757,42.158692,-71.521419
Severe Storm,2018-06-26,2018,6,Summer,01754,42.425955,-71.456256
Severe Storm,2018-07-20,2018,7,Summer,01754,42.425955,-71.456256
Severe Storm,2019-08-09,2019,8,Summer,01754,42.425955,-71.456256
Severe Storm,2020-12-07,2020,12,Winter,01754,42.425955,-71.456256
Severe Storm,2021-11-03,2021,11,Fall,01754,42.425955,-71.456256
Flood,2018-07-13,2018,7,Summer,78596,26.097256,-97.999651
Flood,2018-07-17,2018,7,Summer,78596,26.097256,-97.999651
Flood,2018-07-31,2018,7,Summer,78596,26.097256,-97.999651
Flood,2018-08-29,2018,8,Summer,78596,26.097256,-97.999651
Flood,2018-08-30,2018,8,Summer,78596,26.097256,-97.999651
Flood,2019-06-27,2019,6,Summer,78596,26.097256,-97.999651
Flood,2018-07-17,2018,7,Summer,78753,30.383591,-97.673349
Flood,2019-01-31,2019,1,Winter,78753,30.383591,-97.673349
Flood,2019-07-18,2019,7,Summer,76209,33.2315,-97.109986
Flood,2019-10-31,2019,10,Fall,76209,33.2315,-97.109986
Flood,2020-04-12,2020,4,Spring,76209,33.2315,-97.109986
Flood,2020-09-01,2020,9,Fall,76209,33.2315,-97.109986
Flood,2021-01-28,2021,1,Winter,76209,33.2315,-97.109986
Flood,2021-02-20,2021,2,Winter,76209,33.2315,-97.109986
Flood,2021-08-06,2021,8,Summer,76209,33.2315,-97.109986
Flood,2021-11-03,2021,11,Fall,76209,33.2315,-97.109986
Flood,2022-08-23,2022,8,Summer,76209,33.2315,-97.109986
Snowstorm,2018-09-05,2018,9,Fall,01757,42.158692,-71.521419
Snowstorm,2018-10-04,2018,10,Fall,01757,42.158692,-71.521419
Snowstorm,2019-07-24,2019,7,Summer,01757,42.158692,-71.521419
Snowstorm,2019-07-26,2019,7,Summer,01757,42.158692,-71.521419
Snowstorm,2018-08-06,2018,8,Summer,01754,42.425955,-71.456256
Snowstorm,2018-09-12,2018,9,Fall,01754,42.425955,-71.456256
Snowstorm,2018-11-02,2018,11,Fall,01754,42.425955,-71.456256
Snowstorm,2019-02-07,2019,2,Winter,01754,42.425955,-71.456256
Snowstorm,2019-05-20,2019,5,Spring,01754,42.425955,-71.456256
Snowstorm,2020-12-07,2020,12,Winter,01754,42.425955,-71.456256
Flood,2018-08-21,2018,8,Summer,60506,41.758878,-88.371865
Flood,2018-11-16,2018,11,Fall,60506,41.758878,-88.371865
Flood,2019-05-30,2019,5,Spring,60506,41.758878,-88.371865
Fire,2018-08-06,2018,8,Summer,95655,38.549228,-121.278598
Fire,2018-08-08,2018,8,Summer,95655,38.549228,-121.278598
Fire,2019-04-29,2019,4,Spring,95655,38.549228,-121.278598
Fire,2018-08-07,2018,8,Summer,95655,38.549228,-121.278598
Fire,2019-09-23,2019,9,Fall,95655,38.549228,-121.278598
Fire,2018-08-07,2018,8,Summer,96003,40.667279,-122.319538
Fire,2018-08-08,2018,8,Summer,96003,40.667279,-122.319538
Fire,2018-08-17,2018,8,Summer,96003,40.667279,-122.319538
Fire,2019-05-08,2019,5,Spring,96003,40.667279,-122.319538
Fire,2018-08-10,2018,8,Summer,95655,38.549228,-121.278598
Fire,2019-08-07,2019,8,Summer,95655,38.549228,-121.278598
Fire,2018-08-06,2018,8,Summer,95655,38.549228,-121.278598
Fire,2018-11-26,2018,11,Fall,95655,38.549228,-121.278598
Fire,2018-08-07,2018,8,Summer,95655,38.549228,-121.278598
Fire,2019-08-22,2019,8,Summer,95655,38.549228,-121.278598
Fire,2018-08-06,2018,8,Summer,95655,38.549228,-121.278598
Fire,2020-11-30,2020,11,Fall,95655,38.549228,-121.278598
Fire,2018-08-07,2018,8,Summer,95655,38.549228,-121.278598
Fire,2018-08-28,2018,8,Summer,95655,38.549228,-121.278598
Fire,2018-09-13,2018,9,Fall,95655,38.549228,-121.278598
Fire,2019-09-23,2019,9,Fall,95655,38.549228,-121.278598
Fire,2021-07-27,2021,7,Summer,95655,38.549228,-121.278598
Fire,2018-08-05,2018,8,Summer,95827,38.54836,-121.327497
Fire,2018-08-18,2018,8,Summer,95827,38.54836,-121.327497
Fire,2020-10-02,2020,10,Fall,95827,38.54836,-121.327497
Fire,2018-08-06,2018,8,Summer,95655,38.549228,-121.278598
Fire,2018-11-21,2018,11,Fall,95655,38.549228,-121.278598
Fire,2018-08-07,2018,8,Summer,96003,40.667279,-122.319538
Fire,2019-03-05,2019,3,Spring,96003,40.667279,-122.319538
Fire,2018-08-07,2018,8,Summer,96003,40.667279,-122.319538
Fire,2019-08-22,2019,8,Summer,96003,40.667279,-122.319538
Fire,2018-08-06,2018,8,Summer,95655,38.549228,-121.278598
Fire,2018-08-17,2018,8,Summer,95655,38.549228,-121.278598
Fire,2018-11-21,2018,11,Fall,95655,38.549228,-121.278598
Fire,2019-05-03,2019,5,Spring,95655,38.549228,-121.278598
Fire,2018-08-07,2018,8,Summer,96003,40.667279,-122.319538
Fire,2018-11-21,2018,11,Fall,96003,40.667279,-122.319538
Fire,2018-08-07,2018,8,Summer,95655,38.549228,-121.278598
Fire,2019-08-22,2019,8,Summer,95655,38.549228,-121.278598
Fire,2018-08-07,2018,8,Summer,96003,40.667279,-122.319538
Fire,2019-07-01,2019,7,Summer,96003,40.667279,-122.319538
Fire,2018-08-07,2018,8,Summer,96003,40.667279,-122.319538
Fire,2019-07-08,2019,7,Summer,96003,40.667279,-122.319538
Flood,2018-08-30,2018,8,Summer,60505,41.765459,-88.296136
Flood,2018-11-08,2018,11,Fall,60505,41.765459,-88.296136
Flood,2018-11-28,2018,11,Fall,60505,41.765459,-88.296136
Flood,2019-01-08,2019,1,Winter,60505,41.765459,-88.296136
Flood,2019-12-23,2019,12,Winter,60505,41.765459,-88.296136
Flood,2018-10-05,2018,10,Fall,54880,46.590874,-92.12831
Flood,2020-04-30,2020,4,Spring,54880,46.590874,-92.12831
Flood,2018-08-22,2018,8,Summer,60605,41.867566,-87.617228
Flood,2018-11-16,2018,11,Fall,60605,41.867566,-87.617228
Flood,2019-01-30,2019,1,Winter,60605,41.867566,-87.617228
Flood,2019-05-14,2019,5,Spring,60605,41.867566,-87.617228
Tornado,2018-09-06,2018,9,Fall,01754,42.425955,-71.456256
Tornado,2018-10-24,2018,10,Fall,01754,42.425955,-71.456256
Severe Storm,2018-08-23,2018,8,Summer,64131,38.959809,-94.571951
Severe Storm,2018-10-09,2018,10,Fall,64131,38.959809,-94.571951
Severe Storm,2019-09-10,2019,9,Fall,64131,38.959809,-94.571951
Severe Storm,2020-01-30,2020,1,Winter,64131,38.959809,-94.571951
Severe Storm,2021-05-20,2021,5,Spring,64131,38.959809,-94.571951
Severe Storm,2023-05-18,2023,5,Spring,64131,38.959809,-94.571951
Flood,2018-09-17,2018,9,Fall,55101,44.950764,-93.087571
Flood,2018-11-15,2018,11,Fall,55425,44.851169,-93.22608
Flood,2018-11-30,2018,11,Fall,55425,44.851169,-93.22608
Flood,2019-03-12,2019,3,Spring,55425,44.851169,-93.22608
Flood,2019-04-02,2019,4,Spring,55425,44.851169,-93.22608
Flood,2019-05-08,2019,5,Spring,55425,44.851169,-93.22608
Flood,2019-10-24,2019,10,Fall,55425,44.851169,-93.22608
Flood,2018-11-07,2018,11,Fall,56001,44.128169,-93.978991
Flood,2018-12-13,2018,12,Winter,56001,44.128169,-93.978991
Flood,2019-01-09,2019,1,Winter,56001,44.128169,-93.978991
Flood,2019-02-12,2019,2,Winter,56001,44.128169,-93.978991
Flood,2019-04-19,2019,4,Spring,56001,44.128169,-93.978991
Flood,2019-10-08,2019,10,Fall,56001,44.128169,-93.978991
Flood,2018-09-17,2018,9,Fall,55101,44.950764,-93.087571
Flood,2018-12-11,2018,12,Winter,55101,44.950764,-93.087571
Hurricane,2018-10-10,2018,10,Fall,27709,35.920066,-78.867067
Hurricane,2018-10-13,2018,10,Fall,27709,35.920066,-78.867067
Hurricane,2018-11-15,2018,11,Fall,27709,35.920066,-78.867067
Hurricane,2019-12-17,2019,12,Winter,27709,35.920066,-78.867067
Hurricane,2018-09-15,2018,9,Fall,36205,33.699568,-85.787428
Hurricane,2018-10-05,2018,10,Fall,36205,33.699568,-85.787428
Hurricane,2018-10-04,2018,10,Fall,27709,35.920066,-78.867067
Hurricane,2019-08-13,2019,8,Summer,27709,35.920066,-78.867067
Hurricane,2019-10-31,2019,10,Fall,27709,35.920066,-78.867067
Hurricane,2019-10-31,2019,10,Fall,27709,35.920066,-78.867067
Hurricane,2018-09-16,2018,9,Fall,36205,33.699568,-85.787428
Hurricane,2018-12-22,2018,12,Winter,27703,35.961286,-78.805228
Hurricane,2019-03-12,2019,3,Spring,27703,35.961286,-78.805228
Hurricane,2019-03-22,2019,3,Spring,27703,35.961286,-78.805228
Hurricane,2019-04-10,2019,4,Spring,27703,35.961286,-78.805228
Hurricane,2018-09-20,2018,9,Fall,27607,35.817784,-78.727509
Hurricane,2018-09-25,2018,9,Fall,27607,35.817784,-78.727509
Hurricane,2019-05-22,2019,5,Spring,27607,35.817784,-78.727509
Hurricane,2019-08-13,2019,8,Summer,27607,35.817784,-78.727509
Hurricane,2019-10-30,2019,10,Fall,27607,35.817784,-78.727509
Hurricane,2018-09-24,2018,9,Fall,36205,33.699568,-85.787428
Hurricane,2018-09-27,2018,9,Fall,36205,33.699568,-85.787428
Hurricane,2019-05-22,2019,5,Spring,36205,33.699568,-85.787428
Hurricane,2019-08-13,2019,8,Summer,36205,33.699568,-85.787428
Hurricane,2019-10-30,2019,10,Fall,36205,33.699568,-85.787428
Hurricane,2018-10-16,2018,10,Fall,27709,35.920066,-78.867067
Hurricane,2018-11-28,2018,11,Fall,27709,35.920066,-78.867067
Hurricane,2019-01-30,2019,1,Winter,27709,35.920066,-78.867067
Hurricane,2019-08-15,2019,8,Summer,27709,35.920066,-78.867067
Hurricane,2019-12-19,2019,12,Winter,27709,35.920066,-78.867067
Hurricane,2018-10-16,2018,10,Fall,27709,35.920066,-78.867067
Hurricane,2018-12-08,2018,12,Winter,27709,35.920066,-78.867067
Hurricane,2019-02-21,2019,2,Winter,27709,35.920066,-78.867067
Hurricane,2019-08-15,2019,8,Summer,27709,35.920066,-78.867067
Hurricane,2019-09-20,2019,9,Fall,27709,35.920066,-78.867067
Hurricane,2019-10-30,2019,10,Fall,27709,35.920066,-78.867067
Hurricane,2019-01-14,2019,1,Winter,27703,35.961286,-78.805228
Hurricane,2019-08-15,2019,8,Summer,27703,35.961286,-78.805228
Hurricane,2019-10-30,2019,10,Fall,27703,35.961286,-78.805228
Hurricane,2019-02-25,2019,2,Winter,27709,35.920066,-78.867067
Hurricane,2019-06-06,2019,6,Summer,27709,35.920066,-78.867067
Hurricane,2019-08-15,2019,8,Summer,27709,35.920066,-78.867067
Hurricane,2019-10-30,2019,10,Fall,27709,35.920066,-78.867067
Hurricane,2019-12-19,2019,12,Winter,27709,35.920066,-78.867067
Hurricane,2018-11-17,2018,11,Fall,27709,35.920066,-78.867067
Hurricane,2018-12-08,2018,12,Winter,27709,35.920066,-78.867067
Hurricane,2020-07-01,2020,7,Summer,27709,35.920066,-78.867067
Hurricane,2018-10-22,2018,10,Fall,27709,35.920066,-78.867067
Hurricane,2019-02-14,2019,2,Winter,27709,35.920066,-78.867067
Hurricane,2019-05-30,2019,5,Spring,27709,35.920066,-78.867067
Hurricane,2019-07-12,2019,7,Summer,27709,35.920066,-78.867067
Hurricane,2020-01-30,2020,1,Winter,27709,35.920066,-78.867067
Hurricane,2018-09-17,2018,9,Fall,28307,35.139601999999996,-78.993577
Hurricane,2019-03-04,2019,3,Spring,28307,35.139601999999996,-78.993577
Hurricane,2018-09-19,2018,9,Fall,36112,32.380944,-86.363749
Hurricane,2019-03-04,2019,3,Spring,36112,32.380944,-86.363749
Hurricane,2018-09-22,2018,9,Fall,76115,32.6785,-97.330511
Hurricane,2019-03-04,2019,3,Spring,76115,32.6785,-97.330511
Hurricane,2018-09-16,2018,9,Fall,27607,35.817784,-78.727509
Hurricane,2018-09-17,2018,9,Fall,27607,35.817784,-78.727509
Hurricane,2019-03-05,2019,3,Spring,27607,35.817784,-78.727509
Hurricane,2019-10-10,2019,10,Fall,27607,35.817784,-78.727509
Hurricane,2019-03-05,2019,3,Spring,27709,35.920066,-78.867067
Hurricane,2019-07-24,2019,7,Summer,27709,35.920066,-78.867067
Hurricane,2019-03-05,2019,3,Spring,27709,35.920066,-78.867067
Hurricane,2018-09-18,2018,9,Fall,28557,34.737849,-76.750308
Hurricane,2018-09-20,2018,9,Fall,28557,34.737849,-76.750308
Hurricane,2018-09-21,2018,9,Fall,28504,35.227366,-77.635888
Hurricane,2019-03-05,2019,3,Spring,28504,35.227366,-77.635888
Hurricane,2018-12-15,2018,12,Winter,27703,35.961286,-78.805228
Hurricane,2020-11-12,2020,11,Fall,27703,35.961286,-78.805228
Hurricane,2020-11-18,2020,11,Fall,27703,35.961286,-78.805228
Hurricane,2018-09-18,2018,9,Fall,28557,34.737849,-76.750308
Hurricane,2019-06-13,2019,6,Summer,28557,34.737849,-76.750308
Hurricane,2018-09-16,2018,9,Fall,27607,35.817784,-78.727509
Hurricane,2018-10-03,2018,10,Fall,27607,35.817784,-78.727509
Hurricane,2019-03-26,2019,3,Spring,27607,35.817784,-78.727509
Hurricane,2020-02-12,2020,2,Winter,27607,35.817784,-78.727509
Hurricane,2021-03-12,2021,3,Spring,27607,35.817784,-78.727509
Hurricane,2018-09-17,2018,9,Fall,20024,38.870543,-77.026826
Hurricane,2020-05-24,2020,5,Spring,20024,38.870543,-77.026826
Hurricane,2019-03-04,2019,3,Spring,27703,35.961286,-78.805228
Hurricane,2019-06-05,2019,6,Summer,27703,35.961286,-78.805228
Hurricane,2020-06-02,2020,6,Summer,27703,35.961286,-78.805228
Hurricane,2018-09-15,2018,9,Fall,30341,33.888505,-84.289532
Hurricane,2018-09-20,2018,9,Fall,27607,35.817784,-78.727509
Hurricane,2018-11-07,2018,11,Fall,27703,35.961286,-78.805228
Hurricane,2020-02-18,2020,2,Winter,27703,35.961286,-78.805228
Hurricane,2018-09-17,2018,9,Fall,27603,35.664796,-78.653677
Hurricane,2018-09-18,2018,9,Fall,27603,35.664796,-78.653677
Hurricane,2018-09-17,2018,9,Fall,28105,35.119788,-80.709693
Hurricane,2018-11-16,2018,11,Fall,28105,35.119788,-80.709693
Hurricane,2018-09-18,2018,9,Fall,27603,35.664796,-78.653677
Hurricane,2018-11-17,2018,11,Fall,27703,35.961286,-78.805228
Hurricane,2018-09-18,2018,9,Fall,27607,35.817784,-78.727509
Hurricane,2019-08-26,2019,8,Summer,27607,35.817784,-78.727509
Hurricane,2018-09-16,2018,9,Fall,36205,33.699568,-85.787428
Hurricane,2019-01-15,2019,1,Winter,36205,33.699568,-85.787428
Hurricane,2018-09-25,2018,9,Fall,36205,33.699568,-85.787428
Hurricane,2018-09-27,2018,9,Fall,36205,33.699568,-85.787428
Hurricane,2019-01-15,2019,1,Winter,36205,33.699568,-85.787428
Hurricane,2018-10-09,2018,10,Fall,27709,35.920066,-78.867067
Hurricane,2019-01-08,2019,1,Winter,27709,35.920066,-78.867067
Hurricane,2019-04-29,2019,4,Spring,27709,35.920066,-78.867067
Hurricane,2019-06-18,2019,6,Summer,27709,35.920066,-78.867067
Hurricane,2019-06-19,2019,6,Summer,27709,35.920066,-78.867067
Hurricane,2019-07-26,2019,7,Summer,27709,35.920066,-78.867067
Hurricane,2019-11-20,2019,11,Fall,27709,35.920066,-78.867067
Hurricane,2020-03-24,2020,3,Spring,27709,35.920066,-78.867067
Hurricane,2020-07-15,2020,7,Summer,27709,35.920066,-78.867067
Hurricane,2021-01-08,2021,1,Winter,27709,35.920066,-78.867067
Hurricane,2018-09-17,2018,9,Fall,20024,38.870543,-77.026826
Hurricane,2019-04-24,2019,4,Spring,20024,38.870543,-77.026826
Hurricane,2018-09-16,2018,9,Fall,27607,35.817784,-78.727509
Hurricane,2018-09-28,2018,9,Fall,27607,35.817784,-78.727509
Hurricane,2018-09-16,2018,9,Fall,27531,35.343617,-77.967369
Hurricane,2018-10-13,2018,10,Fall,27531,35.343617,-77.967369
Hurricane,2018-09-19,2018,9,Fall,27531,35.343617,-77.967369
Hurricane,2018-10-03,2018,10,Fall,27531,35.343617,-77.967369
Hurricane,2019-02-11,2019,2,Winter,27531,35.343617,-77.967369
Hurricane,2019-07-19,2019,7,Summer,27531,35.343617,-77.967369
Hurricane,2019-10-16,2019,10,Fall,27531,35.343617,-77.967369
Hurricane,2020-01-28,2020,1,Winter,27531,35.343617,-77.967369
Hurricane,2020-04-16,2020,4,Spring,27531,35.343617,-77.967369
Hurricane,2020-07-24,2020,7,Summer,27531,35.343617,-77.967369
Hurricane,2018-09-22,2018,9,Fall,28504,35.227366,-77.635888
Hurricane,2019-04-24,2019,4,Spring,28504,35.227366,-77.635888
Hurricane,2018-11-09,2018,11,Fall,27709,35.920066,-78.867067
Hurricane,2018-12-22,2018,12,Winter,27709,35.920066,-78.867067
Hurricane,2019-02-25,2019,2,Winter,27709,35.920066,-78.867067
Hurricane,2019-11-27,2019,11,Fall,27709,35.920066,-78.867067
Hurricane,2019-12-02,2019,12,Winter,27709,35.920066,-78.867067
Hurricane,2020-05-22,2020,5,Spring,27709,35.920066,-78.867067
Hurricane,2020-11-17,2020,11,Fall,27709,35.920066,-78.867067
Hurricane,2019-04-15,2019,4,Spring,27703,35.961286,-78.805228
Hurricane,2019-05-30,2019,5,Spring,27703,35.961286,-78.805228
Hurricane,2020-02-12,2020,2,Winter,27703,35.961286,-78.805228
Hurricane,2021-01-26,2021,1,Winter,27703,35.961286,-78.805228
Hurricane,2018-09-16,2018,9,Fall,28215,35.24557,-80.69893
Hurricane,2018-09-20,2018,9,Fall,28215,35.24557,-80.69893
Hurricane,2020-06-29,2020,6,Summer,28215,35.24557,-80.69893
Hurricane,2021-02-02,2021,2,Winter,28215,35.24557,-80.69893
Hurricane,2021-05-13,2021,5,Spring,28215,35.24557,-80.69893
Hurricane,2021-07-15,2021,7,Summer,28215,35.24557,-80.69893
Hurricane,2022-01-28,2022,1,Winter,28215,35.24557,-80.69893
Hurricane,2022-04-26,2022,4,Spring,28215,35.24557,-80.69893
Hurricane,2018-09-18,2018,9,Fall,22427,38.072345,-77.28859
Hurricane,2020-08-18,2020,8,Summer,22427,38.072345,-77.28859
Hurricane,2018-09-18,2018,9,Fall,28215,35.24557,-80.69893
Hurricane,2020-04-14,2020,4,Spring,28215,35.24557,-80.69893
Hurricane,2020-10-05,2020,10,Fall,28215,35.24557,-80.69893
Hurricane,2018-09-16,2018,9,Fall,36205,33.699568,-85.787428
Hurricane,2020-03-03,2020,3,Spring,36205,33.699568,-85.787428
Hurricane,2018-09-18,2018,9,Fall,29172,33.905765,-81.075502
Hurricane,2018-09-29,2018,9,Fall,29172,33.905765,-81.075502
Hurricane,2018-10-06,2018,10,Fall,29223,34.092634,-80.919271
Hurricane,2018-11-06,2018,11,Fall,29223,34.092634,-80.919271
Hurricane,2018-11-10,2018,11,Fall,29223,34.092634,-80.919271
Hurricane,2019-08-23,2019,8,Summer,29223,34.092634,-80.919271
Hurricane,2019-12-17,2019,12,Winter,29223,34.092634,-80.919271
Hurricane,2018-10-06,2018,10,Fall,29223,34.092634,-80.919271
Hurricane,2018-11-01,2018,11,Fall,29223,34.092634,-80.919271
Hurricane,2019-08-23,2019,8,Summer,29223,34.092634,-80.919271
Hurricane,2019-12-17,2019,12,Winter,29223,34.092634,-80.919271
Hurricane,2018-09-28,2018,9,Fall,36205,33.699568,-85.787428
Hurricane,2018-12-08,2018,12,Winter,29223,34.092634,-80.919271
Hurricane,2019-04-26,2019,4,Spring,29223,34.092634,-80.919271
Hurricane,2019-07-11,2019,7,Summer,29223,34.092634,-80.919271
Hurricane,2019-08-27,2019,8,Summer,29223,34.092634,-80.919271
Hurricane,2018-10-22,2018,10,Fall,29223,34.092634,-80.919271
Hurricane,2018-10-30,2018,10,Fall,29223,34.092634,-80.919271
Hurricane,2019-02-22,2019,2,Winter,29223,34.092634,-80.919271
Hurricane,2019-07-09,2019,7,Summer,29223,34.092634,-80.919271
Hurricane,2019-09-20,2019,9,Fall,29223,34.092634,-80.919271
Hurricane,2018-09-18,2018,9,Fall,29501,34.204581,-79.82697
Hurricane,2019-02-22,2019,2,Winter,29501,34.204581,-79.82697
Hurricane,2021-03-02,2021,3,Spring,29501,34.204581,-79.82697
Hurricane,2021-03-02,2021,3,Spring,29501,34.204581,-79.82697
Hurricane,2018-09-28,2018,9,Fall,36205,33.699568,-85.787428
Hurricane,2019-01-16,2019,1,Winter,36205,33.699568,-85.787428
Hurricane,2018-10-05,2018,10,Fall,29223,34.092634,-80.919271
Hurricane,2019-01-28,2019,1,Winter,29223,34.092634,-80.919271
Hurricane,2019-03-20,2019,3,Spring,29223,34.092634,-80.919271
Hurricane,2019-05-02,2019,5,Spring,29223,34.092634,-80.919271
Hurricane,2019-05-03,2019,5,Spring,29223,34.092634,-80.919271
Hurricane,2019-08-13,2019,8,Summer,29223,34.092634,-80.919271
Hurricane,2018-09-17,2018,9,Fall,29172,33.905765,-81.075502
Hurricane,2018-09-29,2018,9,Fall,29172,33.905765,-81.075502
Hurricane,2018-10-03,2018,10,Fall,29172,33.905765,-81.075502
Hurricane,2018-10-03,2018,10,Fall,29172,33.905765,-81.075502
Hurricane,2019-03-20,2019,3,Spring,29172,33.905765,-81.075502
Hurricane,2019-03-20,2019,3,Spring,29223,34.092634,-80.919271
Hurricane,2018-09-18,2018,9,Fall,29212,34.077553,-81.202336
Hurricane,2018-09-24,2018,9,Fall,29212,34.077553,-81.202336
Hurricane,2018-10-02,2018,10,Fall,29212,34.077553,-81.202336
Hurricane,2020-04-21,2020,4,Spring,29212,34.077553,-81.202336
Hurricane,2021-01-21,2021,1,Winter,29212,34.077553,-81.202336
Hurricane,2021-05-13,2021,5,Spring,29212,34.077553,-81.202336
Hurricane,2021-10-26,2021,10,Fall,29212,34.077553,-81.202336
Hurricane,2022-06-28,2022,6,Summer,29212,34.077553,-81.202336
Hurricane,2023-03-01,2023,3,Spring,29212,34.077553,-81.202336
Hurricane,2018-10-04,2018,10,Fall,29172,33.905765,-81.075502
Hurricane,2019-03-07,2019,3,Spring,29172,33.905765,-81.075502
Hurricane,2019-03-20,2019,3,Spring,32301,30.427618,-84.257753
Hurricane,2020-01-29,2020,1,Winter,32301,30.427618,-84.257753
Hurricane,2018-10-27,2018,10,Fall,32301,30.427618,-84.257753
Hurricane,2018-11-07,2018,11,Fall,32301,30.427618,-84.257753
Hurricane,2018-11-15,2018,11,Fall,32304,30.451991,-84.352792
Hurricane,2019-01-11,2019,1,Winter,32304,30.451991,-84.352792
Hurricane,2019-06-24,2019,6,Summer,32304,30.451991,-84.352792
Hurricane,2019-10-30,2019,10,Fall,32304,30.451991,-84.352792
Hurricane,2019-12-09,2019,12,Winter,32304,30.451991,-84.352792
Hurricane,2020-06-05,2020,6,Summer,32304,30.451991,-84.352792
Hurricane,2020-11-18,2020,11,Fall,32304,30.451991,-84.352792
Hurricane,2018-11-07,2018,11,Fall,32301,30.427618,-84.257753
Hurricane,2019-10-30,2019,10,Fall,32301,30.427618,-84.257753
Hurricane,2020-11-18,2020,11,Fall,32301,30.427618,-84.257753
Hurricane,2021-08-26,2021,8,Summer,32301,30.427618,-84.257753
Hurricane,2018-10-14,2018,10,Fall,32409,30.34127,-85.712606
Hurricane,2018-10-27,2018,10,Fall,32409,30.34127,-85.712606
Hurricane,2019-03-18,2019,3,Spring,32409,30.34127,-85.712606
Hurricane,2020-03-09,2020,3,Spring,32409,30.34127,-85.712606
Hurricane,2018-10-17,2018,10,Fall,32399,30.383268,-84.231203
Hurricane,2018-11-23,2018,11,Fall,32399,30.383268,-84.231203
Hurricane,2020-01-02,2020,1,Winter,32399,30.383268,-84.231203
Hurricane,2018-10-17,2018,10,Fall,32399,30.383268,-84.231203
Hurricane,2018-11-23,2018,11,Fall,32301,30.427618,-84.257753
Hurricane,2019-03-18,2019,3,Spring,32301,30.427618,-84.257753
Hurricane,2019-09-12,2019,9,Fall,32301,30.427618,-84.257753
Hurricane,2018-10-18,2018,10,Fall,32311,30.39005,-84.181035
Hurricane,2018-11-28,2018,11,Fall,32311,30.39005,-84.181035
Hurricane,2019-03-06,2019,3,Spring,32311,30.39005,-84.181035
Hurricane,2019-09-16,2019,9,Fall,32311,30.39005,-84.181035
Hurricane,2019-09-20,2019,9,Fall,32311,30.39005,-84.181035
Hurricane,2019-09-24,2019,9,Fall,32311,30.39005,-84.181035
Hurricane,2018-10-20,2018,10,Fall,32399,30.383268,-84.231203
Hurricane,2018-11-07,2018,11,Fall,32399,30.383268,-84.231203
Hurricane,2018-10-20,2018,10,Fall,32311,30.39005,-84.181035
Hurricane,2018-10-27,2018,10,Fall,32311,30.39005,-84.181035
Hurricane,2018-10-31,2018,10,Fall,32311,30.39005,-84.181035
Hurricane,2018-11-11,2018,11,Fall,32301,30.427618,-84.257753
Hurricane,2018-11-16,2018,11,Fall,32301,30.427618,-84.257753
Hurricane,2019-10-30,2019,10,Fall,32301,30.427618,-84.257753
Hurricane,2020-07-21,2020,7,Summer,32301,30.427618,-84.257753
Hurricane,2018-10-31,2018,10,Fall,32301,30.427618,-84.257753
Hurricane,2018-11-19,2018,11,Fall,32301,30.427618,-84.257753
Hurricane,2019-01-25,2019,1,Winter,32301,30.427618,-84.257753
Hurricane,2019-03-25,2019,3,Spring,32301,30.427618,-84.257753
Hurricane,2019-05-28,2019,5,Spring,32301,30.427618,-84.257753
Hurricane,2019-06-28,2019,6,Summer,32301,30.427618,-84.257753
Hurricane,2019-10-30,2019,10,Fall,32301,30.427618,-84.257753
Hurricane,2020-01-28,2020,1,Winter,32301,30.427618,-84.257753
Hurricane,2020-05-26,2020,5,Spring,32301,30.427618,-84.257753
Hurricane,2018-11-23,2018,11,Fall,32301,30.427618,-84.257753
Hurricane,2019-01-30,2019,1,Winter,32301,30.427618,-84.257753
Hurricane,2019-04-01,2019,4,Spring,32301,30.427618,-84.257753
Hurricane,2019-05-09,2019,5,Spring,32301,30.427618,-84.257753
Hurricane,2019-07-09,2019,7,Summer,32301,30.427618,-84.257753
Hurricane,2019-09-09,2019,9,Fall,32301,30.427618,-84.257753
Hurricane,2019-12-04,2019,12,Winter,32301,30.427618,-84.257753
Hurricane,2020-03-23,2020,3,Spring,32301,30.427618,-84.257753
Hurricane,2020-05-13,2020,5,Spring,32401,30.158374,-85.637996
Hurricane,2020-06-05,2020,6,Summer,32401,30.158374,-85.637996
Hurricane,2020-11-20,2020,11,Fall,32401,30.158374,-85.637996
Hurricane,2020-01-28,2020,1,Winter,32401,30.158374,-85.637996
Hurricane,2020-03-23,2020,3,Spring,32401,30.158374,-85.637996
Hurricane,2020-11-18,2020,11,Fall,32401,30.158374,-85.637996
Hurricane,2021-02-01,2021,2,Winter,32401,30.158374,-85.637996
Hurricane,2020-05-05,2020,5,Spring,32401,30.158374,-85.637996
Hurricane,2020-06-05,2020,6,Summer,32401,30.158374,-85.637996
Hurricane,2020-09-14,2020,9,Fall,32401,30.158374,-85.637996
Hurricane,2018-10-17,2018,10,Fall,32301,30.427618,-84.257753
Hurricane,2020-08-04,2020,8,Summer,32301,30.427618,-84.257753
Hurricane,2018-10-18,2018,10,Fall,32301,30.427618,-84.257753
Hurricane,2020-07-01,2020,7,Summer,32301,30.427618,-84.257753
Hurricane,2018-11-07,2018,11,Fall,32301,30.427618,-84.257753
Hurricane,2018-12-10,2018,12,Winter,32301,30.427618,-84.257753
Hurricane,2019-01-25,2019,1,Winter,32301,30.427618,-84.257753
Hurricane,2019-02-21,2019,2,Winter,32301,30.427618,-84.257753
Hurricane,2019-02-26,2019,2,Winter,32301,30.427618,-84.257753
Hurricane,2019-03-25,2019,3,Spring,32301,30.427618,-84.257753
Hurricane,2019-05-21,2019,5,Spring,32301,30.427618,-84.257753
Hurricane,2019-06-26,2019,6,Summer,32301,30.427618,-84.257753
Hurricane,2020-01-30,2020,1,Winter,32301,30.427618,-84.257753
Hurricane,2018-10-12,2018,10,Fall,36112,32.380944,-86.363749
Hurricane,2018-10-13,2018,10,Fall,36112,32.380944,-86.363749
Hurricane,2019-02-06,2019,2,Winter,36112,32.380944,-86.363749
Hurricane,2019-06-20,2019,6,Summer,36112,32.380944,-86.363749
Hurricane,2019-11-18,2019,11,Fall,36112,32.380944,-86.363749
Hurricane,2018-10-13,2018,10,Fall,36112,32.380944,-86.363749
Hurricane,2018-10-14,2018,10,Fall,36112,32.380944,-86.363749
Hurricane,2019-03-07,2019,3,Spring,36112,32.380944,-86.363749
Hurricane,2018-10-14,2018,10,Fall,36112,32.380944,-86.363749
Hurricane,2019-02-06,2019,2,Winter,36112,32.380944,-86.363749
Hurricane,2018-11-07,2018,11,Fall,32301,30.427618,-84.257753
Hurricane,2018-12-06,2018,12,Winter,32301,30.427618,-84.257753
Hurricane,2019-01-30,2019,1,Winter,32301,30.427618,-84.257753
Hurricane,2019-02-21,2019,2,Winter,32301,30.427618,-84.257753
Hurricane,2019-02-26,2019,2,Winter,32301,30.427618,-84.257753
Hurricane,2019-03-22,2019,3,Spring,32301,30.427618,-84.257753
Hurricane,2019-05-15,2019,5,Spring,32301,30.427618,-84.257753
Hurricane,2019-06-24,2019,6,Summer,32301,30.427618,-84.257753
Hurricane,2018-10-12,2018,10,Fall,32542,30.507766,-86.541629
Hurricane,2019-06-14,2019,6,Summer,32542,30.507766,-86.541629
Hurricane,2018-11-09,2018,11,Fall,32536,30.750432,-86.597598
Hurricane,2019-06-14,2019,6,Summer,32536,30.750432,-86.597598
Hurricane,2018-10-12,2018,10,Fall,30341,33.888505,-84.289532
Hurricane,2019-03-06,2019,3,Spring,30341,33.888505,-84.289532
Hurricane,2019-09-30,2019,9,Fall,30341,33.888505,-84.289532
Hurricane,2018-10-12,2018,10,Fall,32542,30.507766,-86.541629
Hurricane,2019-03-06,2019,3,Spring,32542,30.507766,-86.541629
Hurricane,2020-01-13,2020,1,Winter,32542,30.507766,-86.541629
Hurricane,2018-11-05,2018,11,Fall,32301,30.427618,-84.257753
Hurricane,2018-12-07,2018,12,Winter,32301,30.427618,-84.257753
Hurricane,2019-01-25,2019,1,Winter,32301,30.427618,-84.257753
Hurricane,2019-03-26,2019,3,Spring,32301,30.427618,-84.257753
Hurricane,2019-05-29,2019,5,Spring,32301,30.427618,-84.257753
Hurricane,2019-06-25,2019,6,Summer,32301,30.427618,-84.257753
Hurricane,2020-01-15,2020,1,Winter,32301,30.427618,-84.257753
Hurricane,2020-03-18,2020,3,Spring,32301,30.427618,-84.257753
Hurricane,2021-04-30,2021,4,Spring,32301,30.427618,-84.257753
Hurricane,2021-12-01,2021,12,Winter,32301,30.427618,-84.257753
Hurricane,2022-08-12,2022,8,Summer,32301,30.427618,-84.257753
Hurricane,2023-04-12,2023,4,Spring,32301,30.427618,-84.257753
Hurricane,2023-07-18,2023,7,Summer,32301,30.427618,-84.257753
Hurricane,2018-11-01,2018,11,Fall,32399,30.383268,-84.231203
Hurricane,2018-12-21,2018,12,Winter,32399,30.383268,-84.231203
Hurricane,2020-12-01,2020,12,Winter,32399,30.383268,-84.231203
Hurricane,2021-09-14,2021,9,Fall,32399,30.383268,-84.231203
Hurricane,2018-10-12,2018,10,Fall,20024,38.870543,-77.026826
Hurricane,2019-10-04,2019,10,Fall,20024,38.870543,-77.026826
Hurricane,2018-10-16,2018,10,Fall,32409,30.34127,-85.712606
Hurricane,2019-11-08,2019,11,Fall,32409,30.34127,-85.712606
Hurricane,2018-11-19,2018,11,Fall,32301,30.427618,-84.257753
Hurricane,2018-12-10,2018,12,Winter,32301,30.427618,-84.257753
Hurricane,2019-01-25,2019,1,Winter,32301,30.427618,-84.257753
Hurricane,2019-02-21,2019,2,Winter,32301,30.427618,-84.257753
Hurricane,2019-02-26,2019,2,Winter,32301,30.427618,-84.257753
Hurricane,2019-03-28,2019,3,Spring,32301,30.427618,-84.257753
Hurricane,2019-04-26,2019,4,Spring,32301,30.427618,-84.257753
Hurricane,2019-06-13,2019,6,Summer,32301,30.427618,-84.257753
Hurricane,2019-09-05,2019,9,Fall,32301,30.427618,-84.257753
Hurricane,2019-12-04,2019,12,Winter,32301,30.427618,-84.257753
Hurricane,2020-01-06,2020,1,Winter,32301,30.427618,-84.257753
Hurricane,2020-01-23,2020,1,Winter,32301,30.427618,-84.257753
Hurricane,2020-03-18,2020,3,Spring,32301,30.427618,-84.257753
Hurricane,2021-02-11,2021,2,Winter,32301,30.427618,-84.257753
Hurricane,2021-09-28,2021,9,Fall,32301,30.427618,-84.257753
Hurricane,2022-09-08,2022,9,Fall,32301,30.427618,-84.257753
Hurricane,2018-10-12,2018,10,Fall,32399,30.383268,-84.231203
Hurricane,2018-10-15,2018,10,Fall,32399,30.383268,-84.231203
Hurricane,2018-10-19,2018,10,Fall,32399,30.383268,-84.231203
Hurricane,2018-11-07,2018,11,Fall,32301,30.427618,-84.257753
Hurricane,2018-12-01,2018,12,Winter,32301,30.427618,-84.257753
Hurricane,2019-01-05,2019,1,Winter,32301,30.427618,-84.257753
Hurricane,2018-11-05,2018,11,Fall,32301,30.427618,-84.257753
Hurricane,2018-12-10,2018,12,Winter,32301,30.427618,-84.257753
Hurricane,2019-01-03,2019,1,Winter,32301,30.427618,-84.257753
Hurricane,2019-02-01,2019,2,Winter,32301,30.427618,-84.257753
Hurricane,2019-02-21,2019,2,Winter,32301,30.427618,-84.257753
Hurricane,2019-02-26,2019,2,Winter,32301,30.427618,-84.257753
Hurricane,2019-03-25,2019,3,Spring,32301,30.427618,-84.257753
Hurricane,2019-05-21,2019,5,Spring,32301,30.427618,-84.257753
Hurricane,2021-03-05,2021,3,Spring,32301,30.427618,-84.257753
Hurricane,2021-04-14,2021,4,Spring,32301,30.427618,-84.257753
Hurricane,2021-11-05,2021,11,Fall,32301,30.427618,-84.257753
Hurricane,2019-02-04,2019,2,Winter,32301,30.427618,-84.257753
Hurricane,2019-04-26,2019,4,Spring,32301,30.427618,-84.257753
Hurricane,2019-05-22,2019,5,Spring,32301,30.427618,-84.257753
Hurricane,2019-07-29,2019,7,Summer,32301,30.427618,-84.257753
Hurricane,2021-01-12,2021,1,Winter,32301,30.427618,-84.257753
Hurricane,2023-07-25,2023,7,Summer,32301,30.427618,-84.257753
Hurricane,2019-03-04,2019,3,Spring,32301,30.427618,-84.257753
Hurricane,2019-03-07,2019,3,Spring,32301,30.427618,-84.257753
Hurricane,2019-03-07,2019,3,Spring,32301,30.427618,-84.257753
Hurricane,2019-04-26,2019,4,Spring,32301,30.427618,-84.257753
Hurricane,2021-03-05,2021,3,Spring,32301,30.427618,-84.257753
Hurricane,2018-11-07,2018,11,Fall,32301,30.427618,-84.257753
Hurricane,2019-01-28,2019,1,Winter,32301,30.427618,-84.257753
Hurricane,2019-03-28,2019,3,Spring,32301,30.427618,-84.257753
Hurricane,2019-07-09,2019,7,Summer,32301,30.427618,-84.257753
Hurricane,2019-10-17,2019,10,Fall,32301,30.427618,-84.257753
Hurricane,2018-10-13,2018,10,Fall,32501,30.428781,-87.222515
Hurricane,2018-10-18,2018,10,Fall,32501,30.428781,-87.222515
Hurricane,2018-10-19,2018,10,Fall,32501,30.428781,-87.222515
Hurricane,2019-11-20,2019,11,Fall,32501,30.428781,-87.222515
Hurricane,2020-06-29,2020,6,Summer,32501,30.428781,-87.222515
Hurricane,2021-02-03,2021,2,Winter,32501,30.428781,-87.222515
Hurricane,2021-05-13,2021,5,Spring,32501,30.428781,-87.222515
Hurricane,2018-10-13,2018,10,Fall,32310,30.433038,-84.391845
Hurricane,2019-03-01,2019,3,Spring,32310,30.433038,-84.391845
Hurricane,2018-10-14,2018,10,Fall,30084,33.854097,-84.216155
Hurricane,2019-03-01,2019,3,Spring,30084,33.854097,-84.216155
Hurricane,2019-11-26,2019,11,Fall,30084,33.854097,-84.216155
Hurricane,2020-01-24,2020,1,Winter,30084,33.854097,-84.216155
Hurricane,2018-10-15,2018,10,Fall,30316,33.716794,-84.331343
Hurricane,2018-10-26,2018,10,Fall,30316,33.716794,-84.331343
Hurricane,2019-01-22,2019,1,Winter,30316,33.716794,-84.331343
Hurricane,2020-11-06,2020,11,Fall,30316,33.716794,-84.331343
Hurricane,2021-02-09,2021,2,Winter,30316,33.716794,-84.331343
Hurricane,2018-10-15,2018,10,Fall,31704,31.549679,-84.055507
Hurricane,2018-11-07,2018,11,Fall,31704,31.549679,-84.055507
Hurricane,2020-02-03,2020,2,Winter,31704,31.549679,-84.055507
Hurricane,2021-01-12,2021,1,Winter,31704,31.549679,-84.055507
Hurricane,2021-03-19,2021,3,Spring,31704,31.549679,-84.055507
Hurricane,2021-04-09,2021,4,Spring,31704,31.549679,-84.055507
Hurricane,2018-10-16,2018,10,Fall,30316,33.716794,-84.331343
Hurricane,2018-10-30,2018,10,Fall,30316,33.716794,-84.331343
Hurricane,2018-11-19,2018,11,Fall,30316,33.716794,-84.331343
Hurricane,2018-11-27,2018,11,Fall,30316,33.716794,-84.331343
Hurricane,2018-12-01,2018,12,Winter,30316,33.716794,-84.331343
Hurricane,2018-12-19,2018,12,Winter,30316,33.716794,-84.331343
Hurricane,2019-01-16,2019,1,Winter,30316,33.716794,-84.331343
Hurricane,2019-03-01,2019,3,Spring,30316,33.716794,-84.331343
Hurricane,2020-11-06,2020,11,Fall,30316,33.716794,-84.331343
Hurricane,2018-10-19,2018,10,Fall,36205,33.699568,-85.787428
Hurricane,2019-01-29,2019,1,Winter,36205,33.699568,-85.787428
Hurricane,2018-11-04,2018,11,Fall,23060,37.659664,-77.533827
Hurricane,2019-01-23,2019,1,Winter,23060,37.659664,-77.533827
Hurricane,2021-05-17,2021,5,Spring,23060,37.659664,-77.533827
Hurricane,2018-10-24,2018,10,Fall,19106,39.946649,-75.142232
Hurricane,2019-02-01,2019,2,Winter,19106,39.946649,-75.142232
Hurricane,2019-03-29,2019,3,Spring,19106,39.946649,-75.142232
Hurricane,2019-06-14,2019,6,Summer,19106,39.946649,-75.142232
Hurricane,2021-05-26,2021,5,Spring,19106,39.946649,-75.142232
Hurricane,2021-08-13,2021,8,Summer,19106,39.946649,-75.142232
Hurricane,2022-11-21,2022,11,Fall,19106,39.946649,-75.142232
Hurricane,2023-01-27,2023,1,Winter,19106,39.946649,-75.142232
Flood,2018-10-24,2018,10,Fall,53704,43.135832,-89.34748
Flood,2018-12-03,2018,12,Winter,53704,43.135832,-89.34748
Flood,2019-03-12,2019,3,Spring,53704,43.135832,-89.34748
Flood,2019-03-27,2019,3,Spring,53704,43.135832,-89.34748
Flood,2019-05-01,2019,5,Spring,53704,43.135832,-89.34748
Flood,2019-10-30,2019,10,Fall,53704,43.135832,-89.34748
Flood,2018-10-24,2018,10,Fall,53704,43.135832,-89.34748
Flood,2019-01-11,2019,1,Winter,53704,43.135832,-89.34748
Flood,2019-12-26,2019,12,Winter,60605,41.867566,-87.617228
Flood,2020-04-16,2020,4,Spring,60605,41.867566,-87.617228
Typhoon,2020-02-28,2020,2,Winter,94607,37.808842,-122.304697
Typhoon,2020-10-30,2020,10,Fall,94607,37.808842,-122.304697
Fire,2018-11-17,2018,11,Fall,95655,38.549228,-121.278598
Fire,2019-01-04,2019,1,Winter,95655,38.549228,-121.278598
Fire,2019-03-28,2019,3,Spring,95655,38.549228,-121.278598
Fire,2019-08-27,2019,8,Summer,95655,38.549228,-121.278598
Fire,2018-11-25,2018,11,Fall,95966,39.475369,-121.414133
Fire,2018-12-02,2018,12,Winter,95966,39.475369,-121.414133
Fire,2019-01-14,2019,1,Winter,95966,39.475369,-121.414133
Fire,2019-03-27,2019,3,Spring,95966,39.475369,-121.414133
Fire,2019-05-13,2019,5,Spring,95966,39.475369,-121.414133
Fire,2019-12-12,2019,12,Winter,95966,39.475369,-121.414133
Fire,2019-02-27,2019,2,Winter,95827,38.54836,-121.327497
Fire,2019-03-22,2019,3,Spring,95827,38.54836,-121.327497
Fire,2019-04-06,2019,4,Spring,95827,38.54836,-121.327497
Fire,2019-07-01,2019,7,Summer,95827,38.54836,-121.327497
Fire,2019-07-17,2019,7,Summer,95827,38.54836,-121.327497
Fire,2019-09-20,2019,9,Fall,95827,38.54836,-121.327497
Fire,2019-10-18,2019,10,Fall,95827,38.54836,-121.327497
Fire,2020-01-17,2020,1,Winter,95827,38.54836,-121.327497
Fire,2020-02-28,2020,2,Winter,95827,38.54836,-121.327497
Fire,2020-05-11,2020,5,Spring,95827,38.54836,-121.327497
Fire,2020-07-28,2020,7,Summer,95827,38.54836,-121.327497
Fire,2020-08-26,2020,8,Summer,95827,38.54836,-121.327497
Fire,2020-09-30,2020,9,Fall,95827,38.54836,-121.327497
Fire,2020-10-22,2020,10,Fall,95827,38.54836,-121.327497
Fire,2021-05-03,2021,5,Spring,95827,38.54836,-121.327497
Fire,2021-05-25,2021,5,Spring,95827,38.54836,-121.327497
Fire,2021-08-02,2021,8,Summer,95827,38.54836,-121.327497
Fire,2021-08-30,2021,8,Summer,95827,38.54836,-121.327497
Fire,2021-11-29,2021,11,Fall,95827,38.54836,-121.327497
Fire,2018-11-17,2018,11,Fall,95827,38.54836,-121.327497
Fire,2018-11-21,2018,11,Fall,95827,38.54836,-121.327497
Fire,2019-02-05,2019,2,Winter,95827,38.54836,-121.327497
Fire,2019-03-08,2019,3,Spring,95827,38.54836,-121.327497
Fire,2019-06-18,2019,6,Summer,95827,38.54836,-121.327497
Fire,2019-07-17,2019,7,Summer,95827,38.54836,-121.327497
Fire,2020-08-26,2020,8,Summer,95827,38.54836,-121.327497
Fire,2018-11-30,2018,11,Fall,95827,38.54836,-121.327497
Fire,2019-01-23,2019,1,Winter,95827,38.54836,-121.327497
Fire,2019-01-28,2019,1,Winter,95827,38.54836,-121.327497
Fire,2019-02-06,2019,2,Winter,95827,38.54836,-121.327497
Fire,2019-03-26,2019,3,Spring,95827,38.54836,-121.327497
Fire,2019-04-11,2019,4,Spring,95827,38.54836,-121.327497
Fire,2019-05-06,2019,5,Spring,95827,38.54836,-121.327497
Fire,2019-07-01,2019,7,Summer,95827,38.54836,-121.327497
Fire,2019-07-30,2019,7,Summer,95827,38.54836,-121.327497
Fire,2019-09-20,2019,9,Fall,95827,38.54836,-121.327497
Fire,2019-10-25,2019,10,Fall,95827,38.54836,-121.327497
Fire,2019-12-23,2019,12,Winter,95827,38.54836,-121.327497
Fire,2020-05-11,2020,5,Spring,95827,38.54836,-121.327497
Fire,2020-07-28,2020,7,Summer,95827,38.54836,-121.327497
Fire,2020-08-26,2020,8,Summer,95827,38.54836,-121.327497
Fire,2020-09-30,2020,9,Fall,95827,38.54836,-121.327497
Fire,2020-10-23,2020,10,Fall,95827,38.54836,-121.327497
Fire,2021-01-04,2021,1,Winter,95827,38.54836,-121.327497
Fire,2021-03-08,2021,3,Spring,95827,38.54836,-121.327497
Fire,2018-11-30,2018,11,Fall,95827,38.54836,-121.327497
Fire,2018-12-10,2018,12,Winter,95827,38.54836,-121.327497
Fire,2019-01-07,2019,1,Winter,95827,38.54836,-121.327497
Fire,2019-01-18,2019,1,Winter,95827,38.54836,-121.327497
Fire,2019-03-28,2019,3,Spring,95827,38.54836,-121.327497
Fire,2019-10-11,2019,10,Fall,95827,38.54836,-121.327497
Fire,2019-01-08,2019,1,Winter,95827,38.54836,-121.327497
Fire,2019-02-27,2019,2,Winter,95827,38.54836,-121.327497
Fire,2019-04-06,2019,4,Spring,95827,38.54836,-121.327497
Fire,2019-05-07,2019,5,Spring,95827,38.54836,-121.327497
Fire,2019-05-16,2019,5,Spring,95827,38.54836,-121.327497
Fire,2019-07-23,2019,7,Summer,95827,38.54836,-121.327497
Fire,2019-09-20,2019,9,Fall,95827,38.54836,-121.327497
Fire,2019-10-18,2019,10,Fall,95827,38.54836,-121.327497
Fire,2020-09-10,2020,9,Fall,95827,38.54836,-121.327497
Fire,2019-01-07,2019,1,Winter,95827,38.54836,-121.327497
Fire,2019-04-22,2019,4,Spring,95827,38.54836,-121.327497
Fire,2019-10-11,2019,10,Fall,95827,38.54836,-121.327497
Fire,2019-11-26,2019,11,Fall,95827,38.54836,-121.327497
Fire,2020-02-05,2020,2,Winter,95827,38.54836,-121.327497
Fire,2020-05-11,2020,5,Spring,95827,38.54836,-121.327497
Fire,2020-07-28,2020,7,Summer,95827,38.54836,-121.327497
Fire,2020-08-26,2020,8,Summer,95827,38.54836,-121.327497
Fire,2020-09-30,2020,9,Fall,95827,38.54836,-121.327497
Fire,2020-10-23,2020,10,Fall,95827,38.54836,-121.327497
Fire,2021-05-25,2021,5,Spring,95827,38.54836,-121.327497
Fire,2021-07-27,2021,7,Summer,95827,38.54836,-121.327497
Fire,2021-08-30,2021,8,Summer,95827,38.54836,-121.327497
Fire,2021-09-02,2021,9,Fall,95827,38.54836,-121.327497
Fire,2022-01-14,2022,1,Winter,95827,38.54836,-121.327497
Fire,2018-11-22,2018,11,Fall,95655,38.549228,-121.278598
Fire,2019-01-25,2019,1,Winter,95655,38.549228,-121.278598
Fire,2019-04-03,2019,4,Spring,95655,38.549228,-121.278598
Fire,2019-05-28,2019,5,Spring,95655,38.549228,-121.278598
Fire,2019-06-04,2019,6,Summer,95655,38.549228,-121.278598
Fire,2019-08-27,2019,8,Summer,95655,38.549228,-121.278598
Fire,2019-10-18,2019,10,Fall,95655,38.549228,-121.278598
Fire,2019-12-16,2019,12,Winter,95655,38.549228,-121.278598
Fire,2021-05-06,2021,5,Spring,95655,38.549228,-121.278598
Fire,2019-01-08,2019,1,Winter,95827,38.54836,-121.327497
Fire,2019-04-01,2019,4,Spring,95827,38.54836,-121.327497
Fire,2018-11-13,2018,11,Fall,92518,33.896337,-117.277065
Fire,2019-03-06,2019,3,Spring,92518,33.896337,-117.277065
Fire,2019-03-27,2019,3,Spring,92518,33.896337,-117.277065
Fire,2020-10-05,2020,10,Fall,92518,33.896337,-117.277065
Fire,2018-11-22,2018,11,Fall,95330,37.81345,-121.317273
Fire,2018-12-09,2018,12,Winter,95330,37.81345,-121.317273
Fire,2019-02-14,2019,2,Winter,95330,37.81345,-121.317273
Fire,2019-05-16,2019,5,Spring,95330,37.81345,-121.317273
Fire,2019-07-15,2019,7,Summer,95330,37.81345,-121.317273
Fire,2019-09-20,2019,9,Fall,95330,37.81345,-121.317273
Fire,2019-11-14,2019,11,Fall,95330,37.81345,-121.317273
Fire,2020-05-14,2020,5,Spring,95330,37.81345,-121.317273
Fire,2020-10-05,2020,10,Fall,95330,37.81345,-121.317273
Fire,2018-11-14,2018,11,Fall,95655,38.549228,-121.278598
Fire,2020-10-05,2020,10,Fall,95655,38.549228,-121.278598
Fire,2018-11-29,2018,11,Fall,93042,33.255655,-119.503588
Fire,2018-12-13,2018,12,Winter,93042,33.255655,-119.503588
Fire,2019-03-06,2019,3,Spring,93042,33.255655,-119.503588
Fire,2018-11-14,2018,11,Fall,95655,38.549228,-121.278598
Fire,2018-11-19,2018,11,Fall,95655,38.549228,-121.278598
Fire,2019-02-26,2019,2,Winter,95655,38.549228,-121.278598
Fire,2019-03-26,2019,3,Spring,95655,38.549228,-121.278598
Fire,2018-11-23,2018,11,Fall,95827,38.54836,-121.327497
Fire,2019-03-27,2019,3,Spring,95827,38.54836,-121.327497
Fire,2019-09-16,2019,9,Fall,95827,38.54836,-121.327497
Fire,2019-01-05,2019,1,Winter,95827,38.54836,-121.327497
Fire,2019-04-03,2019,4,Spring,95827,38.54836,-121.327497
Fire,2021-04-05,2021,4,Spring,95827,38.54836,-121.327497
Fire,2021-05-06,2021,5,Spring,95827,38.54836,-121.327497
Fire,2021-12-03,2021,12,Winter,95827,38.54836,-121.327497
Fire,2023-02-07,2023,2,Winter,95827,38.54836,-121.327497
Fire,2023-07-19,2023,7,Summer,95827,38.54836,-121.327497
Fire,2018-11-14,2018,11,Fall,95655,38.549228,-121.278598
Fire,2019-02-12,2019,2,Winter,95827,38.54836,-121.327497
Fire,2021-03-08,2021,3,Spring,95827,38.54836,-121.327497
Fire,2019-01-29,2019,1,Winter,95827,38.54836,-121.327497
Fire,2019-02-06,2019,2,Winter,95827,38.54836,-121.327497
Fire,2019-02-01,2019,2,Winter,95827,38.54836,-121.327497
Fire,2019-03-27,2019,3,Spring,95827,38.54836,-121.327497
Fire,2019-06-04,2019,6,Summer,95827,38.54836,-121.327497
Fire,2020-11-30,2020,11,Fall,95827,38.54836,-121.327497
Fire,2019-02-06,2019,2,Winter,95827,38.54836,-121.327497
Fire,2020-10-02,2020,10,Fall,95827,38.54836,-121.327497
Fire,2018-11-14,2018,11,Fall,95655,38.549228,-121.278598
Fire,2018-11-18,2018,11,Fall,95655,38.549228,-121.278598
Fire,2019-06-06,2019,6,Summer,95655,38.549228,-121.278598
Fire,2020-10-14,2020,10,Fall,95655,38.549228,-121.278598
Fire,2021-03-25,2021,3,Spring,95655,38.549228,-121.278598
Fire,2021-10-18,2021,10,Fall,95655,38.549228,-121.278598
Fire,2018-11-14,2018,11,Fall,95655,38.549228,-121.278598
Fire,2018-11-17,2018,11,Fall,95655,38.549228,-121.278598
Fire,2018-11-19,2018,11,Fall,95655,38.549228,-121.278598
Fire,2018-11-15,2018,11,Fall,93010,34.227888,-119.079553
Fire,2018-11-21,2018,11,Fall,93010,34.227888,-119.079553
Fire,2019-03-27,2019,3,Spring,93010,34.227888,-119.079553
Fire,2021-03-25,2021,3,Spring,93010,34.227888,-119.079553
Fire,2018-11-17,2018,11,Fall,95655,38.549228,-121.278598
Fire,2018-12-20,2018,12,Winter,95655,38.549228,-121.278598
Fire,2019-02-27,2019,2,Winter,95655,38.549228,-121.278598
Fire,2019-03-27,2019,3,Spring,95655,38.549228,-121.278598
Fire,2019-06-06,2019,6,Summer,95655,38.549228,-121.278598
Fire,2019-08-05,2019,8,Summer,95655,38.549228,-121.278598
Fire,2019-09-30,2019,9,Fall,95655,38.549228,-121.278598
Fire,2019-11-07,2019,11,Fall,95655,38.549228,-121.278598
Fire,2020-10-14,2020,10,Fall,95655,38.549228,-121.278598
Fire,2021-10-19,2021,10,Fall,95655,38.549228,-121.278598
Fire,2019-01-09,2019,1,Winter,95655,38.549228,-121.278598
Fire,2019-04-22,2019,4,Spring,95655,38.549228,-121.278598
Fire,2020-10-01,2020,10,Fall,95655,38.549228,-121.278598
Fire,2019-02-06,2019,2,Winter,95827,38.54836,-121.327497
Fire,2019-03-12,2019,3,Spring,95827,38.54836,-121.327497
Fire,2019-03-27,2019,3,Spring,95827,38.54836,-121.327497
Fire,2019-04-03,2019,4,Spring,95827,38.54836,-121.327497
Fire,2019-05-14,2019,5,Spring,95827,38.54836,-121.327497
Fire,2019-06-12,2019,6,Summer,95827,38.54836,-121.327497
Fire,2020-10-02,2020,10,Fall,95827,38.54836,-121.327497
Fire,2018-11-14,2018,11,Fall,95655,38.549228,-121.278598
Fire,2018-11-19,2018,11,Fall,95655,38.549228,-121.278598
Fire,2018-12-10,2018,12,Winter,95655,38.549228,-121.278598
Fire,2019-02-26,2019,2,Winter,95655,38.549228,-121.278598
Fire,2019-09-26,2019,9,Fall,95655,38.549228,-121.278598
Fire,2020-08-19,2020,8,Summer,95655,38.549228,-121.278598
Fire,2021-10-22,2021,10,Fall,95655,38.549228,-121.278598
Fire,2018-11-14,2018,11,Fall,95655,38.549228,-121.278598
Fire,2018-11-21,2018,11,Fall,95655,38.549228,-121.278598
Fire,2018-11-29,2018,11,Fall,95655,38.549228,-121.278598
Fire,2018-12-10,2018,12,Winter,95655,38.549228,-121.278598
Fire,2019-01-25,2019,1,Winter,95655,38.549228,-121.278598
Fire,2019-02-23,2019,2,Winter,95655,38.549228,-121.278598
Fire,2019-03-29,2019,3,Spring,95655,38.549228,-121.278598
Fire,2019-07-01,2019,7,Summer,95655,38.549228,-121.278598
Fire,2019-09-30,2019,9,Fall,95655,38.549228,-121.278598
Fire,2020-01-16,2020,1,Winter,95655,38.549228,-121.278598
Fire,2020-08-14,2020,8,Summer,95655,38.549228,-121.278598
Fire,2021-02-19,2021,2,Winter,95655,38.549228,-121.278598
Fire,2022-03-02,2022,3,Spring,95655,38.549228,-121.278598
Fire,2022-05-03,2022,5,Spring,95655,38.549228,-121.278598
Fire,2018-11-14,2018,11,Fall,95965,39.593945,-121.581363
Fire,2018-11-22,2018,11,Fall,95965,39.593945,-121.581363
Fire,2021-05-20,2021,5,Spring,95965,39.593945,-121.581363
Fire,2018-11-14,2018,11,Fall,95655,38.549228,-121.278598
Fire,2018-12-12,2018,12,Winter,95655,38.549228,-121.278598
Fire,2019-01-09,2019,1,Winter,95655,38.549228,-121.278598
Fire,2019-04-25,2019,4,Spring,95655,38.549228,-121.278598
Fire,2019-06-10,2019,6,Summer,95655,38.549228,-121.278598
Fire,2019-08-27,2019,8,Summer,95655,38.549228,-121.278598
Fire,2019-10-30,2019,10,Fall,95655,38.549228,-121.278598
Fire,2019-11-04,2019,11,Fall,95655,38.549228,-121.278598
Fire,2021-05-20,2021,5,Spring,95655,38.549228,-121.278598
Fire,2022-07-25,2022,7,Summer,95655,38.549228,-121.278598
Fire,2018-11-20,2018,11,Fall,95926,39.745772,-121.843923
Fire,2019-03-27,2019,3,Spring,95926,39.745772,-121.843923
Fire,2021-07-19,2021,7,Summer,95926,39.745772,-121.843923
Fire,2023-07-20,2023,7,Summer,95926,39.745772,-121.843923
Fire,2019-01-12,2019,1,Winter,95655,38.549228,-121.278598
Fire,2019-02-19,2019,2,Winter,95655,38.549228,-121.278598
Fire,2019-03-04,2019,3,Spring,95655,38.549228,-121.278598
Fire,2019-05-14,2019,5,Spring,95655,38.549228,-121.278598
Fire,2022-07-25,2022,7,Summer,95655,38.549228,-121.278598
Fire,2018-11-22,2018,11,Fall,95965,39.593945,-121.581363
Fire,2019-03-27,2019,3,Spring,95965,39.593945,-121.581363
Fire,2020-05-06,2020,5,Spring,95965,39.593945,-121.581363
Fire,2018-11-17,2018,11,Fall,95655,38.549228,-121.278598
Fire,2020-08-28,2020,8,Summer,95655,38.549228,-121.278598
Fire,2018-11-17,2018,11,Fall,95655,38.549228,-121.278598
Fire,2018-11-22,2018,11,Fall,95655,38.549228,-121.278598
Fire,2018-12-02,2018,12,Winter,95655,38.549228,-121.278598
Fire,2018-12-10,2018,12,Winter,95655,38.549228,-121.278598
Fire,2019-01-05,2019,1,Winter,95655,38.549228,-121.278598
Fire,2020-05-06,2020,5,Spring,95655,38.549228,-121.278598
Fire,2018-11-23,2018,11,Fall,95966,39.475369,-121.414133
Fire,2018-12-09,2018,12,Winter,95966,39.475369,-121.414133
Fire,2019-03-27,2019,3,Spring,95966,39.475369,-121.414133
Fire,2019-08-12,2019,8,Summer,95966,39.475369,-121.414133
Fire,2020-01-29,2020,1,Winter,95966,39.475369,-121.414133
Fire,2020-02-28,2020,2,Winter,95966,39.475369,-121.414133
Fire,2018-11-14,2018,11,Fall,95655,38.549228,-121.278598
Fire,2018-11-17,2018,11,Fall,95655,38.549228,-121.278598
Fire,2019-01-05,2019,1,Winter,95655,38.549228,-121.278598
Fire,2019-04-02,2019,4,Spring,95655,38.549228,-121.278598
Fire,2019-05-27,2019,5,Spring,95655,38.549228,-121.278598
Fire,2019-06-12,2019,6,Summer,95655,38.549228,-121.278598
Fire,2019-08-27,2019,8,Summer,95655,38.549228,-121.278598
Fire,2019-10-18,2019,10,Fall,95655,38.549228,-121.278598
Fire,2019-12-16,2019,12,Winter,95655,38.549228,-121.278598
Fire,2020-10-02,2020,10,Fall,95655,38.549228,-121.278598
Fire,2018-11-14,2018,11,Fall,95655,38.549228,-121.278598
Fire,2020-01-29,2020,1,Winter,95655,38.549228,-121.278598
Severe Storm,2019-02-15,2019,2,Winter,17701,41.345044,-76.857249
Severe Storm,2019-02-21,2019,2,Winter,17701,41.345044,-76.857249
Severe Storm,2019-03-19,2019,3,Spring,17701,41.345044,-76.857249
Severe Storm,2019-04-01,2019,4,Spring,17701,41.345044,-76.857249
Severe Storm,2021-05-17,2021,5,Spring,17701,41.345044,-76.857249
Severe Storm,2018-12-19,2018,12,Winter,19106,39.946649,-75.142232
Severe Storm,2019-03-01,2019,3,Spring,19106,39.946649,-75.142232
Severe Storm,2019-04-26,2019,4,Spring,19106,39.946649,-75.142232
Severe Storm,2019-08-13,2019,8,Summer,19106,39.946649,-75.142232
Severe Storm,2021-05-26,2021,5,Spring,19106,39.946649,-75.142232
Severe Storm,2021-10-21,2021,10,Fall,19106,39.946649,-75.142232
Severe Storm,2022-07-25,2022,7,Summer,19106,39.946649,-75.142232
Severe Storm,2023-01-27,2023,1,Winter,19106,39.946649,-75.142232
Severe Storm,2019-01-18,2019,1,Winter,17110,40.323487,-76.888179
Severe Storm,2019-03-28,2019,3,Spring,17110,40.323487,-76.888179
Severe Storm,2019-12-05,2019,12,Winter,17110,40.323487,-76.888179
Hurricane,2019-02-13,2019,2,Winter,27709,35.920066,-78.867067
Hurricane,2019-02-15,2019,2,Winter,27709,35.920066,-78.867067
Hurricane,2019-09-20,2019,9,Fall,27709,35.920066,-78.867067
Hurricane,2019-11-27,2019,11,Fall,27709,35.920066,-78.867067
Hurricane,2020-05-05,2020,5,Spring,27709,35.920066,-78.867067
Hurricane,2020-08-28,2020,8,Summer,27709,35.920066,-78.867067
Hurricane,2021-02-09,2021,2,Winter,27709,35.920066,-78.867067
Hurricane,2021-08-16,2021,8,Summer,27709,35.920066,-78.867067
Hurricane,2022-07-25,2022,7,Summer,27709,35.920066,-78.867067
Hurricane,2022-09-02,2022,9,Fall,27709,35.920066,-78.867067
Hurricane,2019-03-04,2019,3,Spring,27703,35.961286,-78.805228
Hurricane,2019-05-30,2019,5,Spring,27703,35.961286,-78.805228
Hurricane,2019-10-21,2019,10,Fall,27703,35.961286,-78.805228
Flood,2019-05-16,2019,5,Spring,56001,44.128169,-93.978991
Flood,2019-03-07,2019,3,Spring,78753,30.383591,-97.673349
Flood,2019-05-24,2019,5,Spring,78753,30.383591,-97.673349
Flood,2020-02-04,2020,2,Winter,78753,30.383591,-97.673349
Tornado,2019-03-07,2019,3,Spring,36832,32.582936,-85.585938
Tornado,2019-04-05,2019,4,Spring,36832,32.582936,-85.585938
Tornado,2020-07-01,2020,7,Summer,36832,32.582936,-85.585938
Flood,2019-04-01,2019,4,Spring,68524,40.906992,-96.787368
Flood,2019-04-27,2019,4,Spring,68524,40.906992,-96.787368
Flood,2019-07-22,2019,7,Summer,68524,40.906992,-96.787368
Flood,2020-01-03,2020,1,Winter,68524,40.906992,-96.787368
Flood,2019-03-23,2019,3,Spring,68524,40.906992,-96.787368
Flood,2019-03-27,2019,3,Spring,68524,40.906992,-96.787368
Flood,2019-03-29,2019,3,Spring,68524,40.906992,-96.787368
Flood,2019-05-03,2019,5,Spring,68524,40.906992,-96.787368
Flood,2019-07-22,2019,7,Summer,68524,40.906992,-96.787368
Flood,2020-02-27,2020,2,Winter,68524,40.906992,-96.787368
Flood,2019-04-15,2019,4,Spring,68504,40.854478,-96.660184
Flood,2019-04-27,2019,4,Spring,68504,40.854478,-96.660184
Flood,2019-08-12,2019,8,Summer,68504,40.854478,-96.660184
Flood,2019-11-06,2019,11,Fall,68504,40.854478,-96.660184
Flood,2020-02-10,2020,2,Winter,68504,40.854478,-96.660184
Flood,2020-05-26,2020,5,Spring,68504,40.854478,-96.660184
Flood,2021-02-18,2021,2,Winter,68504,40.854478,-96.660184
Flood,2021-10-25,2021,10,Fall,68504,40.854478,-96.660184
Flood,2019-04-27,2019,4,Spring,68521,40.861818,-96.714783
Flood,2019-05-02,2019,5,Spring,68521,40.861818,-96.714783
Flood,2019-05-16,2019,5,Spring,68521,40.861818,-96.714783
Flood,2019-10-08,2019,10,Fall,68521,40.861818,-96.714783
Flood,2020-03-04,2020,3,Spring,68521,40.861818,-96.714783
Flood,2020-05-28,2020,5,Spring,68521,40.861818,-96.714783
Flood,2019-04-01,2019,4,Spring,68524,40.906992,-96.787368
Flood,2019-04-23,2019,4,Spring,68524,40.906992,-96.787368
Flood,2019-05-28,2019,5,Spring,68524,40.906992,-96.787368
Flood,2020-02-03,2020,2,Winter,68524,40.906992,-96.787368
Flood,2019-06-17,2019,6,Summer,68521,40.861818,-96.714783
Flood,2020-02-03,2020,2,Winter,68521,40.861818,-96.714783
Flood,2019-05-16,2019,5,Spring,68521,40.861818,-96.714783
Flood,2020-11-10,2020,11,Fall,68521,40.861818,-96.714783
Flood,2021-11-30,2021,11,Fall,68521,40.861818,-96.714783
Flood,2019-03-24,2019,3,Spring,68524,40.906992,-96.787368
Flood,2019-04-02,2019,4,Spring,68524,40.906992,-96.787368
Flood,2019-04-25,2019,4,Spring,68524,40.906992,-96.787368
Flood,2019-05-28,2019,5,Spring,68524,40.906992,-96.787368
Flood,2020-12-02,2020,12,Winter,68524,40.906992,-96.787368
Flood,2020-12-17,2020,12,Winter,68524,40.906992,-96.787368
Flood,2019-03-31,2019,3,Spring,68524,40.906992,-96.787368
Flood,2019-04-24,2019,4,Spring,68524,40.906992,-96.787368
Flood,2020-10-01,2020,10,Fall,68524,40.906992,-96.787368
Flood,2019-04-16,2019,4,Spring,68521,40.861818,-96.714783
Flood,2019-05-29,2019,5,Spring,68521,40.861818,-96.714783
Flood,2019-07-25,2019,7,Summer,68521,40.861818,-96.714783
Flood,2019-08-14,2019,8,Summer,68521,40.861818,-96.714783
Flood,2020-12-02,2020,12,Winter,68521,40.861818,-96.714783
Flood,2019-03-25,2019,3,Spring,68521,40.861818,-96.714783
Flood,2019-04-16,2019,4,Spring,68521,40.861818,-96.714783
Flood,2019-04-25,2019,4,Spring,68521,40.861818,-96.714783
Flood,2019-07-29,2019,7,Summer,68521,40.861818,-96.714783
Flood,2019-08-28,2019,8,Summer,68521,40.861818,-96.714783
Flood,2019-09-17,2019,9,Fall,68521,40.861818,-96.714783
Flood,2019-12-30,2019,12,Winter,68521,40.861818,-96.714783
Flood,2020-01-16,2020,1,Winter,68521,40.861818,-96.714783
Flood,2020-03-19,2020,3,Spring,68521,40.861818,-96.714783
Flood,2020-06-12,2020,6,Summer,68516,40.735276,-96.64279
Flood,2021-02-17,2021,2,Winter,68516,40.735276,-96.64279
Flood,2019-03-25,2019,3,Spring,68524,40.906992,-96.787368
Flood,2019-04-22,2019,4,Spring,68524,40.906992,-96.787368
Flood,2019-05-16,2019,5,Spring,68524,40.906992,-96.787368
Flood,2019-05-28,2019,5,Spring,68524,40.906992,-96.787368
Flood,2019-08-14,2019,8,Summer,68524,40.906992,-96.787368
Flood,2019-11-18,2019,11,Fall,68521,40.861818,-96.714783
Flood,2020-02-25,2020,2,Winter,68521,40.861818,-96.714783
Flood,2021-01-05,2021,1,Winter,68521,40.861818,-96.714783
Flood,2019-04-05,2019,4,Spring,68504,40.854478,-96.660184
Flood,2019-07-22,2019,7,Summer,68504,40.854478,-96.660184
Flood,2019-08-08,2019,8,Summer,68504,40.854478,-96.660184
Flood,2019-09-30,2019,9,Fall,68504,40.854478,-96.660184
Flood,2020-02-27,2020,2,Winter,68504,40.854478,-96.660184
Flood,2019-04-01,2019,4,Spring,68524,40.906992,-96.787368
Flood,2019-04-17,2019,4,Spring,68524,40.906992,-96.787368
Flood,2019-05-02,2019,5,Spring,68524,40.906992,-96.787368
Flood,2020-11-10,2020,11,Fall,68524,40.906992,-96.787368
Flood,2019-03-24,2019,3,Spring,68524,40.906992,-96.787368
Flood,2019-03-27,2019,3,Spring,68524,40.906992,-96.787368
Flood,2020-02-27,2020,2,Winter,68524,40.906992,-96.787368
Flood,2019-03-27,2019,3,Spring,68524,40.906992,-96.787368
Flood,2019-05-06,2019,5,Spring,68524,40.906992,-96.787368
Flood,2019-07-30,2019,7,Summer,68524,40.906992,-96.787368
Flood,2020-02-27,2020,2,Winter,68524,40.906992,-96.787368
Flood,2019-03-30,2019,3,Spring,68524,40.906992,-96.787368
Flood,2019-07-30,2019,7,Summer,68524,40.906992,-96.787368
Flood,2020-02-27,2020,2,Winter,68524,40.906992,-96.787368
Flood,2019-05-17,2019,5,Spring,68521,40.861818,-96.714783
Flood,2019-06-25,2019,6,Summer,68521,40.861818,-96.714783
Flood,2020-10-07,2020,10,Fall,68521,40.861818,-96.714783
Flood,2019-05-09,2019,5,Spring,68521,40.861818,-96.714783
Flood,2019-06-28,2019,6,Summer,68521,40.861818,-96.714783
Flood,2020-02-27,2020,2,Winter,68521,40.861818,-96.714783
Flood,2019-05-13,2019,5,Spring,68521,40.861818,-96.714783
Flood,2019-06-27,2019,6,Summer,68521,40.861818,-96.714783
Flood,2019-09-16,2019,9,Fall,68521,40.861818,-96.714783
Flood,2019-11-22,2019,11,Fall,68521,40.861818,-96.714783
Flood,2019-03-30,2019,3,Spring,50324,41.604709,-93.712724
Flood,2019-04-30,2019,4,Spring,50324,41.604709,-93.712724
Flood,2019-06-06,2019,6,Summer,50324,41.604709,-93.712724
Flood,2019-07-02,2019,7,Summer,50324,41.604709,-93.712724
Flood,2020-03-17,2020,3,Spring,50324,41.604709,-93.712724
Flood,2020-05-28,2020,5,Spring,50324,41.604709,-93.712724
Flood,2019-04-03,2019,4,Spring,50324,41.604709,-93.712724
Flood,2020-05-28,2020,5,Spring,50324,41.604709,-93.712724
Flood,2019-05-17,2019,5,Spring,50324,41.604709,-93.712724
Flood,2019-06-05,2019,6,Summer,50324,41.604709,-93.712724
Flood,2019-07-02,2019,7,Summer,50324,41.604709,-93.712724
Flood,2020-05-28,2020,5,Spring,50324,41.604709,-93.712724
Flood,2019-04-02,2019,4,Spring,50324,41.604709,-93.712724
Flood,2019-05-02,2019,5,Spring,50324,41.604709,-93.712724
Flood,2020-10-26,2020,10,Fall,50324,41.604709,-93.712724
Flood,2019-04-20,2019,4,Spring,50324,41.604709,-93.712724
Flood,2019-05-17,2019,5,Spring,50324,41.604709,-93.712724
Flood,2019-07-25,2019,7,Summer,50324,41.604709,-93.712724
Flood,2019-09-25,2019,9,Fall,50324,41.604709,-93.712724
Flood,2019-12-11,2019,12,Winter,50324,41.604709,-93.712724
Flood,2020-02-07,2020,2,Winter,50324,41.604709,-93.712724
Flood,2020-04-24,2020,4,Spring,64131,38.959809,-94.571951
Flood,2021-02-18,2021,2,Winter,64131,38.959809,-94.571951
Flood,2019-05-08,2019,5,Spring,50324,41.604709,-93.712724
Flood,2019-06-21,2019,6,Summer,50324,41.604709,-93.712724
Flood,2020-10-26,2020,10,Fall,50324,41.604709,-93.712724
Flood,2019-06-25,2019,6,Summer,50325,41.613586,-93.799124
Flood,2020-07-23,2020,7,Summer,50325,41.613586,-93.799124
Flood,2019-03-25,2019,3,Spring,50131,41.696757,-93.720808
Flood,2019-04-09,2019,4,Spring,50131,41.696757,-93.720808
Flood,2019-04-23,2019,4,Spring,50131,41.696757,-93.720808
Flood,2020-12-03,2020,12,Winter,50131,41.696757,-93.720808
Flood,2019-05-02,2019,5,Spring,50324,41.604709,-93.712724
Flood,2020-10-01,2020,10,Fall,50324,41.604709,-93.712724
Flood,2019-03-29,2019,3,Spring,50324,41.604709,-93.712724
Flood,2019-04-18,2019,4,Spring,50324,41.604709,-93.712724
Flood,2019-05-29,2019,5,Spring,50324,41.604709,-93.712724
Flood,2020-10-21,2020,10,Fall,50324,41.604709,-93.712724
Flood,2019-03-24,2019,3,Spring,50324,41.604709,-93.712724
Flood,2019-05-01,2019,5,Spring,50324,41.604709,-93.712724
Flood,2019-09-10,2019,9,Fall,50324,41.604709,-93.712724
Flood,2020-01-15,2020,1,Winter,50324,41.604709,-93.712724
Flood,2021-01-05,2021,1,Winter,50324,41.604709,-93.712724
Flood,2019-04-15,2019,4,Spring,50324,41.604709,-93.712724
Flood,2019-08-21,2019,8,Summer,50324,41.604709,-93.712724
Flood,2019-03-29,2019,3,Spring,50131,41.696757,-93.720808
Flood,2019-04-19,2019,4,Spring,50131,41.696757,-93.720808
Flood,2021-02-18,2021,2,Winter,50131,41.696757,-93.720808
Flood,2019-03-27,2019,3,Spring,50324,41.604709,-93.712724
Flood,2019-08-21,2019,8,Summer,50324,41.604709,-93.712724
Flood,2019-05-08,2019,5,Spring,50324,41.604709,-93.712724
Flood,2019-05-13,2019,5,Spring,50324,41.604709,-93.712724
Flood,2019-09-11,2019,9,Fall,50324,41.604709,-93.712724
Flood,2019-09-23,2019,9,Fall,50324,41.604709,-93.712724
Flood,2019-04-19,2019,4,Spring,53718,43.097019,-89.274603
Flood,2019-08-16,2019,8,Summer,53718,43.097019,-89.274603
Flood,2019-11-13,2019,11,Fall,53718,43.097019,-89.274603
Flood,2020-04-16,2020,4,Spring,53718,43.097019,-89.274603
Flood,2019-04-09,2019,4,Spring,60605,41.867566,-87.617228
Flood,2019-07-10,2019,7,Summer,60605,41.867566,-87.617228
Flood,2021-05-27,2021,5,Spring,60605,41.867566,-87.617228
Flood,2021-08-03,2021,8,Summer,60605,41.867566,-87.617228
Flood,2021-08-10,2021,8,Summer,60605,41.867566,-87.617228
Flood,2021-08-20,2021,8,Summer,60605,41.867566,-87.617228
Flood,2019-05-22,2019,5,Spring,37217,36.108666,-86.656722
Flood,2019-06-27,2019,6,Summer,37217,36.108666,-86.656722
Flood,2021-02-18,2021,2,Winter,37217,36.108666,-86.656722
Flood,2019-04-24,2019,4,Spring,37204,36.106676,-86.774575
Flood,2019-04-26,2019,4,Spring,37204,36.106676,-86.774575
Flood,2020-08-17,2020,8,Summer,37204,36.106676,-86.774575
Flood,2022-01-25,2022,1,Winter,37204,36.106676,-86.774575
Flood,2022-07-25,2022,7,Summer,37204,36.106676,-86.774575
Severe Storm,2019-12-09,2019,12,Winter,40601,38.234919,-84.868786
Severe Storm,2020-11-03,2020,11,Fall,40601,38.234919,-84.868786
Severe Storm,2019-11-25,2019,11,Fall,40601,38.234919,-84.868786
Severe Storm,2019-12-09,2019,12,Winter,40601,38.234919,-84.868786
Severe Storm,2019-06-13,2019,6,Summer,94607,37.808842,-122.304697
Severe Storm,2019-10-04,2019,10,Fall,94607,37.808842,-122.304697
Severe Storm,2019-06-27,2019,6,Summer,97301,44.951839,-123.006246
Severe Storm,2019-09-20,2019,9,Fall,97301,44.951839,-123.006246
Severe Storm,2020-12-02,2020,12,Winter,97301,44.951839,-123.006246
Severe Storm,2019-08-29,2019,8,Summer,97477,44.058465,-123.011597
Severe Storm,2019-09-26,2019,9,Fall,97477,44.058465,-123.011597
Severe Storm,2020-11-25,2020,11,Fall,97477,44.058465,-123.011597
Severe Storm,2019-06-11,2019,6,Summer,97301,44.951839,-123.006246
Severe Storm,2019-09-20,2019,9,Fall,97301,44.951839,-123.006246
Severe Storm,2020-05-04,2020,5,Spring,97301,44.951839,-123.006246
Flood,2019-06-07,2019,6,Summer,64101,39.103468,-94.60061
Flood,2019-07-02,2019,7,Summer,64101,39.103468,-94.60061
Flood,2020-10-14,2020,10,Fall,64101,39.103468,-94.60061
Flood,2019-06-07,2019,6,Summer,64482,40.447478,-95.556291
Flood,2019-06-29,2019,6,Summer,64470,40.173356,-95.226671
Flood,2020-10-14,2020,10,Fall,64470,40.173356,-95.226671
Flood,2019-05-24,2019,5,Spring,64131,38.959809,-94.571951
Flood,2021-01-05,2021,1,Winter,64131,38.959809,-94.571951
Severe Storm,2019-06-04,2019,6,Summer,76209,33.2315,-97.109986
Severe Storm,2019-07-03,2019,7,Summer,76209,33.2315,-97.109986
Severe Storm,2019-06-21,2019,6,Summer,73132,35.543835,-97.63894
Severe Storm,2019-07-30,2019,7,Summer,73132,35.543835,-97.63894
Severe Storm,2020-11-17,2020,11,Fall,73132,35.543835,-97.63894
Severe Storm,2019-06-21,2019,6,Summer,73132,35.543835,-97.63894
Severe Storm,2019-07-10,2019,7,Summer,73132,35.543835,-97.63894
Severe Storm,2020-07-10,2020,7,Summer,73132,35.543835,-97.63894
Severe Storm,2019-08-29,2019,8,Summer,73132,35.543835,-97.63894
Severe Storm,2019-11-06,2019,11,Fall,73132,35.543835,-97.63894
Severe Storm,2020-03-04,2020,3,Spring,73132,35.543835,-97.63894
Severe Storm,2021-03-05,2021,3,Spring,73132,35.543835,-97.63894
Severe Storm,2019-06-04,2019,6,Summer,76209,33.2315,-97.109986
Severe Storm,2020-12-01,2020,12,Winter,76209,33.2315,-97.109986
Severe Storm,2019-06-04,2019,6,Summer,76209,33.2315,-97.109986
Severe Storm,2020-07-09,2020,7,Summer,76209,33.2315,-97.109986
Severe Storm,2019-06-07,2019,6,Summer,73132,35.543835,-97.63894
Severe Storm,2019-06-04,2019,6,Summer,76209,33.2315,-97.109986
Severe Storm,2019-07-05,2019,7,Summer,73132,35.543835,-97.63894
Severe Storm,2019-09-09,2019,9,Fall,73132,35.543835,-97.63894
Severe Storm,2020-01-10,2020,1,Winter,73132,35.543835,-97.63894
Severe Storm,2020-02-28,2020,2,Winter,73132,35.543835,-97.63894
Severe Storm,2020-05-29,2020,5,Spring,73132,35.543835,-97.63894
Severe Storm,2020-08-25,2020,8,Summer,73132,35.543835,-97.63894
Severe Storm,2019-06-10,2019,6,Summer,73116,35.546701,-97.564592
Severe Storm,2019-06-21,2019,6,Summer,73116,35.546701,-97.564592
Severe Storm,2020-07-09,2020,7,Summer,73116,35.546701,-97.564592
Severe Storm,2019-11-27,2019,11,Fall,70802,30.445471,-91.17527
Severe Storm,2021-01-13,2021,1,Winter,70802,30.445471,-91.17527
Flood,2019-06-25,2019,6,Summer,57106,43.508679,-96.835936
Flood,2019-07-05,2019,7,Summer,57106,43.508679,-96.835936
Flood,2019-08-05,2019,8,Summer,57106,43.508679,-96.835936
Flood,2019-10-29,2019,10,Fall,57106,43.508679,-96.835936
Flood,2020-09-30,2020,9,Fall,57106,43.508679,-96.835936
Flood,2019-06-09,2019,6,Summer,57532,44.364929,-100.565604
Flood,2020-04-17,2020,4,Spring,57106,43.508679,-96.835936
Flood,2020-06-29,2020,6,Summer,57106,43.508679,-96.835936
Flood,2021-12-16,2021,12,Winter,57106,43.508679,-96.835936
Flood,2019-08-03,2019,8,Summer,57106,43.508679,-96.835936
Flood,2019-10-21,2019,10,Fall,57106,43.508679,-96.835936
Flood,2020-01-21,2020,1,Winter,57106,43.508679,-96.835936
Flood,2020-06-08,2020,6,Summer,57106,43.508679,-96.835936
Flood,2019-07-23,2019,7,Summer,72201,34.747026,-92.280938
Flood,2021-03-05,2021,3,Spring,72201,34.747026,-92.280938
Flood,2019-06-11,2019,6,Summer,76209,33.2315,-97.109986
Flood,2019-10-03,2019,10,Fall,76209,33.2315,-97.109986
Flood,2019-06-13,2019,6,Summer,72118,34.840468,-92.326035
Flood,2019-10-02,2019,10,Fall,72118,34.840468,-92.326035
Flood,2019-10-29,2019,10,Fall,72118,34.840468,-92.326035
Flood,2019-06-11,2019,6,Summer,76209,33.2315,-97.109986
Flood,2019-06-15,2019,6,Summer,76209,33.2315,-97.109986
Flood,2019-06-19,2019,6,Summer,76209,33.2315,-97.109986
Flood,2019-08-09,2019,8,Summer,76209,33.2315,-97.109986
Flood,2019-09-30,2019,9,Fall,76209,33.2315,-97.109986
Flood,2020-11-19,2020,11,Fall,76209,33.2315,-97.109986
Flood,2019-06-28,2019,6,Summer,72202,34.73813,-92.247251
Flood,2019-10-02,2019,10,Fall,72202,34.73813,-92.247251
Flood,2019-12-23,2019,12,Winter,72202,34.73813,-92.247251
Flood,2020-04-07,2020,4,Spring,72202,34.73813,-92.247251
Flood,2019-06-11,2019,6,Summer,73116,35.546701,-97.564592
Flood,2020-07-09,2020,7,Summer,73116,35.546701,-97.564592
Flood,2019-06-28,2019,6,Summer,55425,44.851169,-93.22608
Flood,2021-05-27,2021,5,Spring,55425,44.851169,-93.22608
Flood,2022-08-25,2022,8,Summer,55425,44.851169,-93.22608
Flood,2019-07-09,2019,7,Summer,05495,44.429166,-73.09631
Flood,2019-08-28,2019,8,Summer,05495,44.429166,-73.09631
Flood,2019-11-08,2019,11,Fall,05495,44.429166,-73.09631
Flood,2020-02-26,2020,2,Winter,05495,44.429166,-73.09631
Flood,2020-03-16,2020,3,Spring,05495,44.429166,-73.09631
Flood,2021-11-19,2021,11,Fall,05495,44.429166,-73.09631
Flood,2019-06-20,2019,6,Summer,01754,42.425955,-71.456256
Flood,2020-12-10,2020,12,Winter,01754,42.425955,-71.456256
Flood,2020-12-29,2020,12,Winter,01754,42.425955,-71.456256
Flood,2020-05-01,2020,5,Spring,02038,42.084858,-71.410571
Flood,2020-05-05,2020,5,Spring,02038,42.084858,-71.410571
Flood,2020-05-05,2020,5,Spring,02038,42.084858,-71.410571
Flood,2020-12-29,2020,12,Winter,02038,42.084858,-71.410571
Flood,2022-07-22,2022,7,Summer,02038,42.084858,-71.410571
Flood,2019-07-30,2019,7,Summer,68504,40.854478,-96.660184
Flood,2019-11-13,2019,11,Fall,68504,40.854478,-96.660184
Flood,2020-01-13,2020,1,Winter,68504,40.854478,-96.660184
Flood,2020-05-29,2020,5,Spring,68504,40.854478,-96.660184
Tornado,2019-08-16,2019,8,Summer,43215,39.966856,-83.01296
Tornado,2019-12-03,2019,12,Winter,43215,39.966856,-83.01296
Tornado,2020-04-16,2020,4,Spring,43215,39.966856,-83.01296
Tornado,2020-07-10,2020,7,Summer,43215,39.966856,-83.01296
Tornado,2020-10-19,2020,10,Fall,43215,39.966856,-83.01296
Tornado,2019-07-24,2019,7,Summer,45433,39.822834,-84.048504
Tornado,2019-09-19,2019,9,Fall,45433,39.822834,-84.048504
Tornado,2019-10-17,2019,10,Fall,45433,39.822834,-84.048504
Tornado,2019-11-26,2019,11,Fall,45433,39.822834,-84.048504
Severe Storm,2019-10-12,2019,10,Fall,65101,38.49743,-92.133196
Severe Storm,2020-01-07,2020,1,Winter,65101,38.49743,-92.133196
Severe Storm,2020-07-21,2020,7,Summer,65101,38.49743,-92.133196
Severe Storm,2019-10-10,2019,10,Fall,65101,38.49743,-92.133196
Severe Storm,2019-11-22,2019,11,Fall,65101,38.49743,-92.133196
Severe Storm,2019-12-02,2019,12,Winter,65101,38.49743,-92.133196
Severe Storm,2020-01-13,2020,1,Winter,65101,38.49743,-92.133196
Severe Storm,2020-02-20,2020,2,Winter,65101,38.49743,-92.133196
Severe Storm,2021-04-28,2021,4,Spring,65101,38.49743,-92.133196
Severe Storm,2019-10-10,2019,10,Fall,65101,38.49743,-92.133196
Severe Storm,2020-01-06,2020,1,Winter,65101,38.49743,-92.133196
Severe Storm,2020-01-13,2020,1,Winter,65101,38.49743,-92.133196
Severe Storm,2021-08-10,2021,8,Summer,65101,38.49743,-92.133196
Severe Storm,2021-11-16,2021,11,Fall,65101,38.49743,-92.133196
Severe Storm,2019-10-10,2019,10,Fall,65101,38.49743,-92.133196
Severe Storm,2020-01-06,2020,1,Winter,65101,38.49743,-92.133196
Severe Storm,2020-02-25,2020,2,Winter,65101,38.49743,-92.133196
Severe Storm,2021-12-01,2021,12,Winter,65101,38.49743,-92.133196
Severe Storm,2022-11-22,2022,11,Fall,65101,38.49743,-92.133196
Severe Storm,2023-03-09,2023,3,Spring,65101,38.49743,-92.133196
Severe Storm,2019-10-02,2019,10,Fall,65101,38.49743,-92.133196
Severe Storm,2019-11-07,2019,11,Fall,65101,38.49743,-92.133196
Severe Storm,2020-10-01,2020,10,Fall,65101,38.49743,-92.133196
Severe Storm,2019-10-10,2019,10,Fall,64482,40.447478,-95.556291
Severe Storm,2019-11-07,2019,11,Fall,64482,40.447478,-95.556291
Severe Storm,2020-10-02,2020,10,Fall,64482,40.447478,-95.556291
Severe Storm,2019-07-18,2019,7,Summer,64131,38.959809,-94.571951
Severe Storm,2019-08-16,2019,8,Summer,65101,38.49743,-92.133196
Severe Storm,2019-10-01,2019,10,Fall,65101,38.49743,-92.133196
Severe Storm,2019-11-08,2019,11,Fall,65101,38.49743,-92.133196
Severe Storm,2020-02-20,2020,2,Winter,65101,38.49743,-92.133196
Severe Storm,2020-04-17,2020,4,Spring,65101,38.49743,-92.133196
Severe Storm,2021-02-17,2021,2,Winter,65101,38.49743,-92.133196
Severe Storm,2019-07-18,2019,7,Summer,64131,38.959809,-94.571951
Severe Storm,2019-09-10,2019,9,Fall,64131,38.959809,-94.571951
Severe Storm,2020-02-25,2020,2,Winter,64131,38.959809,-94.571951
Severe Storm,2020-04-10,2020,4,Spring,65101,38.49743,-92.133196
Severe Storm,2021-02-18,2021,2,Winter,65101,38.49743,-92.133196
Severe Storm,2021-08-10,2021,8,Summer,65101,38.49743,-92.133196
Severe Storm,2022-05-11,2022,5,Spring,65101,38.49743,-92.133196
Severe Storm,2019-10-10,2019,10,Fall,65101,38.49743,-92.133196
Severe Storm,2020-01-07,2020,1,Winter,65101,38.49743,-92.133196
Severe Storm,2020-02-24,2020,2,Winter,65101,38.49743,-92.133196
Severe Storm,2020-07-21,2020,7,Summer,65101,38.49743,-92.133196
Severe Storm,2020-10-15,2020,10,Fall,65101,38.49743,-92.133196
Flood,2019-08-23,2019,8,Summer,97838,45.850974,-119.287822
Flood,2019-09-20,2019,9,Fall,97838,45.850974,-119.287822
Flood,2019-10-17,2019,10,Fall,97838,45.850974,-119.287822
Flood,2020-11-25,2020,11,Fall,97838,45.850974,-119.287822
Flood,2019-10-07,2019,10,Fall,54952,44.202041,-88.339418
Flood,2019-12-03,2019,12,Winter,54952,44.202041,-88.339418
Flood,2020-01-10,2020,1,Winter,54952,44.202041,-88.339418
Flood,2020-06-25,2020,6,Summer,54952,44.202041,-88.339418
Flood,2020-10-19,2020,10,Fall,54952,44.202041,-88.339418
Flood,2019-10-22,2019,10,Fall,54952,44.202041,-88.339418
Flood,2019-12-03,2019,12,Winter,54952,44.202041,-88.339418
Flood,2020-01-10,2020,1,Winter,54952,44.202041,-88.339418
Flood,2020-05-13,2020,5,Spring,54952,44.202041,-88.339418
Flood,2020-10-22,2020,10,Fall,54952,44.202041,-88.339418
Flood,2019-09-24,2019,9,Fall,60605,41.867566,-87.617228
Flood,2020-12-10,2020,12,Winter,60605,41.867566,-87.617228
Flood,2022-10-28,2022,10,Fall,60605,41.867566,-87.617228
Hurricane,2020-03-23,2020,3,Spring,27560,35.8576,-78.827114
Hurricane,2020-07-16,2020,7,Summer,27560,35.8576,-78.827114
Hurricane,2020-03-23,2020,3,Spring,27607,35.817784,-78.727509
Hurricane,2020-09-03,2020,9,Fall,27607,35.817784,-78.727509
Hurricane,2019-10-18,2019,10,Fall,27709,35.920066,-78.867067
Hurricane,2020-03-25,2020,3,Spring,27709,35.920066,-78.867067
Hurricane,2020-07-15,2020,7,Summer,27709,35.920066,-78.867067
Hurricane,2020-09-29,2020,9,Fall,27709,35.920066,-78.867067
Hurricane,2021-01-07,2021,1,Winter,27607,35.817784,-78.727509
Hurricane,2021-03-25,2021,3,Spring,27607,35.817784,-78.727509
Hurricane,2021-06-29,2021,6,Summer,27607,35.817784,-78.727509
Hurricane,2021-06-29,2021,6,Summer,27607,35.817784,-78.727509
Hurricane,2021-08-25,2021,8,Summer,27607,35.817784,-78.727509
Hurricane,2021-10-06,2021,10,Fall,27607,35.817784,-78.727509
Hurricane,2021-11-17,2021,11,Fall,27607,35.817784,-78.727509
Hurricane,2020-03-23,2020,3,Spring,32306,30.442319,-84.294482
Hurricane,2020-12-08,2020,12,Winter,32306,30.442319,-84.294482
Hurricane,2021-05-05,2021,5,Spring,32306,30.442319,-84.294482
Hurricane,2021-05-13,2021,5,Spring,32306,30.442319,-84.294482
Severe Storm,2020-06-05,2020,6,Summer,03820,43.18636,-70.883623
Severe Storm,2020-09-29,2020,9,Fall,03820,43.18636,-70.883623
Severe Storm,2021-03-04,2021,3,Spring,03820,43.18636,-70.883623
Severe Storm,2022-03-22,2022,3,Spring,03820,43.18636,-70.883623
Severe Storm,2020-05-22,2020,5,Spring,02038,42.084858,-71.410571
Severe Storm,2020-05-26,2020,5,Spring,02038,42.084858,-71.410571
Severe Storm,2020-12-29,2020,12,Winter,02038,42.084858,-71.410571
Severe Storm,2022-08-25,2022,8,Summer,02038,42.084858,-71.410571
Severe Storm,2022-09-21,2022,9,Fall,02038,42.084858,-71.410571
Tornado,2020-03-13,2020,3,Spring,37211,36.067017,-86.723419
Tornado,2020-04-16,2020,4,Spring,37211,36.067017,-86.723419
Tornado,2020-04-29,2020,4,Spring,37211,36.067017,-86.723419
Tornado,2021-02-19,2021,2,Winter,37211,36.067017,-86.723419
Biological,2020-03-28,2020,3,Spring,10017,40.752387,-73.972678
Biological,2020-03-29,2020,3,Spring,10017,40.752387,-73.972678
Biological,2020-03-29,2020,3,Spring,10017,40.752387,-73.972678
Biological,2020-04-08,2020,4,Spring,10017,40.752387,-73.972678
Biological,2021-02-11,2021,2,Winter,07722,40.287799,-74.166807
Biological,2021-02-15,2021,2,Winter,07722,40.287799,-74.166807
Biological,2021-02-15,2021,2,Winter,07722,40.287799,-74.166807
Biological,2021-03-22,2021,3,Spring,07722,40.287799,-74.166807
Biological,2021-04-24,2021,4,Spring,07722,40.287799,-74.166807
Biological,2021-05-15,2021,5,Spring,07722,40.287799,-74.166807
Biological,2021-11-23,2021,11,Fall,07722,40.287799,-74.166807
Biological,2022-03-01,2022,3,Spring,07722,40.287799,-74.166807
Biological,2022-05-13,2022,5,Spring,07722,40.287799,-74.166807
Biological,2023-02-09,2023,2,Winter,07722,40.287799,-74.166807
Biological,2023-05-05,2023,5,Spring,07722,40.287799,-74.166807
Biological,2021-04-15,2021,4,Spring,07722,40.287799,-74.166807
Biological,2021-11-18,2021,11,Fall,07722,40.287799,-74.166807
Biological,2022-05-13,2022,5,Spring,07722,40.287799,-74.166807
Biological,2023-02-09,2023,2,Winter,07722,40.287799,-74.166807
Biological,2023-05-05,2023,5,Spring,07722,40.287799,-74.166807
Biological,2023-08-08,2023,8,Summer,07722,40.287799,-74.166807
Biological,2020-03-22,2020,3,Spring,10001,40.750649,-73.997298
Biological,2020-03-27,2020,3,Spring,10001,40.750649,-73.997298
Biological,2020-04-20,2020,4,Spring,10001,40.750649,-73.997298
Biological,2020-06-23,2020,6,Summer,10001,40.750649,-73.997298
Biological,2020-11-12,2020,11,Fall,10001,40.750649,-73.997298
Biological,2021-03-10,2021,3,Spring,10001,40.750649,-73.997298
Biological,2021-03-28,2021,3,Spring,10001,40.750649,-73.997298
Biological,2021-06-15,2021,6,Summer,10001,40.750649,-73.997298
Biological,2021-07-01,2021,7,Summer,10001,40.750649,-73.997298
Biological,2022-05-13,2022,5,Spring,10001,40.750649,-73.997298
Biological,2021-03-12,2021,3,Spring,07722,40.287799,-74.166807
Biological,2021-03-21,2021,3,Spring,07722,40.287799,-74.166807
Biological,2021-05-20,2021,5,Spring,07722,40.287799,-74.166807
Biological,2021-07-22,2021,7,Summer,07722,40.287799,-74.166807
Biological,2021-08-06,2021,8,Summer,07722,40.287799,-74.166807
Biological,2021-05-07,2021,5,Spring,07722,40.287799,-74.166807
Biological,2021-07-22,2021,7,Summer,07722,40.287799,-74.166807
Biological,2021-03-16,2021,3,Spring,07722,40.287799,-74.166807
Biological,2022-02-22,2022,2,Winter,07722,40.287799,-74.166807
Biological,2021-02-17,2021,2,Winter,07722,40.287799,-74.166807
Biological,2021-02-24,2021,2,Winter,07722,40.287799,-74.166807
Biological,2021-03-05,2021,3,Spring,12020,43.001663,-73.870089
Biological,2021-03-25,2021,3,Spring,12020,43.001663,-73.870089
Biological,2022-03-08,2022,3,Spring,12020,43.001663,-73.870089
Biological,2021-04-06,2021,4,Spring,07722,40.287799,-74.166807
Biological,2020-03-23,2020,3,Spring,10001,40.750649,-73.997298
Biological,2020-04-03,2020,4,Spring,10001,40.750649,-73.997298
Biological,2020-03-24,2020,3,Spring,10016,40.745182,-73.978053
Biological,2020-04-07,2020,4,Spring,10016,40.745182,-73.978053
Biological,2020-03-25,2020,3,Spring,10007,40.713868,-74.007866
Biological,2020-08-18,2020,8,Summer,10007,40.713868,-74.007866
Biological,2020-04-01,2020,4,Spring,10016,40.745182,-73.978053
Biological,2020-04-15,2020,4,Spring,10016,40.745182,-73.978053
Biological,2020-04-20,2020,4,Spring,10016,40.745182,-73.978053
Biological,2021-03-29,2021,3,Spring,10016,40.745182,-73.978053
Biological,2021-05-15,2021,5,Spring,10016,40.745182,-73.978053
Biological,2020-03-31,2020,3,Spring,10001,40.750649,-73.997298
Biological,2020-04-06,2020,4,Spring,10001,40.750649,-73.997298
Biological,2020-04-02,2020,4,Spring,10001,40.750649,-73.997298
Biological,2020-04-06,2020,4,Spring,10001,40.750649,-73.997298
Biological,2020-04-16,2020,4,Spring,10001,40.750649,-73.997298
Biological,2020-05-06,2020,5,Spring,10001,40.750649,-73.997298
Biological,2020-04-04,2020,4,Spring,08641,40.027985,-74.587819
Biological,2020-05-04,2020,5,Spring,08641,40.027985,-74.587819
Biological,2020-10-02,2020,10,Fall,08641,40.027985,-74.587819
Biological,2021-03-29,2021,3,Spring,08641,40.027985,-74.587819
Biological,2021-06-27,2021,6,Summer,08641,40.027985,-74.587819
Biological,2021-09-14,2021,9,Fall,08641,40.027985,-74.587819
Biological,2021-11-23,2021,11,Fall,08641,40.027985,-74.587819
Biological,2022-11-03,2022,11,Fall,08641,40.027985,-74.587819
Biological,2022-12-12,2022,12,Winter,08641,40.027985,-74.587819
Biological,2022-12-19,2022,12,Winter,08641,40.027985,-74.587819
Biological,2020-04-04,2020,4,Spring,10001,40.750649,-73.997298
Biological,2020-05-04,2020,5,Spring,10001,40.750649,-73.997298
Biological,2020-08-14,2020,8,Summer,10001,40.750649,-73.997298
Biological,2020-08-20,2020,8,Summer,10001,40.750649,-73.997298
Biological,2021-03-29,2021,3,Spring,10001,40.750649,-73.997298
Biological,2021-05-15,2021,5,Spring,10001,40.750649,-73.997298
Biological,2022-05-13,2022,5,Spring,10001,40.750649,-73.997298
Biological,2020-04-04,2020,4,Spring,10001,40.750649,-73.997298
Biological,2020-04-10,2020,4,Spring,10001,40.750649,-73.997298
Biological,2020-04-23,2020,4,Spring,10001,40.750649,-73.997298
Biological,2020-12-01,2020,12,Winter,10001,40.750649,-73.997298
Biological,2021-03-29,2021,3,Spring,10001,40.750649,-73.997298
Biological,2021-05-15,2021,5,Spring,10001,40.750649,-73.997298
Biological,2021-09-14,2021,9,Fall,10001,40.750649,-73.997298
Biological,2021-11-23,2021,11,Fall,10001,40.750649,-73.997298
Biological,2022-05-13,2022,5,Spring,10001,40.750649,-73.997298
Biological,2023-09-11,2023,9,Fall,10001,40.750649,-73.997298
Biological,2020-04-04,2020,4,Spring,08641,40.027985,-74.587819
Biological,2020-08-14,2020,8,Summer,08641,40.027985,-74.587819
Biological,2021-03-29,2021,3,Spring,08641,40.027985,-74.587819
Biological,2021-08-09,2021,8,Summer,08641,40.027985,-74.587819
Biological,2022-05-13,2022,5,Spring,08641,40.027985,-74.587819
Biological,2020-05-04,2020,5,Spring,10001,40.750649,-73.997298
Biological,2020-08-14,2020,8,Summer,10001,40.750649,-73.997298
Biological,2021-03-21,2021,3,Spring,10001,40.750649,-73.997298
Biological,2021-03-29,2021,3,Spring,10001,40.750649,-73.997298
Biological,2020-08-06,2020,8,Summer,10007,40.713868,-74.007866
Biological,2021-03-29,2021,3,Spring,10007,40.713868,-74.007866
Biological,2021-06-27,2021,6,Summer,10007,40.713868,-74.007866
Biological,2021-08-09,2021,8,Summer,10007,40.713868,-74.007866
Biological,2022-05-12,2022,5,Spring,10007,40.713868,-74.007866
Biological,2020-05-02,2020,5,Spring,12205,42.718696,-73.824087
Biological,2020-05-08,2020,5,Spring,12205,42.718696,-73.824087
Biological,2021-02-17,2021,2,Winter,12207,42.655489,-73.747618
Biological,2021-04-24,2021,4,Spring,12207,42.655489,-73.747618
Biological,2021-09-14,2021,9,Fall,12207,42.655489,-73.747618
Biological,2021-12-14,2021,12,Winter,12207,42.655489,-73.747618
Biological,2022-11-23,2022,11,Fall,12207,42.655489,-73.747618
Biological,2021-04-19,2021,4,Spring,12207,42.655489,-73.747618
Biological,2021-09-14,2021,9,Fall,12207,42.655489,-73.747618
Biological,2022-02-22,2022,2,Winter,12207,42.655489,-73.747618
Biological,2022-06-29,2022,6,Summer,12207,42.655489,-73.747618
Biological,2021-12-30,2021,12,Winter,14215,42.934545,-78.810223
Biological,2022-01-13,2022,1,Winter,12207,42.655489,-73.747618
Biological,2022-02-22,2022,2,Winter,12207,42.655489,-73.747618
Biological,2022-08-11,2022,8,Summer,12207,42.655489,-73.747618
Biological,2021-04-20,2021,4,Spring,14621,43.189939,-77.603649
Biological,2021-12-16,2021,12,Winter,14621,43.189939,-77.603649
Biological,2022-05-13,2022,5,Spring,14621,43.189939,-77.603649
Biological,2022-12-08,2022,12,Winter,14621,43.189939,-77.603649
Biological,2020-03-21,2020,3,Spring,10001,40.750649,-73.997298
Biological,2020-04-26,2020,4,Spring,10001,40.750649,-73.997298
Biological,2021-03-28,2021,3,Spring,10001,40.750649,-73.997298
Biological,2022-07-21,2022,7,Summer,10001,40.750649,-73.997298
Biological,2020-03-23,2020,3,Spring,12226,42.679296,-73.80987
Biological,2020-04-10,2020,4,Spring,12226,42.679296,-73.80987
Biological,2021-03-29,2021,3,Spring,12226,42.679296,-73.80987
Biological,2021-06-18,2021,6,Summer,12226,42.679296,-73.80987
Biological,2021-09-15,2021,9,Fall,12226,42.679296,-73.80987
Biological,2020-03-24,2020,3,Spring,10016,40.745182,-73.978053
Biological,2020-04-18,2020,4,Spring,10016,40.745182,-73.978053
Biological,2020-03-31,2020,3,Spring,10016,40.745182,-73.978053
Biological,2020-04-22,2020,4,Spring,10016,40.745182,-73.978053
Biological,2021-03-29,2021,3,Spring,10016,40.745182,-73.978053
Biological,2022-07-11,2022,7,Summer,10016,40.745182,-73.978053
Biological,2021-02-20,2021,2,Winter,07722,40.287799,-74.166807
Biological,2022-07-21,2022,7,Summer,07722,40.287799,-74.166807
Biological,2020-04-24,2020,4,Spring,11234,40.607723,-73.910649
Biological,2020-06-10,2020,6,Summer,11234,40.607723,-73.910649
Biological,2021-12-28,2021,12,Winter,12207,42.655489,-73.747618
Biological,2022-01-25,2022,1,Winter,12207,42.655489,-73.747618
Biological,2022-08-11,2022,8,Summer,12207,42.655489,-73.747618
Biological,2022-01-06,2022,1,Winter,12207,42.655489,-73.747618
Biological,2022-01-19,2022,1,Winter,12207,42.655489,-73.747618
Biological,2023-02-09,2023,2,Winter,12207,42.655489,-73.747618
Biological,2022-01-20,2022,1,Winter,76018,32.662289,-97.090382
Biological,2022-01-25,2022,1,Winter,76018,32.662289,-97.090382
Biological,2022-01-26,2022,1,Winter,76018,32.662289,-97.090382
Biological,2022-01-26,2022,1,Winter,76018,32.662289,-97.090382
Biological,2022-02-08,2022,2,Winter,76018,32.662289,-97.090382
Biological,2021-12-30,2021,12,Winter,12207,42.655489,-73.747618
Biological,2022-01-06,2022,1,Winter,12207,42.655489,-73.747618
Biological,2020-03-27,2020,3,Spring,11201,40.6937,-73.989859
Biological,2020-06-06,2020,6,Summer,11201,40.6937,-73.989859
Biological,2021-03-29,2021,3,Spring,11201,40.6937,-73.989859
Biological,2021-06-22,2021,6,Summer,11201,40.6937,-73.989859
Biological,2022-08-25,2022,8,Summer,11201,40.6937,-73.989859
Biological,2020-03-27,2020,3,Spring,10001,40.750649,-73.997298
Biological,2021-03-29,2021,3,Spring,10001,40.750649,-73.997298
Biological,2021-06-22,2021,6,Summer,10001,40.750649,-73.997298
Biological,2021-02-26,2021,2,Winter,10701,40.946966,-73.88042
Biological,2021-05-21,2021,5,Spring,10701,40.946966,-73.88042
Biological,2021-12-16,2021,12,Winter,10701,40.946966,-73.88042
Biological,2020-03-22,2020,3,Spring,98021,47.792571,-122.208429
Biological,2020-03-25,2020,3,Spring,98021,47.792571,-122.208429
Biological,2020-03-22,2020,3,Spring,98021,47.792571,-122.208429
Biological,2020-03-25,2020,3,Spring,98021,47.792571,-122.208429
Biological,2020-03-23,2020,3,Spring,98021,47.792571,-122.208429
Biological,2020-03-25,2020,3,Spring,98021,47.792571,-122.208429
Biological,2020-03-22,2020,3,Spring,98021,47.792571,-122.208429
Biological,2020-04-18,2020,4,Spring,98021,47.792571,-122.208429
Biological,2020-05-29,2020,5,Spring,98021,47.792571,-122.208429
Biological,2020-06-26,2020,6,Summer,98021,47.792571,-122.208429
Biological,2021-05-06,2021,5,Spring,98021,47.792571,-122.208429
Biological,2020-11-28,2020,11,Fall,98516,47.098919,-122.785426
Biological,2020-12-01,2020,12,Winter,98516,47.098919,-122.785426
Biological,2021-04-03,2021,4,Spring,98516,47.098919,-122.785426
Biological,2021-10-28,2021,10,Fall,98516,47.098919,-122.785426
Biological,2020-03-22,2020,3,Spring,98021,47.792571,-122.208429
Biological,2020-03-24,2020,3,Spring,98021,47.792571,-122.208429
Biological,2020-03-23,2020,3,Spring,98433,47.092304,-122.608054
Biological,2020-04-13,2020,4,Spring,98433,47.092304,-122.608054
Biological,2020-03-23,2020,3,Spring,98433,47.092304,-122.608054
Biological,2020-04-13,2020,4,Spring,98433,47.092304,-122.608054
Biological,2021-03-17,2021,3,Spring,98433,47.092304,-122.608054
Biological,2021-04-03,2021,4,Spring,98433,47.092304,-122.608054
Biological,2020-03-22,2020,3,Spring,98433,47.092304,-122.608054
Biological,2020-04-15,2020,4,Spring,98433,47.092304,-122.608054
Biological,2021-03-04,2021,3,Spring,98433,47.092304,-122.608054
Biological,2020-07-02,2020,7,Summer,98021,47.792571,-122.208429
Biological,2020-09-13,2020,9,Fall,98021,47.792571,-122.208429
Biological,2021-03-16,2021,3,Spring,98021,47.792571,-122.208429
Biological,2021-03-19,2021,3,Spring,98901,46.6652,-120.338543
Biological,2021-03-25,2021,3,Spring,98901,46.6652,-120.338543
Biological,2021-03-25,2021,3,Spring,98901,46.6652,-120.338543
Biological,2021-06-10,2021,6,Summer,98901,46.6652,-120.338543
Biological,2021-11-01,2021,11,Fall,98901,46.6652,-120.338543
Biological,2022-01-31,2022,1,Winter,98901,46.6652,-120.338543
Biological,2022-09-27,2022,9,Fall,98901,46.6652,-120.338543
Biological,2022-12-08,2022,12,Winter,98901,46.6652,-120.338543
Biological,2021-04-14,2021,4,Spring,98901,46.6652,-120.338543
Biological,2021-08-25,2021,8,Summer,98901,46.6652,-120.338543
Biological,2021-11-01,2021,11,Fall,98901,46.6652,-120.338543
Biological,2022-04-21,2022,4,Spring,98901,46.6652,-120.338543
Biological,2022-09-16,2022,9,Fall,98901,46.6652,-120.338543
Biological,2023-06-21,2023,6,Summer,98901,46.6652,-120.338543
Biological,2023-07-25,2023,7,Summer,98901,46.6652,-120.338543
Biological,2021-10-10,2021,10,Fall,99204,47.647242,-117.426704
Biological,2021-10-15,2021,10,Fall,98801,47.431512,-120.345038
Biological,2022-04-25,2022,4,Spring,98801,47.431512,-120.345038
Biological,2022-01-11,2022,1,Winter,98021,47.792571,-122.208429
Biological,2022-03-02,2022,3,Spring,98021,47.792571,-122.208429
Biological,2022-07-18,2022,7,Summer,98021,47.792571,-122.208429
Biological,2020-03-22,2020,3,Spring,98021,47.792571,-122.208429
Biological,2020-03-24,2020,3,Spring,98021,47.792571,-122.208429
Biological,2021-04-15,2021,4,Spring,98901,46.6652,-120.338543
Biological,2021-05-20,2021,5,Spring,98901,46.6652,-120.338543
Biological,2021-10-20,2021,10,Fall,98901,46.6652,-120.338543
Biological,2020-03-22,2020,3,Spring,98021,47.792571,-122.208429
Biological,2020-03-25,2020,3,Spring,98021,47.792571,-122.208429
Biological,2020-04-06,2020,4,Spring,98021,47.792571,-122.208429
Biological,2020-05-05,2020,5,Spring,98021,47.792571,-122.208429
Biological,2020-06-04,2020,6,Summer,98021,47.792571,-122.208429
Biological,2020-06-30,2020,6,Summer,98021,47.792571,-122.208429
Biological,2021-02-01,2021,2,Winter,98021,47.792571,-122.208429
Biological,2021-03-25,2021,3,Spring,98021,47.792571,-122.208429
Biological,2022-02-01,2022,2,Winter,98021,47.792571,-122.208429
Biological,2022-04-18,2022,4,Spring,98021,47.792571,-122.208429
Biological,2021-08-17,2021,8,Summer,98021,47.792571,-122.208429
Biological,2021-09-27,2021,9,Fall,98021,47.792571,-122.208429
Biological,2021-10-21,2021,10,Fall,98021,47.792571,-122.208429
Biological,2021-11-19,2021,11,Fall,98021,47.792571,-122.208429
Biological,2022-04-29,2022,4,Spring,98021,47.792571,-122.208429
Biological,2022-08-16,2022,8,Summer,98021,47.792571,-122.208429
Biological,2021-12-08,2021,12,Winter,98001,47.30968,-122.264368
Biological,2022-01-14,2022,1,Winter,98001,47.30968,-122.264368
Biological,2023-02-07,2023,2,Winter,98001,47.30968,-122.264368
Biological,2021-03-19,2021,3,Spring,98901,46.6652,-120.338543
Biological,2021-03-25,2021,3,Spring,98901,46.6652,-120.338543
Biological,2020-04-05,2020,4,Spring,98902,46.598048,-120.534558
Biological,2021-04-03,2021,4,Spring,98902,46.598048,-120.534558
Biological,2021-04-28,2021,4,Spring,98902,46.598048,-120.534558
Biological,2021-03-25,2021,3,Spring,98901,46.6652,-120.338543
Biological,2022-03-23,2022,3,Spring,98901,46.6652,-120.338543
Biological,2022-05-11,2022,5,Spring,98901,46.6652,-120.338543
Biological,2022-12-21,2022,12,Winter,98901,46.6652,-120.338543
Biological,2021-09-17,2021,9,Fall,98021,47.792571,-122.208429
Biological,2021-10-04,2021,10,Fall,98021,47.792571,-122.208429
Biological,2022-04-20,2022,4,Spring,98021,47.792571,-122.208429
Biological,2022-05-03,2022,5,Spring,98021,47.792571,-122.208429
Biological,2022-12-21,2022,12,Winter,98021,47.792571,-122.208429
Biological,2022-01-12,2022,1,Winter,98272,47.857847,-121.885309
Biological,2022-02-17,2022,2,Winter,98272,47.857847,-121.885309
Biological,2023-02-07,2023,2,Winter,98272,47.857847,-121.885309
Biological,2020-03-22,2020,3,Spring,98021,47.792571,-122.208429
Biological,2020-03-25,2020,3,Spring,98021,47.792571,-122.208429
Biological,2021-01-29,2021,1,Winter,98021,47.792571,-122.208429
Biological,2021-02-25,2021,2,Winter,98021,47.792571,-122.208429
Biological,2021-03-23,2021,3,Spring,98021,47.792571,-122.208429
Biological,2021-11-01,2021,11,Fall,98021,47.792571,-122.208429
Biological,2021-02-02,2021,2,Winter,98501,46.978514,-122.875905
Biological,2021-02-04,2021,2,Winter,98501,46.978514,-122.875905
Biological,2021-03-30,2021,3,Spring,98501,46.978514,-122.875905
Biological,2021-05-05,2021,5,Spring,98501,46.978514,-122.875905
Biological,2021-11-01,2021,11,Fall,98501,46.978514,-122.875905
Biological,2021-06-01,2021,6,Summer,98021,47.792571,-122.208429
Biological,2021-11-01,2021,11,Fall,98021,47.792571,-122.208429
Biological,2020-03-31,2020,3,Spring,98021,47.792571,-122.208429
Biological,2020-06-10,2020,6,Summer,98021,47.792571,-122.208429
Biological,2020-07-07,2020,7,Summer,98021,47.792571,-122.208429
Biological,2021-03-04,2021,3,Spring,98021,47.792571,-122.208429
Biological,2021-12-22,2021,12,Winter,98021,47.792571,-122.208429
Biological,2022-01-10,2022,1,Winter,98021,47.792571,-122.208429
Biological,2021-01-28,2021,1,Winter,98021,47.792571,-122.208429
Biological,2021-02-25,2021,2,Winter,98021,47.792571,-122.208429
Biological,2021-03-25,2021,3,Spring,98021,47.792571,-122.208429
Biological,2021-06-01,2021,6,Summer,98021,47.792571,-122.208429
Biological,2020-03-22,2020,3,Spring,98021,47.792571,-122.208429
Biological,2020-03-25,2020,3,Spring,98021,47.792571,-122.208429
Biological,2020-03-23,2020,3,Spring,98433,47.092304,-122.608054
Biological,2020-04-03,2020,4,Spring,98433,47.092304,-122.608054
Biological,2020-04-18,2020,4,Spring,98433,47.092304,-122.608054
Biological,2020-05-03,2020,5,Spring,98433,47.092304,-122.608054
Biological,2021-01-25,2021,1,Winter,98433,47.092304,-122.608054
Biological,2021-03-09,2021,3,Spring,98433,47.092304,-122.608054
Biological,2021-04-03,2021,4,Spring,98433,47.092304,-122.608054
Biological,2021-04-22,2021,4,Spring,98433,47.092304,-122.608054
Biological,2021-01-14,2021,1,Winter,98626,46.17216,-122.773533
Biological,2021-02-04,2021,2,Winter,98626,46.17216,-122.773533
Biological,2021-02-12,2021,2,Winter,98501,46.978514,-122.875905
Biological,2021-03-24,2021,3,Spring,98501,46.978514,-122.875905
Biological,2022-09-13,2022,9,Fall,98501,46.978514,-122.875905
Biological,2021-01-15,2021,1,Winter,98021,47.792571,-122.208429
Biological,2021-01-28,2021,1,Winter,98021,47.792571,-122.208429
Biological,2021-02-09,2021,2,Winter,98021,47.792571,-122.208429
Biological,2021-04-21,2021,4,Spring,98021,47.792571,-122.208429
Biological,2022-02-03,2022,2,Winter,98021,47.792571,-122.208429
Biological,2021-04-30,2021,4,Spring,98021,47.792571,-122.208429
Biological,2021-08-04,2021,8,Summer,98021,47.792571,-122.208429
Biological,2021-08-10,2021,8,Summer,98021,47.792571,-122.208429
Biological,2020-04-21,2020,4,Spring,99202,47.657011,-117.378966
Biological,2020-07-01,2020,7,Summer,99202,47.657011,-117.378966
Biological,2020-08-19,2020,8,Summer,99202,47.657011,-117.378966
Biological,2020-09-24,2020,9,Fall,99202,47.657011,-117.378966
Biological,2020-10-20,2020,10,Fall,99202,47.657011,-117.378966
Biological,2020-12-02,2020,12,Winter,99202,47.657011,-117.378966
Biological,2021-02-16,2021,2,Winter,99202,47.657011,-117.378966
Biological,2021-04-06,2021,4,Spring,99202,47.657011,-117.378966
Biological,2021-05-03,2021,5,Spring,99202,47.657011,-117.378966
Biological,2021-12-13,2021,12,Winter,99202,47.657011,-117.378966
Biological,2020-04-22,2020,4,Spring,99202,47.657011,-117.378966
Biological,2020-06-30,2020,6,Summer,99202,47.657011,-117.378966
Biological,2020-08-19,2020,8,Summer,99202,47.657011,-117.378966
Biological,2021-04-03,2021,4,Spring,99202,47.657011,-117.378966
Biological,2021-07-19,2021,7,Summer,99202,47.657011,-117.378966
Biological,2020-07-17,2020,7,Summer,98021,47.792571,-122.208429
Biological,2020-09-22,2020,9,Fall,98021,47.792571,-122.208429
Biological,2020-10-22,2020,10,Fall,98021,47.792571,-122.208429
Biological,2020-11-12,2020,11,Fall,98021,47.792571,-122.208429
Biological,2021-01-11,2021,1,Winter,98021,47.792571,-122.208429
Biological,2021-07-14,2021,7,Summer,98021,47.792571,-122.208429
Biological,2021-04-20,2021,4,Spring,98201,47.994464,-122.186162
Biological,2021-12-13,2021,12,Winter,98201,47.994464,-122.186162
Biological,2021-09-13,2021,9,Fall,99202,47.657011,-117.378966
Biological,2021-11-08,2021,11,Fall,99202,47.657011,-117.378966
Biological,2022-01-27,2022,1,Winter,99202,47.657011,-117.378966
Biological,2021-09-16,2021,9,Fall,99202,47.657011,-117.378966
Biological,2021-11-08,2021,11,Fall,99202,47.657011,-117.378966
Biological,2021-12-08,2021,12,Winter,99202,47.657011,-117.378966
Biological,2022-01-05,2022,1,Winter,99202,47.657011,-117.378966
Biological,2022-02-07,2022,2,Winter,99202,47.657011,-117.378966
Biological,2022-12-14,2022,12,Winter,99202,47.657011,-117.378966
Biological,2020-04-10,2020,4,Spring,94607,37.808842,-122.304697
Biological,2020-09-14,2020,9,Fall,94607,37.808842,-122.304697
Biological,2021-02-17,2021,2,Winter,94621,37.75113,-122.210178
Biological,2021-03-01,2021,3,Spring,94621,37.75113,-122.210178
Biological,2021-03-22,2021,3,Spring,94621,37.75113,-122.210178
Biological,2021-06-14,2021,6,Summer,94621,37.75113,-122.210178
Biological,2021-11-15,2021,11,Fall,94621,37.75113,-122.210178
Biological,2022-05-10,2022,5,Spring,94621,37.75113,-122.210178
Biological,2023-04-28,2023,4,Spring,94621,37.75113,-122.210178
Biological,2023-07-26,2023,7,Summer,94621,37.75113,-122.210178
Biological,2021-04-08,2021,4,Spring,94621,37.75113,-122.210178
Biological,2021-11-15,2021,11,Fall,94621,37.75113,-122.210178
Biological,2022-05-10,2022,5,Spring,94621,37.75113,-122.210178
Biological,2022-10-27,2022,10,Fall,94621,37.75113,-122.210178
Biological,2020-03-23,2020,3,Spring,95655,38.549228,-121.278598
Biological,2020-04-02,2020,4,Spring,95655,38.549228,-121.278598
Biological,2020-05-01,2020,5,Spring,95655,38.549228,-121.278598
Biological,2020-05-21,2020,5,Spring,95655,38.549228,-121.278598
Biological,2020-10-15,2020,10,Fall,95655,38.549228,-121.278598
Biological,2020-11-10,2020,11,Fall,95655,38.549228,-121.278598
Biological,2021-04-15,2021,4,Spring,95655,38.549228,-121.278598
Biological,2020-07-06,2020,7,Summer,94964,37.940595,-122.490712
Biological,2020-07-07,2020,7,Summer,94964,37.940595,-122.490712
Biological,2020-07-07,2020,7,Summer,94964,37.940595,-122.490712
Biological,2020-09-04,2020,9,Fall,94964,37.940595,-122.490712
Biological,2020-09-15,2020,9,Fall,94964,37.940595,-122.490712
Biological,2021-03-18,2021,3,Spring,94964,37.940595,-122.490712
Biological,2021-04-15,2021,4,Spring,94964,37.940595,-122.490712
Biological,2020-12-30,2020,12,Winter,94607,37.808842,-122.304697
Biological,2021-01-15,2021,1,Winter,94607,37.808842,-122.304697
Biological,2021-02-22,2021,2,Winter,94607,37.808842,-122.304697
Biological,2021-03-17,2021,3,Spring,94607,37.808842,-122.304697
Biological,2022-02-02,2022,2,Winter,94607,37.808842,-122.304697
Biological,2020-12-31,2020,12,Winter,95655,38.549228,-121.278598
Biological,2020-12-31,2020,12,Winter,95655,38.549228,-121.278598
Biological,2020-12-31,2020,12,Winter,95655,38.549228,-121.278598
Biological,2021-01-09,2021,1,Winter,95655,38.549228,-121.278598
Biological,2021-01-21,2021,1,Winter,95655,38.549228,-121.278598
Biological,2021-03-17,2021,3,Spring,95655,38.549228,-121.278598
Biological,2021-04-15,2021,4,Spring,95655,38.549228,-121.278598
Biological,2022-01-11,2022,1,Winter,95655,38.549228,-121.278598
Biological,2021-01-19,2021,1,Winter,94607,37.808842,-122.304697
Biological,2022-04-27,2022,4,Spring,94607,37.808842,-122.304697
Biological,2021-01-28,2021,1,Winter,95655,38.549228,-121.278598
Biological,2021-04-05,2021,4,Spring,95655,38.549228,-121.278598
Biological,2021-08-04,2021,8,Summer,95655,38.549228,-121.278598
Biological,2021-02-01,2021,2,Winter,95655,38.549228,-121.278598
Biological,2021-04-05,2021,4,Spring,95655,38.549228,-121.278598
Biological,2021-03-11,2021,3,Spring,94607,37.808842,-122.304697
Biological,2021-06-25,2021,6,Summer,94607,37.808842,-122.304697
Biological,2021-05-04,2021,5,Spring,94607,37.808842,-122.304697
Biological,2023-01-27,2023,1,Winter,94607,37.808842,-122.304697
Biological,2021-06-23,2021,6,Summer,94607,37.808842,-122.304697
Biological,2021-10-05,2021,10,Fall,94607,37.808842,-122.304697
Biological,2021-12-08,2021,12,Winter,94607,37.808842,-122.304697
Biological,2022-01-21,2022,1,Winter,94607,37.808842,-122.304697
Biological,2022-03-01,2022,3,Spring,94607,37.808842,-122.304697
Biological,2022-04-21,2022,4,Spring,94607,37.808842,-122.304697
Biological,2022-07-21,2022,7,Summer,94607,37.808842,-122.304697
Biological,2022-10-17,2022,10,Fall,94607,37.808842,-122.304697
Biological,2023-01-17,2023,1,Winter,94607,37.808842,-122.304697
Biological,2023-04-04,2023,4,Spring,94607,37.808842,-122.304697
Biological,2023-07-19,2023,7,Summer,94607,37.808842,-122.304697
Biological,2023-08-28,2023,8,Summer,94607,37.808842,-122.304697
Biological,2023-09-22,2023,9,Fall,94607,37.808842,-122.304697
Biological,2020-03-23,2020,3,Spring,94607,37.808842,-122.304697
Biological,2020-04-08,2020,4,Spring,94607,37.808842,-122.304697
Biological,2020-05-08,2020,5,Spring,94607,37.808842,-122.304697
Biological,2020-06-09,2020,6,Summer,94607,37.808842,-122.304697
Biological,2020-07-10,2020,7,Summer,94607,37.808842,-122.304697
Biological,2021-06-08,2021,6,Summer,94607,37.808842,-122.304697
Biological,2020-10-23,2020,10,Fall,95691,38.627951,-121.593287
Biological,2021-03-01,2021,3,Spring,95691,38.627951,-121.593287
Biological,2021-06-29,2021,6,Summer,95691,38.627951,-121.593287
Biological,2020-04-12,2020,4,Spring,90731,33.732353,-118.278151
Biological,2020-05-08,2020,5,Spring,90731,33.732353,-118.278151
Biological,2020-06-09,2020,6,Summer,90731,33.732353,-118.278151
Biological,2020-07-21,2020,7,Summer,90731,33.732353,-118.278151
Biological,2020-08-19,2020,8,Summer,90731,33.732353,-118.278151
Biological,2021-04-15,2021,4,Spring,90731,33.732353,-118.278151
Biological,2021-11-15,2021,11,Fall,90731,33.732353,-118.278151
Biological,2022-03-28,2022,3,Spring,90731,33.732353,-118.278151
Biological,2020-03-23,2020,3,Spring,90731,33.732353,-118.278151
Biological,2021-04-15,2021,4,Spring,90731,33.732353,-118.278151
Biological,2021-06-03,2021,6,Summer,90731,33.732353,-118.278151
Biological,2021-11-15,2021,11,Fall,90731,33.732353,-118.278151
Biological,2022-05-10,2022,5,Spring,90731,33.732353,-118.278151
Biological,2022-08-22,2022,8,Summer,90731,33.732353,-118.278151
Biological,2022-09-23,2022,9,Fall,90731,33.732353,-118.278151
Biological,2022-12-21,2022,12,Winter,90731,33.732353,-118.278151
Biological,2023-04-11,2023,4,Spring,90731,33.732353,-118.278151
Biological,2023-07-26,2023,7,Summer,90731,33.732353,-118.278151
Biological,2020-03-23,2020,3,Spring,94607,37.808842,-122.304697
Biological,2020-09-02,2020,9,Fall,94607,37.808842,-122.304697
Biological,2020-03-23,2020,3,Spring,94607,37.808842,-122.304697
Biological,2020-09-02,2020,9,Fall,94607,37.808842,-122.304697
Biological,2020-03-23,2020,3,Spring,94535,38.270937000000004,-121.937017
Biological,2020-04-17,2020,4,Spring,94535,38.270937000000004,-121.937017
Biological,2020-08-12,2020,8,Summer,94535,38.270937000000004,-121.937017
Biological,2020-03-25,2020,3,Spring,94535,38.270937000000004,-121.937017
Biological,2020-03-26,2020,3,Spring,94535,38.270937000000004,-121.937017
Biological,2020-03-26,2020,3,Spring,94535,38.270937000000004,-121.937017
Biological,2020-03-31,2020,3,Spring,94535,38.270937000000004,-121.937017
Biological,2020-04-11,2020,4,Spring,94535,38.270937000000004,-121.937017
Biological,2020-04-11,2020,4,Spring,94535,38.270937000000004,-121.937017
Biological,2020-04-25,2020,4,Spring,94535,38.270937000000004,-121.937017
Biological,2020-05-02,2020,5,Spring,94535,38.270937000000004,-121.937017
Biological,2020-05-15,2020,5,Spring,94535,38.270937000000004,-121.937017
Biological,2020-06-06,2020,6,Summer,94535,38.270937000000004,-121.937017
Biological,2020-07-21,2020,7,Summer,94535,38.270937000000004,-121.937017
Biological,2021-09-17,2021,9,Fall,94535,38.270937000000004,-121.937017
Biological,2022-08-22,2022,8,Summer,94535,38.270937000000004,-121.937017
Biological,2023-03-07,2023,3,Spring,94535,38.270937000000004,-121.937017
Biological,2020-03-28,2020,3,Spring,94535,38.270937000000004,-121.937017
Biological,2020-04-17,2020,4,Spring,94535,38.270937000000004,-121.937017
Biological,2020-05-12,2020,5,Spring,94535,38.270937000000004,-121.937017
Biological,2022-08-22,2022,8,Summer,94535,38.270937000000004,-121.937017
Biological,2023-02-28,2023,2,Winter,94535,38.270937000000004,-121.937017
Biological,2020-05-15,2020,5,Spring,92626,33.679591,-117.908531
Biological,2020-05-19,2020,5,Spring,92626,33.679591,-117.908531
Biological,2020-05-19,2020,5,Spring,92626,33.679591,-117.908531
Biological,2021-04-15,2021,4,Spring,92626,33.679591,-117.908531
Biological,2021-06-03,2021,6,Summer,92626,33.679591,-117.908531
Biological,2022-01-06,2022,1,Winter,92626,33.679591,-117.908531
Biological,2022-03-22,2022,3,Spring,92626,33.679591,-117.908531
Biological,2022-05-10,2022,5,Spring,92626,33.679591,-117.908531
Biological,2020-06-25,2020,6,Summer,94607,37.808842,-122.304697
Biological,2020-06-26,2020,6,Summer,94607,37.808842,-122.304697
Biological,2020-06-26,2020,6,Summer,94607,37.808842,-122.304697
Biological,2020-07-21,2020,7,Summer,94607,37.808842,-122.304697
Biological,2020-08-10,2020,8,Summer,94607,37.808842,-122.304697
Biological,2020-08-20,2020,8,Summer,94607,37.808842,-122.304697
Biological,2020-09-19,2020,9,Fall,94607,37.808842,-122.304697
Biological,2020-10-26,2020,10,Fall,94607,37.808842,-122.304697
Biological,2021-08-25,2021,8,Summer,94607,37.808842,-122.304697
Biological,2022-02-04,2022,2,Winter,94607,37.808842,-122.304697
Biological,2022-11-17,2022,11,Fall,94607,37.808842,-122.304697
Biological,2020-07-09,2020,7,Summer,95655,38.549228,-121.278598
Biological,2020-07-09,2020,7,Summer,95655,38.549228,-121.278598
Biological,2020-07-09,2020,7,Summer,95655,38.549228,-121.278598
Biological,2020-08-03,2020,8,Summer,95655,38.549228,-121.278598
Biological,2020-08-13,2020,8,Summer,95655,38.549228,-121.278598
Biological,2020-08-21,2020,8,Summer,95655,38.549228,-121.278598
Biological,2021-04-15,2021,4,Spring,95655,38.549228,-121.278598
Biological,2021-08-25,2021,8,Summer,95655,38.549228,-121.278598
Biological,2021-11-15,2021,11,Fall,95655,38.549228,-121.278598
Biological,2022-05-16,2022,5,Spring,95655,38.549228,-121.278598
Biological,2022-12-13,2022,12,Winter,95655,38.549228,-121.278598
Biological,2023-01-31,2023,1,Winter,95655,38.549228,-121.278598
Biological,2020-08-11,2020,8,Summer,95655,38.549228,-121.278598
Biological,2020-09-02,2020,9,Fall,95655,38.549228,-121.278598
Biological,2020-09-02,2020,9,Fall,95655,38.549228,-121.278598
Biological,2021-08-30,2021,8,Summer,95655,38.549228,-121.278598
Biological,2021-11-22,2021,11,Fall,95655,38.549228,-121.278598
Biological,2022-05-16,2022,5,Spring,95655,38.549228,-121.278598
Biological,2022-08-22,2022,8,Summer,95655,38.549228,-121.278598
Biological,2023-03-31,2023,3,Spring,95655,38.549228,-121.278598
Biological,2023-05-18,2023,5,Spring,95655,38.549228,-121.278598
Biological,2023-06-09,2023,6,Summer,95655,38.549228,-121.278598
Biological,2020-09-25,2020,9,Fall,95655,38.549228,-121.278598
Biological,2020-10-27,2020,10,Fall,95655,38.549228,-121.278598
Biological,2020-11-25,2020,11,Fall,95655,38.549228,-121.278598
Biological,2020-12-04,2020,12,Winter,95655,38.549228,-121.278598
Biological,2020-12-23,2020,12,Winter,95655,38.549228,-121.278598
Biological,2021-01-28,2021,1,Winter,95655,38.549228,-121.278598
Biological,2021-02-11,2021,2,Winter,95655,38.549228,-121.278598
Biological,2021-02-25,2021,2,Winter,95655,38.549228,-121.278598
Biological,2021-03-26,2021,3,Spring,95655,38.549228,-121.278598
Biological,2021-04-15,2021,4,Spring,95655,38.549228,-121.278598
Biological,2022-07-20,2022,7,Summer,95655,38.549228,-121.278598
Biological,2023-05-18,2023,5,Spring,95655,38.549228,-121.278598
Biological,2023-07-06,2023,7,Summer,95655,38.549228,-121.278598
Biological,2020-12-07,2020,12,Winter,94607,37.808842,-122.304697
Biological,2021-01-13,2021,1,Winter,94607,37.808842,-122.304697
Biological,2021-03-09,2021,3,Spring,94607,37.808842,-122.304697
Biological,2021-03-17,2021,3,Spring,94607,37.808842,-122.304697
Biological,2021-08-25,2021,8,Summer,94607,37.808842,-122.304697
Biological,2021-12-27,2021,12,Winter,94607,37.808842,-122.304697
Biological,2023-06-08,2023,6,Summer,94607,37.808842,-122.304697
Biological,2020-12-18,2020,12,Winter,95655,38.549228,-121.278598
Biological,2020-12-22,2020,12,Winter,95655,38.549228,-121.278598
Biological,2021-01-07,2021,1,Winter,95655,38.549228,-121.278598
Biological,2021-04-15,2021,4,Spring,95655,38.549228,-121.278598
Biological,2021-06-03,2021,6,Summer,95655,38.549228,-121.278598
Biological,2021-08-25,2021,8,Summer,95655,38.549228,-121.278598
Biological,2021-11-15,2021,11,Fall,95655,38.549228,-121.278598
Biological,2022-05-16,2022,5,Spring,95655,38.549228,-121.278598
Biological,2022-08-23,2022,8,Summer,95655,38.549228,-121.278598
Biological,2023-01-31,2023,1,Winter,95655,38.549228,-121.278598
Biological,2023-09-05,2023,9,Fall,95655,38.549228,-121.278598
Biological,2021-01-30,2021,1,Winter,90037,34.00266,-118.287507
Biological,2021-03-03,2021,3,Spring,90037,34.00266,-118.287507
Biological,2021-08-25,2021,8,Summer,90037,34.00266,-118.287507
Biological,2021-11-15,2021,11,Fall,90037,34.00266,-118.287507
Biological,2022-04-11,2022,4,Spring,90037,34.00266,-118.287507
Biological,2021-04-13,2021,4,Spring,94607,37.808842,-122.304697
Biological,2021-08-25,2021,8,Summer,94607,37.808842,-122.304697
Biological,2021-11-09,2021,11,Fall,94607,37.808842,-122.304697
Biological,2021-12-07,2021,12,Winter,94607,37.808842,-122.304697
Biological,2021-04-15,2021,4,Spring,95655,38.549228,-121.278598
Biological,2021-06-29,2021,6,Summer,95655,38.549228,-121.278598
Biological,2021-09-15,2021,9,Fall,95655,38.549228,-121.278598
Biological,2021-12-09,2021,12,Winter,95655,38.549228,-121.278598
Biological,2022-03-08,2022,3,Spring,95655,38.549228,-121.278598
Biological,2022-03-29,2022,3,Spring,95655,38.549228,-121.278598
Biological,2023-03-23,2023,3,Spring,95655,38.549228,-121.278598
Biological,2023-05-17,2023,5,Spring,95655,38.549228,-121.278598
Biological,2021-12-07,2021,12,Winter,94607,37.808842,-122.304697
Biological,2022-01-25,2022,1,Winter,94607,37.808842,-122.304697
Biological,2022-03-25,2022,3,Spring,94607,37.808842,-122.304697
Biological,2022-01-28,2022,1,Winter,91790,34.066964,-117.937007
Biological,2022-08-23,2022,8,Summer,91790,34.066964,-117.937007
Biological,2022-09-23,2022,9,Fall,91790,34.066964,-117.937007
Biological,2022-11-17,2022,11,Fall,91790,34.066964,-117.937007
Biological,2022-12-19,2022,12,Winter,91790,34.066964,-117.937007
Biological,2023-01-31,2023,1,Winter,91790,34.066964,-117.937007
Biological,2023-02-27,2023,2,Winter,91790,34.066964,-117.937007
Biological,2023-03-31,2023,3,Spring,91790,34.066964,-117.937007
Biological,2020-03-26,2020,3,Spring,94607,37.808842,-122.304697
Biological,2020-04-21,2020,4,Spring,94607,37.808842,-122.304697
Biological,2020-06-30,2020,6,Summer,94607,37.808842,-122.304697
Biological,2020-07-27,2020,7,Summer,94607,37.808842,-122.304697
Biological,2021-02-12,2021,2,Winter,94607,37.808842,-122.304697
Biological,2020-12-10,2020,12,Winter,94607,37.808842,-122.304697
Biological,2021-08-17,2021,8,Summer,94607,37.808842,-122.304697
Biological,2020-03-23,2020,3,Spring,94607,37.808842,-122.304697
Biological,2020-04-09,2020,4,Spring,94607,37.808842,-122.304697
Biological,2020-03-23,2020,3,Spring,95655,38.549228,-121.278598
Biological,2020-04-06,2020,4,Spring,95655,38.549228,-121.278598
Biological,2020-03-23,2020,3,Spring,95655,38.549228,-121.278598
Biological,2020-07-10,2020,7,Summer,95655,38.549228,-121.278598
Biological,2020-07-20,2020,7,Summer,95655,38.549228,-121.278598
Biological,2021-04-15,2021,4,Spring,95655,38.549228,-121.278598
Biological,2021-05-20,2021,5,Spring,95655,38.549228,-121.278598
Biological,2020-12-10,2020,12,Winter,95670,38.604268,-121.280327
Biological,2020-12-22,2020,12,Winter,95670,38.604268,-121.280327
Biological,2021-04-15,2021,4,Spring,95670,38.604268,-121.280327
Biological,2022-07-27,2022,7,Summer,95670,38.604268,-121.280327
Biological,2020-12-20,2020,12,Winter,95828,38.489426,-121.395969
Biological,2021-04-15,2021,4,Spring,95828,38.489426,-121.395969
Biological,2022-07-27,2022,7,Summer,95828,38.489426,-121.395969
Biological,2022-12-05,2022,12,Winter,95828,38.489426,-121.395969
Biological,2021-01-12,2021,1,Winter,95828,38.489426,-121.395969
Biological,2021-04-15,2021,4,Spring,95828,38.489426,-121.395969
Biological,2022-07-27,2022,7,Summer,95828,38.489426,-121.395969
Biological,2021-01-19,2021,1,Winter,90033,34.05038,-118.211991
Biological,2021-01-28,2021,1,Winter,90033,34.05038,-118.211991
Biological,2021-04-15,2021,4,Spring,90033,34.05038,-118.211991
Biological,2022-07-27,2022,7,Summer,90033,34.05038,-118.211991
Biological,2021-01-20,2021,1,Winter,95827,38.54836,-121.327497
Biological,2021-04-15,2021,4,Spring,95827,38.54836,-121.327497
Biological,2022-07-27,2022,7,Summer,95827,38.54836,-121.327497
Biological,2022-12-05,2022,12,Winter,95827,38.54836,-121.327497
Biological,2021-01-26,2021,1,Winter,94607,37.808842,-122.304697
Biological,2021-02-22,2021,2,Winter,94607,37.808842,-122.304697
Biological,2021-03-24,2021,3,Spring,94607,37.808842,-122.304697
Biological,2022-07-27,2022,7,Summer,94607,37.808842,-122.304697
Biological,2021-01-30,2021,1,Winter,95655,38.549228,-121.278598
Biological,2021-02-12,2021,2,Winter,95655,38.549228,-121.278598
Biological,2021-02-16,2021,2,Winter,95655,38.549228,-121.278598
Biological,2021-02-26,2021,2,Winter,95655,38.549228,-121.278598
Biological,2021-03-14,2021,3,Spring,95655,38.549228,-121.278598
Biological,2021-03-16,2021,3,Spring,95655,38.549228,-121.278598
Biological,2021-03-09,2021,3,Spring,94621,37.75113,-122.210178
Biological,2021-03-26,2021,3,Spring,94621,37.75113,-122.210178
Biological,2022-10-27,2022,10,Fall,94621,37.75113,-122.210178
Biological,2021-03-16,2021,3,Spring,95655,38.549228,-121.278598
Biological,2021-03-26,2021,3,Spring,95655,38.549228,-121.278598
Biological,2021-04-07,2021,4,Spring,95655,38.549228,-121.278598
Biological,2022-07-27,2022,7,Summer,95655,38.549228,-121.278598
Biological,2021-05-14,2021,5,Spring,94607,37.808842,-122.304697
Biological,2021-06-15,2021,6,Summer,94607,37.808842,-122.304697
Biological,2021-07-20,2021,7,Summer,94607,37.808842,-122.304697
Biological,2021-08-31,2021,8,Summer,94607,37.808842,-122.304697
Biological,2021-09-21,2021,9,Fall,94607,37.808842,-122.304697
Biological,2021-10-22,2021,10,Fall,94607,37.808842,-122.304697
Biological,2021-11-30,2021,11,Fall,94607,37.808842,-122.304697
Biological,2021-12-02,2021,12,Winter,94607,37.808842,-122.304697
Biological,2022-08-05,2022,8,Summer,94607,37.808842,-122.304697
Biological,2022-08-18,2022,8,Summer,94607,37.808842,-122.304697
Biological,2021-07-30,2021,7,Summer,94607,37.808842,-122.304697
Biological,2021-08-09,2021,8,Summer,94607,37.808842,-122.304697
Biological,2021-09-11,2021,9,Fall,95655,38.549228,-121.278598
Biological,2022-05-10,2022,5,Spring,95655,38.549228,-121.278598
Biological,2022-01-19,2022,1,Winter,95655,38.549228,-121.278598
Biological,2023-02-01,2023,2,Winter,95655,38.549228,-121.278598
Biological,2022-01-28,2022,1,Winter,92395,34.504828,-117.298985
Biological,2022-02-02,2022,2,Winter,92395,34.504828,-117.298985
Biological,2022-01-31,2022,1,Winter,94607,37.808842,-122.304697
Biological,2022-02-22,2022,2,Winter,94607,37.808842,-122.304697
Biological,2022-03-02,2022,3,Spring,94607,37.808842,-122.304697
Biological,2022-03-30,2022,3,Spring,94607,37.808842,-122.304697
Biological,2022-05-25,2022,5,Spring,94607,37.808842,-122.304697
Biological,2022-09-01,2022,9,Fall,94607,37.808842,-122.304697
Biological,2022-11-04,2022,11,Fall,94607,37.808842,-122.304697
Biological,2020-09-03,2020,9,Fall,94607,37.808842,-122.304697
Biological,2020-11-19,2020,11,Fall,94607,37.808842,-122.304697
Biological,2021-08-03,2021,8,Summer,94607,37.808842,-122.304697
Biological,2021-04-16,2021,4,Spring,94607,37.808842,-122.304697
Biological,2021-04-22,2021,4,Spring,94607,37.808842,-122.304697
Biological,2021-05-04,2021,5,Spring,94607,37.808842,-122.304697
Biological,2021-06-14,2021,6,Summer,94607,37.808842,-122.304697
Biological,2021-08-16,2021,8,Summer,94607,37.808842,-122.304697
Biological,2021-09-13,2021,9,Fall,94607,37.808842,-122.304697
Biological,2021-12-13,2021,12,Winter,94607,37.808842,-122.304697
Biological,2022-03-29,2022,3,Spring,94607,37.808842,-122.304697
Biological,2022-06-28,2022,6,Summer,94607,37.808842,-122.304697
Biological,2022-09-08,2022,9,Fall,94607,37.808842,-122.304697
Biological,2022-12-15,2022,12,Winter,94607,37.808842,-122.304697
Biological,2020-03-23,2020,3,Spring,94607,37.808842,-122.304697
Biological,2020-03-27,2020,3,Spring,94607,37.808842,-122.304697
Biological,2020-05-04,2020,5,Spring,94607,37.808842,-122.304697
Biological,2020-06-04,2020,6,Summer,94607,37.808842,-122.304697
Biological,2020-08-24,2020,8,Summer,94607,37.808842,-122.304697
Biological,2021-01-27,2021,1,Winter,94607,37.808842,-122.304697
Biological,2021-02-22,2021,2,Winter,94607,37.808842,-122.304697
Biological,2021-03-24,2021,3,Spring,94607,37.808842,-122.304697
Biological,2021-05-24,2021,5,Spring,94607,37.808842,-122.304697
Biological,2021-02-19,2021,2,Winter,94621,37.75113,-122.210178
Biological,2021-08-05,2021,8,Summer,94621,37.75113,-122.210178
Biological,2021-03-09,2021,3,Spring,94607,37.808842,-122.304697
Biological,2021-08-03,2021,8,Summer,94607,37.808842,-122.304697
Biological,2021-01-30,2021,1,Winter,94607,37.808842,-122.304697
Biological,2021-02-22,2021,2,Winter,94607,37.808842,-122.304697
Biological,2021-03-24,2021,3,Spring,94607,37.808842,-122.304697
Biological,2021-06-14,2021,6,Summer,94607,37.808842,-122.304697
Biological,2021-08-17,2021,8,Summer,94607,37.808842,-122.304697
Biological,2021-04-27,2021,4,Spring,94607,37.808842,-122.304697
Biological,2021-11-09,2021,11,Fall,94607,37.808842,-122.304697
Biological,2021-04-07,2021,4,Spring,95655,38.549228,-121.278598
Biological,2022-06-30,2022,6,Summer,95655,38.549228,-121.278598
Biological,2022-08-11,2022,8,Summer,95655,38.549228,-121.278598
Biological,2021-04-07,2021,4,Spring,94621,37.75113,-122.210178
Biological,2021-08-19,2021,8,Summer,94621,37.75113,-122.210178
Biological,2021-11-24,2021,11,Fall,94621,37.75113,-122.210178
Biological,2021-04-26,2021,4,Spring,94607,37.808842,-122.304697
Biological,2021-05-11,2021,5,Spring,94607,37.808842,-122.304697
Biological,2021-11-08,2021,11,Fall,94607,37.808842,-122.304697
Biological,2021-04-28,2021,4,Spring,94607,37.808842,-122.304697
Biological,2021-07-08,2021,7,Summer,94607,37.808842,-122.304697
Biological,2021-07-09,2021,7,Summer,94607,37.808842,-122.304697
Biological,2021-08-19,2021,8,Summer,94607,37.808842,-122.304697
Biological,2021-11-23,2021,11,Fall,94607,37.808842,-122.304697
Biological,2022-01-24,2022,1,Winter,94607,37.808842,-122.304697
Biological,2020-05-14,2020,5,Spring,94607,37.808842,-122.304697
Biological,2020-06-09,2020,6,Summer,94607,37.808842,-122.304697
Biological,2021-02-12,2021,2,Winter,94607,37.808842,-122.304697
Biological,2021-08-03,2021,8,Summer,94607,37.808842,-122.304697
Biological,2020-08-14,2020,8,Summer,94607,37.808842,-122.304697
Biological,2021-01-08,2021,1,Winter,94607,37.808842,-122.304697
Biological,2021-01-29,2021,1,Winter,94607,37.808842,-122.304697
Biological,2021-02-22,2021,2,Winter,94607,37.808842,-122.304697
Biological,2021-03-17,2021,3,Spring,94607,37.808842,-122.304697
Biological,2021-03-24,2021,3,Spring,94607,37.808842,-122.304697
Biological,2021-08-03,2021,8,Summer,94607,37.808842,-122.304697
Biological,2021-01-29,2021,1,Winter,94607,37.808842,-122.304697
Biological,2021-02-24,2021,2,Winter,94607,37.808842,-122.304697
Biological,2021-03-24,2021,3,Spring,94607,37.808842,-122.304697
Biological,2021-08-03,2021,8,Summer,94607,37.808842,-122.304697
Biological,2021-01-30,2021,1,Winter,95655,38.549228,-121.278598
Biological,2021-03-25,2021,3,Spring,95655,38.549228,-121.278598
Biological,2021-08-04,2021,8,Summer,95655,38.549228,-121.278598
Biological,2021-02-18,2021,2,Winter,94621,37.75113,-122.210178
Biological,2021-02-18,2021,2,Winter,94621,37.75113,-122.210178
Biological,2021-02-22,2021,2,Winter,94621,37.75113,-122.210178
Biological,2021-03-11,2021,3,Spring,94621,37.75113,-122.210178
Biological,2021-03-12,2021,3,Spring,94621,37.75113,-122.210178
Biological,2021-08-04,2021,8,Summer,94621,37.75113,-122.210178
Biological,2020-04-30,2020,4,Spring,90650,33.90779,-118.082487
Biological,2021-11-15,2021,11,Fall,90650,33.90779,-118.082487
Biological,2020-06-26,2020,6,Summer,94607,37.808842,-122.304697
Biological,2020-07-27,2020,7,Summer,94607,37.808842,-122.304697
Biological,2020-08-28,2020,8,Summer,94607,37.808842,-122.304697
Biological,2020-09-17,2020,9,Fall,94607,37.808842,-122.304697
Biological,2020-10-26,2020,10,Fall,94607,37.808842,-122.304697
Biological,2020-11-17,2020,11,Fall,94607,37.808842,-122.304697
Biological,2020-12-21,2020,12,Winter,94607,37.808842,-122.304697
Biological,2021-01-21,2021,1,Winter,94607,37.808842,-122.304697
Biological,2021-03-25,2021,3,Spring,94607,37.808842,-122.304697
Biological,2020-07-14,2020,7,Summer,95655,38.549228,-121.278598
Biological,2020-07-23,2020,7,Summer,95655,38.549228,-121.278598
Biological,2020-08-12,2020,8,Summer,95655,38.549228,-121.278598
Biological,2020-09-11,2020,9,Fall,95655,38.549228,-121.278598
Biological,2020-09-16,2020,9,Fall,95655,38.549228,-121.278598
Biological,2021-04-15,2021,4,Spring,95655,38.549228,-121.278598
Biological,2022-02-04,2022,2,Winter,95655,38.549228,-121.278598
Biological,2023-02-10,2023,2,Winter,95655,38.549228,-121.278598
Biological,2020-07-27,2020,7,Summer,94599,38.399483,-122.380238
Biological,2020-08-21,2020,8,Summer,94599,38.399483,-122.380238
Biological,2020-09-23,2020,9,Fall,94599,38.399483,-122.380238
Biological,2021-04-15,2021,4,Spring,94599,38.399483,-122.380238
Biological,2021-12-27,2021,12,Winter,94599,38.399483,-122.380238
Biological,2020-11-27,2020,11,Fall,95655,38.549228,-121.278598
Biological,2020-12-01,2020,12,Winter,95655,38.549228,-121.278598
Biological,2020-12-02,2020,12,Winter,95655,38.549228,-121.278598
Biological,2020-12-15,2020,12,Winter,95655,38.549228,-121.278598
Biological,2021-01-28,2021,1,Winter,95655,38.549228,-121.278598
Biological,2021-04-15,2021,4,Spring,95655,38.549228,-121.278598
Biological,2021-12-27,2021,12,Winter,95655,38.549228,-121.278598
Biological,2021-04-28,2021,4,Spring,94607,37.808842,-122.304697
Biological,2021-12-27,2021,12,Winter,94607,37.808842,-122.304697
Biological,2020-04-03,2020,4,Spring,50131,41.696757,-93.720808
Biological,2021-02-18,2021,2,Winter,50131,41.696757,-93.720808
Biological,2020-04-21,2020,4,Spring,50131,41.696757,-93.720808
Biological,2021-02-19,2021,2,Winter,50131,41.696757,-93.720808
Biological,2021-04-12,2021,4,Spring,50131,41.696757,-93.720808
Biological,2020-04-03,2020,4,Spring,50131,41.696757,-93.720808
Biological,2020-04-03,2020,4,Spring,50131,41.696757,-93.720808
Biological,2020-04-15,2020,4,Spring,50324,41.604709,-93.712724
Biological,2020-04-25,2020,4,Spring,50324,41.604709,-93.712724
Biological,2020-05-07,2020,5,Spring,50324,41.604709,-93.712724
Biological,2020-05-14,2020,5,Spring,50324,41.604709,-93.712724
Biological,2020-06-08,2020,6,Summer,50324,41.604709,-93.712724
Biological,2022-02-08,2022,2,Winter,50324,41.604709,-93.712724
Biological,2023-01-12,2023,1,Winter,50324,41.604709,-93.712724
Biological,2020-08-17,2020,8,Summer,50324,41.604709,-93.712724
Biological,2020-09-03,2020,9,Fall,50324,41.604709,-93.712724
Biological,2020-09-03,2020,9,Fall,50324,41.604709,-93.712724
Biological,2020-12-09,2020,12,Winter,50324,41.604709,-93.712724
Biological,2022-02-08,2022,2,Winter,50324,41.604709,-93.712724
Biological,2022-11-22,2022,11,Fall,50324,41.604709,-93.712724
Biological,2023-02-28,2023,2,Winter,50324,41.604709,-93.712724
Biological,2020-12-11,2020,12,Winter,50324,41.604709,-93.712724
Biological,2021-01-29,2021,1,Winter,50324,41.604709,-93.712724
Biological,2021-02-25,2021,2,Winter,50324,41.604709,-93.712724
Biological,2021-04-20,2021,4,Spring,50324,41.604709,-93.712724
Biological,2022-06-23,2022,6,Summer,50324,41.604709,-93.712724
Biological,2023-06-15,2023,6,Summer,50324,41.604709,-93.712724
Biological,2023-09-14,2023,9,Fall,50324,41.604709,-93.712724
Biological,2021-04-19,2021,4,Spring,50324,41.604709,-93.712724
Biological,2021-09-16,2021,9,Fall,50324,41.604709,-93.712724
Biological,2021-12-09,2021,12,Winter,50324,41.604709,-93.712724
Biological,2022-03-09,2022,3,Spring,50324,41.604709,-93.712724
Biological,2023-02-28,2023,2,Winter,50324,41.604709,-93.712724
Biological,2023-06-15,2023,6,Summer,50324,41.604709,-93.712724
Biological,2020-10-14,2020,10,Fall,64131,38.959809,-94.571951
Biological,2021-07-12,2021,7,Summer,64131,38.959809,-94.571951
Biological,2021-04-20,2021,4,Spring,64131,38.959809,-94.571951
Biological,2021-10-13,2021,10,Fall,64131,38.959809,-94.571951
Biological,2021-10-14,2021,10,Fall,64131,38.959809,-94.571951
Biological,2022-04-18,2022,4,Spring,64131,38.959809,-94.571951
Biological,2022-07-18,2022,7,Summer,64131,38.959809,-94.571951
Biological,2020-04-28,2020,4,Spring,50310,41.627582,-93.67266
Biological,2020-05-21,2020,5,Spring,50310,41.627582,-93.67266
Biological,2021-02-22,2021,2,Winter,50310,41.627582,-93.67266
Biological,2020-04-28,2020,4,Spring,50158,42.049806,-92.900739
Biological,2020-05-21,2020,5,Spring,50158,42.049806,-92.900739
Biological,2021-03-01,2021,3,Spring,50158,42.049806,-92.900739
Biological,2021-04-12,2021,4,Spring,50158,42.049806,-92.900739
Biological,2020-07-16,2020,7,Summer,50158,42.049806,-92.900739
Biological,2020-08-19,2020,8,Summer,50158,42.049806,-92.900739
Biological,2021-03-01,2021,3,Spring,50158,42.049806,-92.900739
Biological,2021-04-12,2021,4,Spring,50158,42.049806,-92.900739
Biological,2022-01-27,2022,1,Winter,50158,42.049806,-92.900739
Biological,2021-09-27,2021,9,Fall,50324,41.604709,-93.712724
Biological,2021-10-13,2021,10,Fall,50324,41.604709,-93.712724
Biological,2021-10-18,2021,10,Fall,50324,41.604709,-93.712724
Biological,2021-11-17,2021,11,Fall,50324,41.604709,-93.712724
Biological,2021-12-20,2021,12,Winter,50324,41.604709,-93.712724
Biological,2022-01-20,2022,1,Winter,50324,41.604709,-93.712724
Biological,2023-06-22,2023,6,Summer,50324,41.604709,-93.712724
Biological,2021-04-09,2021,4,Spring,70806,30.448797,-91.124704
Biological,2021-06-07,2021,6,Summer,70806,30.448797,-91.124704
Biological,2020-03-28,2020,3,Spring,70806,30.448797,-91.124704
Biological,2021-03-31,2021,3,Spring,70809,30.394049,-91.07058
Biological,2020-04-08,2020,4,Spring,70806,30.448797,-91.124704
Biological,2021-04-02,2021,4,Spring,70809,30.394049,-91.07058
Biological,2020-04-14,2020,4,Spring,70806,30.448797,-91.124704
Biological,2020-04-24,2020,4,Spring,70806,30.448797,-91.124704
Biological,2020-05-15,2020,5,Spring,70806,30.448797,-91.124704
Biological,2020-06-05,2020,6,Summer,70806,30.448797,-91.124704
Biological,2020-07-29,2020,7,Summer,70806,30.448797,-91.124704
Biological,2022-04-19,2022,4,Spring,70806,30.448797,-91.124704
Biological,2022-08-09,2022,8,Summer,70806,30.448797,-91.124704
Biological,2022-11-17,2022,11,Fall,70806,30.448797,-91.124704
Biological,2023-07-06,2023,7,Summer,70806,30.448797,-91.124704
Biological,2020-04-01,2020,4,Spring,70130,29.936406,-90.069932
Biological,2021-08-07,2021,8,Summer,70503,30.171005,-92.054782
Biological,2020-04-01,2020,4,Spring,70130,29.936406,-90.069932
Biological,2021-08-08,2021,8,Summer,70503,30.171005,-92.054782
Biological,2020-04-01,2020,4,Spring,70130,29.936406,-90.069932
Biological,2020-04-02,2020,4,Spring,70130,29.936406,-90.069932
Biological,2020-04-02,2020,4,Spring,70130,29.936406,-90.069932
Biological,2020-04-03,2020,4,Spring,70130,29.936406,-90.069932
Biological,2020-04-03,2020,4,Spring,70130,29.936406,-90.069932
Biological,2020-04-05,2020,4,Spring,70130,29.936406,-90.069932
Biological,2020-04-05,2020,4,Spring,70130,29.936406,-90.069932
Biological,2020-04-20,2020,4,Spring,70130,29.936406,-90.069932
Biological,2020-08-18,2020,8,Summer,70806,30.448797,-91.124704
Biological,2020-09-16,2020,9,Fall,70806,30.448797,-91.124704
Biological,2020-09-10,2020,9,Fall,70806,30.448797,-91.124704
Biological,2020-09-21,2020,9,Fall,70806,30.448797,-91.124704
Biological,2022-02-08,2022,2,Winter,70806,30.448797,-91.124704
Biological,2022-06-24,2022,6,Summer,70806,30.448797,-91.124704
Biological,2020-09-22,2020,9,Fall,70806,30.448797,-91.124704
Biological,2020-10-27,2020,10,Fall,70806,30.448797,-91.124704
Biological,2020-11-24,2020,11,Fall,70806,30.448797,-91.124704
Biological,2020-12-08,2020,12,Winter,70806,30.448797,-91.124704
Biological,2020-12-22,2020,12,Winter,70806,30.448797,-91.124704
Biological,2021-01-27,2021,1,Winter,70806,30.448797,-91.124704
Biological,2021-02-24,2021,2,Winter,70806,30.448797,-91.124704
Biological,2021-03-03,2021,3,Spring,70806,30.448797,-91.124704
Biological,2021-04-16,2021,4,Spring,70806,30.448797,-91.124704
Biological,2022-06-28,2022,6,Summer,70806,30.448797,-91.124704
Biological,2023-06-07,2023,6,Summer,70806,30.448797,-91.124704
Biological,2023-06-12,2023,6,Summer,70806,30.448797,-91.124704
Biological,2023-08-10,2023,8,Summer,70806,30.448797,-91.124704
Biological,2021-04-06,2021,4,Spring,70809,30.394049,-91.07058
Biological,2021-11-03,2021,11,Fall,70809,30.394049,-91.07058
Biological,2022-05-11,2022,5,Spring,70809,30.394049,-91.07058
Biological,2022-09-01,2022,9,Fall,70809,30.394049,-91.07058
Biological,2022-11-17,2022,11,Fall,70809,30.394049,-91.07058
Biological,2021-04-16,2021,4,Spring,70806,30.448797,-91.124704
Biological,2021-06-28,2021,6,Summer,70806,30.448797,-91.124704
Biological,2021-06-30,2021,6,Summer,70806,30.448797,-91.124704
Biological,2021-09-20,2021,9,Fall,70806,30.448797,-91.124704
Biological,2021-12-13,2021,12,Winter,70806,30.448797,-91.124704
Biological,2022-03-11,2022,3,Spring,70806,30.448797,-91.124704
Biological,2023-02-21,2023,2,Winter,70806,30.448797,-91.124704
Biological,2023-06-05,2023,6,Summer,70806,30.448797,-91.124704
Biological,2021-08-08,2021,8,Summer,70503,30.171005,-92.054782
Biological,2021-08-16,2021,8,Summer,70503,30.171005,-92.054782
Biological,2021-09-10,2021,9,Fall,70503,30.171005,-92.054782
Biological,2022-08-09,2022,8,Summer,70503,30.171005,-92.054782
Biological,2021-08-14,2021,8,Summer,70808,30.404146,-91.139137
Biological,2021-09-10,2021,9,Fall,70808,30.404146,-91.139137
Biological,2022-05-11,2022,5,Spring,70808,30.404146,-91.139137
Biological,2022-08-09,2022,8,Summer,70808,30.404146,-91.139137
Biological,2023-03-29,2023,3,Spring,70808,30.404146,-91.139137
Biological,2021-08-19,2021,8,Summer,71301,31.274156,-92.467107
Biological,2021-09-10,2021,9,Fall,71301,31.274156,-92.467107
Biological,2021-09-23,2021,9,Fall,71301,31.274156,-92.467107
Biological,2022-05-11,2022,5,Spring,71301,31.274156,-92.467107
Biological,2022-08-09,2022,8,Summer,71301,31.274156,-92.467107
Biological,2022-12-15,2022,12,Winter,71301,31.274156,-92.467107
Biological,2023-03-29,2023,3,Spring,71301,31.274156,-92.467107
Biological,2022-01-28,2022,1,Winter,71201,32.539557,-92.106941
Biological,2022-05-11,2022,5,Spring,71201,32.539557,-92.106941
Biological,2022-08-19,2022,8,Summer,71201,32.539557,-92.106941
Biological,2022-11-17,2022,11,Fall,71201,32.539557,-92.106941
Biological,2022-12-15,2022,12,Winter,71201,32.539557,-92.106941
Biological,2023-03-29,2023,3,Spring,71201,32.539557,-92.106941
Biological,2021-04-05,2021,4,Spring,70802,30.445471,-91.17527
Biological,2021-04-06,2021,4,Spring,70802,30.445471,-91.17527
Biological,2021-04-07,2021,4,Spring,70802,30.445471,-91.17527
Biological,2021-11-10,2021,11,Fall,70802,30.445471,-91.17527
Biological,2022-02-01,2022,2,Winter,70802,30.445471,-91.17527
Biological,2022-05-11,2022,5,Spring,70802,30.445471,-91.17527
Biological,2020-03-25,2020,3,Spring,70130,29.936406,-90.069932
Biological,2020-05-04,2020,5,Spring,70130,29.936406,-90.069932
Biological,2020-03-25,2020,3,Spring,70130,29.936406,-90.069932
Biological,2020-05-04,2020,5,Spring,70130,29.936406,-90.069932
Biological,2020-05-06,2020,5,Spring,70130,29.936406,-90.069932
Biological,2021-04-29,2021,4,Spring,70130,29.936406,-90.069932
Biological,2021-09-14,2021,9,Fall,70130,29.936406,-90.069932
Biological,2022-04-20,2022,4,Spring,70130,29.936406,-90.069932
Biological,2020-03-27,2020,3,Spring,70806,30.448797,-91.124704
Biological,2020-03-27,2020,3,Spring,70806,30.448797,-91.124704
Biological,2020-04-10,2020,4,Spring,71101,32.505424,-93.748748
Biological,2020-04-10,2020,4,Spring,71101,32.505424,-93.748748
Biological,2020-07-29,2020,7,Summer,70806,30.448797,-91.124704
Biological,2020-08-05,2020,8,Summer,70806,30.448797,-91.124704
Biological,2020-08-18,2020,8,Summer,70806,30.448797,-91.124704
Biological,2021-04-29,2021,4,Spring,70806,30.448797,-91.124704
Biological,2022-04-20,2022,4,Spring,70806,30.448797,-91.124704
Biological,2021-07-30,2021,7,Summer,70806,30.448797,-91.124704
Biological,2021-08-02,2021,8,Summer,70806,30.448797,-91.124704
Biological,2021-07-31,2021,7,Summer,70806,30.448797,-91.124704
Biological,2021-08-02,2021,8,Summer,70806,30.448797,-91.124704
Biological,2021-08-02,2021,8,Summer,70806,30.448797,-91.124704
Biological,2021-09-29,2021,9,Fall,70806,30.448797,-91.124704
Biological,2022-06-28,2022,6,Summer,70806,30.448797,-91.124704
Biological,2022-10-06,2022,10,Fall,70806,30.448797,-91.124704
Biological,2021-08-02,2021,8,Summer,70806,30.448797,-91.124704
Biological,2021-08-17,2021,8,Summer,70806,30.448797,-91.124704
Biological,2022-06-28,2022,6,Summer,70806,30.448797,-91.124704
Biological,2020-04-10,2020,4,Spring,71101,32.505424,-93.748748
Biological,2021-09-17,2021,9,Fall,71101,32.505424,-93.748748
Biological,2020-07-07,2020,7,Summer,70546,30.266368,-92.673552
Biological,2020-07-08,2020,7,Summer,70546,30.266368,-92.673552
Biological,2020-07-16,2020,7,Summer,70546,30.266368,-92.673552
Biological,2021-11-10,2021,11,Fall,70546,30.266368,-92.673552
Biological,2020-07-22,2020,7,Summer,70806,30.448797,-91.124704
Biological,2020-08-28,2020,8,Summer,70806,30.448797,-91.124704
Biological,2021-09-17,2021,9,Fall,70806,30.448797,-91.124704
Biological,2020-07-30,2020,7,Summer,70560,29.937141,-91.864508
Biological,2021-09-17,2021,9,Fall,70560,29.937141,-91.864508
Biological,2020-08-07,2020,8,Summer,71112,32.448826,-93.645111
Biological,2020-08-11,2020,8,Summer,71112,32.448826,-93.645111
Biological,2020-08-24,2020,8,Summer,71112,32.448826,-93.645111
Biological,2020-08-28,2020,8,Summer,71112,32.448826,-93.645111
Biological,2021-12-14,2021,12,Winter,71112,32.448826,-93.645111
Biological,2022-01-18,2022,1,Winter,71112,32.448826,-93.645111
Biological,2020-12-11,2020,12,Winter,71203,32.581991,-92.018572
Biological,2021-12-14,2021,12,Winter,71203,32.581991,-92.018572
Biological,2022-01-18,2022,1,Winter,71203,32.581991,-92.018572
Biological,2021-06-15,2021,6,Summer,70601,30.226792,-93.215443
Biological,2021-06-21,2021,6,Summer,70601,30.226792,-93.215443
Biological,2021-06-23,2021,6,Summer,70601,30.226792,-93.215443
Biological,2021-12-14,2021,12,Winter,70601,30.226792,-93.215443
Biological,2022-08-11,2022,8,Summer,70601,30.226792,-93.215443
Biological,2023-06-22,2023,6,Summer,70601,30.226792,-93.215443
Biological,2020-03-26,2020,3,Spring,76209,33.2315,-97.109986
Biological,2021-04-20,2021,4,Spring,76209,33.2315,-97.109986
Biological,2021-03-01,2021,3,Spring,76209,33.2315,-97.109986
Biological,2021-03-11,2021,3,Spring,76209,33.2315,-97.109986
Biological,2021-12-07,2021,12,Winter,76209,33.2315,-97.109986
Biological,2021-02-25,2021,2,Winter,75210,32.771314,-96.747148
Biological,2021-03-02,2021,3,Spring,75210,32.771314,-96.747148
Biological,2021-03-24,2021,3,Spring,75210,32.771314,-96.747148
Biological,2021-05-06,2021,5,Spring,75210,32.771314,-96.747148
Biological,2021-11-03,2021,11,Fall,75210,32.771314,-96.747148
Biological,2022-05-17,2022,5,Spring,75210,32.771314,-96.747148
Biological,2023-01-26,2023,1,Winter,75210,32.771314,-96.747148
Biological,2023-04-26,2023,4,Spring,75210,32.771314,-96.747148
Biological,2021-03-12,2021,3,Spring,76209,33.2315,-97.109986
Biological,2021-05-06,2021,5,Spring,76209,33.2315,-97.109986
Biological,2021-05-14,2021,5,Spring,75210,32.771314,-96.747148
Biological,2021-05-17,2021,5,Spring,75210,32.771314,-96.747148
Biological,2021-09-15,2021,9,Fall,75210,32.771314,-96.747148
Biological,2022-04-11,2022,4,Spring,75210,32.771314,-96.747148
Biological,2021-02-21,2021,2,Winter,76209,33.2315,-97.109986
Biological,2021-12-14,2021,12,Winter,76209,33.2315,-97.109986
Biological,2021-05-17,2021,5,Spring,77054,29.68025,-95.404913
Biological,2021-06-10,2021,6,Summer,77054,29.68025,-95.404913
Biological,2021-09-09,2021,9,Fall,77054,29.68025,-95.404913
Biological,2022-10-26,2022,10,Fall,77054,29.68025,-95.404913
Biological,2023-04-04,2023,4,Spring,77054,29.68025,-95.404913
Biological,2020-10-26,2020,10,Fall,78218,29.494749,-98.396559
Biological,2021-09-14,2021,9,Fall,78218,29.494749,-98.396559
Biological,2022-04-21,2022,4,Spring,78218,29.494749,-98.396559
Biological,2020-04-01,2020,4,Spring,78752,30.331428,-97.703643
Biological,2020-04-03,2020,4,Spring,78752,30.331428,-97.703643
Biological,2020-04-03,2020,4,Spring,78752,30.331428,-97.703643
Biological,2020-04-21,2020,4,Spring,78752,30.331428,-97.703643
Biological,2020-04-04,2020,4,Spring,78703,30.293268,-97.76605
Biological,2020-04-17,2020,4,Spring,78703,30.293268,-97.76605
Biological,2020-04-20,2020,4,Spring,78703,30.293268,-97.76605
Biological,2020-04-27,2020,4,Spring,78703,30.293268,-97.76605
Biological,2020-05-02,2020,5,Spring,78703,30.293268,-97.76605
Biological,2020-05-14,2020,5,Spring,78703,30.293268,-97.76605
Biological,2020-06-05,2020,6,Summer,78703,30.293268,-97.76605
Biological,2020-08-03,2020,8,Summer,78703,30.293268,-97.76605
Biological,2020-08-28,2020,8,Summer,78703,30.293268,-97.76605
Biological,2021-08-09,2021,8,Summer,78703,30.293268,-97.76605
Biological,2022-02-09,2022,2,Winter,78703,30.293268,-97.76605
Biological,2022-12-01,2022,12,Winter,78703,30.293268,-97.76605
Biological,2023-07-27,2023,7,Summer,78703,30.293268,-97.76605
Biological,2020-04-22,2020,4,Spring,78752,30.331428,-97.703643
Biological,2021-01-11,2021,1,Winter,78752,30.331428,-97.703643
Biological,2022-04-26,2022,4,Spring,78752,30.331428,-97.703643
Biological,2020-06-30,2020,6,Summer,76209,33.2315,-97.109986
Biological,2020-08-12,2020,8,Summer,76209,33.2315,-97.109986
Biological,2020-09-09,2020,9,Fall,76209,33.2315,-97.109986
Biological,2020-10-05,2020,10,Fall,76209,33.2315,-97.109986
Biological,2020-11-04,2020,11,Fall,76209,33.2315,-97.109986
Biological,2020-11-23,2020,11,Fall,76209,33.2315,-97.109986
Biological,2021-03-01,2021,3,Spring,76209,33.2315,-97.109986
Biological,2021-05-10,2021,5,Spring,76209,33.2315,-97.109986
Biological,2021-08-17,2021,8,Summer,76209,33.2315,-97.109986
Biological,2021-08-19,2021,8,Summer,76209,33.2315,-97.109986
Biological,2021-08-24,2021,8,Summer,76209,33.2315,-97.109986
Biological,2021-11-03,2021,11,Fall,76209,33.2315,-97.109986
Biological,2022-02-23,2022,2,Winter,76209,33.2315,-97.109986
Biological,2022-05-03,2022,5,Spring,76209,33.2315,-97.109986
Biological,2020-08-14,2020,8,Summer,78703,30.293268,-97.76605
Biological,2020-09-08,2020,9,Fall,78703,30.293268,-97.76605
Biological,2020-09-04,2020,9,Fall,78703,30.293268,-97.76605
Biological,2020-09-18,2020,9,Fall,78703,30.293268,-97.76605
Biological,2020-10-27,2020,10,Fall,78703,30.293268,-97.76605
Biological,2020-11-23,2020,11,Fall,78703,30.293268,-97.76605
Biological,2021-04-15,2021,4,Spring,78703,30.293268,-97.76605
Biological,2021-08-09,2021,8,Summer,78703,30.293268,-97.76605
Biological,2022-06-21,2022,6,Summer,78703,30.293268,-97.76605
Biological,2022-11-28,2022,11,Fall,78703,30.293268,-97.76605
Biological,2023-03-14,2023,3,Spring,78703,30.293268,-97.76605
Biological,2023-04-11,2023,4,Spring,78703,30.293268,-97.76605
Biological,2023-04-26,2023,4,Spring,78703,30.293268,-97.76605
Biological,2023-05-16,2023,5,Spring,78703,30.293268,-97.76605
Biological,2023-09-12,2023,9,Fall,78703,30.293268,-97.76605
Biological,2020-11-03,2020,11,Fall,79905,31.766054,-106.426202
Biological,2020-11-04,2020,11,Fall,79905,31.766054,-106.426202
Biological,2020-12-01,2020,12,Winter,79905,31.766054,-106.426202
Biological,2020-12-14,2020,12,Winter,79905,31.766054,-106.426202
Biological,2021-05-05,2021,5,Spring,79905,31.766054,-106.426202
Biological,2022-02-23,2022,2,Winter,79905,31.766054,-106.426202
Biological,2022-02-25,2022,2,Winter,79905,31.766054,-106.426202
Biological,2022-08-09,2022,8,Summer,79905,31.766054,-106.426202
Biological,2022-12-15,2022,12,Winter,79905,31.766054,-106.426202
Biological,2020-12-10,2020,12,Winter,78703,30.293268,-97.76605
Biological,2020-12-23,2020,12,Winter,78703,30.293268,-97.76605
Biological,2021-01-27,2021,1,Winter,78703,30.293268,-97.76605
Biological,2021-02-08,2021,2,Winter,78703,30.293268,-97.76605
Biological,2021-02-23,2021,2,Winter,78703,30.293268,-97.76605
Biological,2021-02-23,2021,2,Winter,78703,30.293268,-97.76605
Biological,2021-03-03,2021,3,Spring,78703,30.293268,-97.76605
Biological,2021-04-02,2021,4,Spring,78703,30.293268,-97.76605
Biological,2021-04-16,2021,4,Spring,78703,30.293268,-97.76605
Biological,2021-08-09,2021,8,Summer,78703,30.293268,-97.76605
Biological,2022-06-21,2022,6,Summer,78703,30.293268,-97.76605
Biological,2023-04-14,2023,4,Spring,78703,30.293268,-97.76605
Biological,2023-06-05,2023,6,Summer,78703,30.293268,-97.76605
Biological,2023-07-27,2023,7,Summer,78703,30.293268,-97.76605
Biological,2021-01-16,2021,1,Winter,78752,30.331428,-97.703643
Biological,2021-01-29,2021,1,Winter,78752,30.331428,-97.703643
Biological,2021-05-05,2021,5,Spring,78752,30.331428,-97.703643
Biological,2021-08-17,2021,8,Summer,78752,30.331428,-97.703643
Biological,2021-09-09,2021,9,Fall,78752,30.331428,-97.703643
Biological,2022-04-21,2022,4,Spring,78752,30.331428,-97.703643
Biological,2021-04-15,2021,4,Spring,78703,30.293268,-97.76605
Biological,2021-04-16,2021,4,Spring,78703,30.293268,-97.76605
Biological,2021-06-30,2021,6,Summer,78703,30.293268,-97.76605
Biological,2021-09-20,2021,9,Fall,78703,30.293268,-97.76605
Biological,2021-12-09,2021,12,Winter,78703,30.293268,-97.76605
Biological,2022-03-07,2022,3,Spring,78703,30.293268,-97.76605
Biological,2022-03-28,2022,3,Spring,78703,30.293268,-97.76605
Biological,2023-03-15,2023,3,Spring,78703,30.293268,-97.76605
Biological,2023-06-05,2023,6,Summer,78703,30.293268,-97.76605
Biological,2023-07-27,2023,7,Summer,78703,30.293268,-97.76605
Biological,2021-05-10,2021,5,Spring,76209,33.2315,-97.109986
Biological,2021-09-10,2021,9,Fall,76209,33.2315,-97.109986
Biological,2021-12-20,2021,12,Winter,76209,33.2315,-97.109986
Biological,2022-02-22,2022,2,Winter,76209,33.2315,-97.109986
Biological,2022-03-07,2022,3,Spring,76209,33.2315,-97.109986
Biological,2022-05-03,2022,5,Spring,76209,33.2315,-97.109986
Biological,2022-08-09,2022,8,Summer,76209,33.2315,-97.109986
Biological,2022-10-26,2022,10,Fall,76209,33.2315,-97.109986
Biological,2022-01-18,2022,1,Winter,79106,35.203051,-101.891662
Biological,2022-02-09,2022,2,Winter,79106,35.203051,-101.891662
Biological,2022-09-15,2022,9,Fall,79106,35.203051,-101.891662
Biological,2023-03-03,2023,3,Spring,79106,35.203051,-101.891662
Biological,2022-05-27,2022,5,Spring,76209,33.2315,-97.109986
Biological,2022-06-02,2022,6,Summer,76209,33.2315,-97.109986
Biological,2022-06-02,2022,6,Summer,76209,33.2315,-97.109986
Biological,2022-08-25,2022,8,Summer,76209,33.2315,-97.109986
Biological,2022-12-15,2022,12,Winter,76209,33.2315,-97.109986
Biological,2020-05-06,2020,5,Spring,78752,30.331428,-97.703643
Biological,2021-04-29,2021,4,Spring,78752,30.331428,-97.703643
Biological,2021-09-14,2021,9,Fall,78752,30.331428,-97.703643
Biological,2022-04-21,2022,4,Spring,78752,30.331428,-97.703643
Biological,2020-07-03,2020,7,Summer,78752,30.331428,-97.703643
Biological,2020-07-29,2020,7,Summer,78752,30.331428,-97.703643
Biological,2020-11-14,2020,11,Fall,78752,30.331428,-97.703643
Biological,2020-07-29,2020,7,Summer,78501,26.215817,-98.239572
Biological,2020-11-14,2020,11,Fall,78501,26.215817,-98.239572
Biological,2020-10-26,2020,10,Fall,79905,31.766054,-106.426202
Biological,2021-04-29,2021,4,Spring,79905,31.766054,-106.426202
Biological,2023-05-23,2023,5,Spring,79905,31.766054,-106.426202
Biological,2023-09-13,2023,9,Fall,79905,31.766054,-106.426202
Biological,2023-09-22,2023,9,Fall,79905,31.766054,-106.426202
Biological,2020-11-15,2020,11,Fall,79104,35.201147,-101.789954
Biological,2020-11-15,2020,11,Fall,79104,35.201147,-101.789954
Biological,2022-04-12,2022,4,Spring,79104,35.201147,-101.789954
Biological,2022-04-13,2022,4,Spring,79104,35.201147,-101.789954
Biological,2020-11-18,2020,11,Fall,78728,30.453764,-97.686695
Biological,2020-11-19,2020,11,Fall,78728,30.453764,-97.686695
Biological,2021-04-16,2021,4,Spring,78728,30.453764,-97.686695
Biological,2021-01-11,2021,1,Winter,78752,30.331428,-97.703643
Biological,2021-01-13,2021,1,Winter,78752,30.331428,-97.703643
Biological,2021-01-22,2021,1,Winter,78752,30.331428,-97.703643
Biological,2021-01-28,2021,1,Winter,78752,30.331428,-97.703643
Biological,2022-04-12,2022,4,Spring,78752,30.331428,-97.703643
Biological,2021-08-11,2021,8,Summer,78223,29.310488,-98.387514
Biological,2021-08-12,2021,8,Summer,78223,29.310488,-98.387514
Biological,2021-08-12,2021,8,Summer,78223,29.310488,-98.387514
Biological,2021-09-07,2021,9,Fall,78223,29.310488,-98.387514
Biological,2022-06-13,2022,6,Summer,78223,29.310488,-98.387514
Biological,2021-08-14,2021,8,Summer,78728,30.453764,-97.686695
Biological,2022-05-13,2022,5,Spring,78728,30.453764,-97.686695
Biological,2021-08-22,2021,8,Summer,78728,30.453764,-97.686695
Biological,2022-06-13,2022,6,Summer,78728,30.453764,-97.686695
Biological,2021-08-24,2021,8,Summer,78728,30.453764,-97.686695
Biological,2021-10-07,2021,10,Fall,78728,30.453764,-97.686695
Biological,2022-05-13,2022,5,Spring,78728,30.453764,-97.686695
Biological,2021-09-13,2021,9,Fall,76018,32.662289,-97.090382
Biological,2021-09-29,2021,9,Fall,76018,32.662289,-97.090382
Biological,2022-05-13,2022,5,Spring,76018,32.662289,-97.090382
Biological,2021-01-29,2021,1,Winter,76262,33.009665,-97.219981
Biological,2021-05-05,2021,5,Spring,76262,33.009665,-97.219981
Biological,2021-02-24,2021,2,Winter,75210,32.771314,-96.747148
Biological,2021-03-25,2021,3,Spring,75210,32.771314,-96.747148
Biological,2021-03-25,2021,3,Spring,75210,32.771314,-96.747148
Biological,2021-08-06,2021,8,Summer,75210,32.771314,-96.747148
Biological,2022-10-26,2022,10,Fall,75210,32.771314,-96.747148
Biological,2021-02-02,2021,2,Winter,76209,33.2315,-97.109986
Biological,2021-02-25,2021,2,Winter,76209,33.2315,-97.109986
Biological,2021-03-30,2021,3,Spring,76209,33.2315,-97.109986
Biological,2021-08-18,2021,8,Summer,76209,33.2315,-97.109986
Biological,2021-02-15,2021,2,Winter,75210,32.771314,-96.747148
Biological,2021-09-10,2021,9,Fall,75210,32.771314,-96.747148
Biological,2022-02-09,2022,2,Winter,75210,32.771314,-96.747148
Biological,2021-04-13,2021,4,Spring,75210,32.771314,-96.747148
Biological,2022-02-17,2022,2,Winter,75210,32.771314,-96.747148
Biological,2021-02-02,2021,2,Winter,76177,32.966541,-97.303778
Biological,2021-03-04,2021,3,Spring,76177,32.966541,-97.303778
Biological,2021-03-11,2021,3,Spring,76177,32.966541,-97.303778
Biological,2021-03-24,2021,3,Spring,76177,32.966541,-97.303778
Biological,2021-03-30,2021,3,Spring,76177,32.966541,-97.303778
Biological,2021-04-23,2021,4,Spring,76177,32.966541,-97.303778
Biological,2021-08-05,2021,8,Summer,76177,32.966541,-97.303778
Biological,2021-02-03,2021,2,Winter,76209,33.2315,-97.109986
Biological,2021-02-12,2021,2,Winter,76209,33.2315,-97.109986
Biological,2021-03-05,2021,3,Spring,76209,33.2315,-97.109986
Biological,2021-03-09,2021,3,Spring,76209,33.2315,-97.109986
Biological,2021-08-05,2021,8,Summer,76209,33.2315,-97.109986
Biological,2021-04-07,2021,4,Spring,76209,33.2315,-97.109986
Biological,2021-04-23,2021,4,Spring,76209,33.2315,-97.109986
Biological,2022-05-17,2022,5,Spring,76209,33.2315,-97.109986
Biological,2022-07-06,2022,7,Summer,76209,33.2315,-97.109986
Biological,2022-08-16,2022,8,Summer,76209,33.2315,-97.109986
Biological,2021-04-26,2021,4,Spring,76177,32.966541,-97.303778
Biological,2022-02-17,2022,2,Winter,76177,32.966541,-97.303778
Biological,2022-05-17,2022,5,Spring,76177,32.966541,-97.303778
Biological,2022-08-01,2022,8,Summer,76177,32.966541,-97.303778
Biological,2020-05-03,2020,5,Spring,78114,29.126771,-98.198371
Biological,2020-05-14,2020,5,Spring,78114,29.126771,-98.198371
Biological,2020-05-20,2020,5,Spring,78114,29.126771,-98.198371
Biological,2020-06-25,2020,6,Summer,78114,29.126771,-98.198371
Biological,2020-07-28,2020,7,Summer,78114,29.126771,-98.198371
Biological,2021-09-17,2021,9,Fall,78114,29.126771,-98.198371
Biological,2020-06-25,2020,6,Summer,76209,33.2315,-97.109986
Biological,2020-07-29,2020,7,Summer,76209,33.2315,-97.109986
Biological,2020-09-03,2020,9,Fall,76209,33.2315,-97.109986
Biological,2020-09-25,2020,9,Fall,76209,33.2315,-97.109986
Biological,2020-10-27,2020,10,Fall,76209,33.2315,-97.109986
Biological,2020-11-25,2020,11,Fall,76209,33.2315,-97.109986
Biological,2020-12-17,2020,12,Winter,76209,33.2315,-97.109986
Biological,2021-01-28,2021,1,Winter,76209,33.2315,-97.109986
Biological,2021-02-22,2021,2,Winter,76209,33.2315,-97.109986
Biological,2021-03-24,2021,3,Spring,76209,33.2315,-97.109986
Biological,2021-04-29,2021,4,Spring,76209,33.2315,-97.109986
Biological,2021-09-24,2021,9,Fall,76209,33.2315,-97.109986
Biological,2020-07-11,2020,7,Summer,78756,30.322255,-97.740163
Biological,2020-07-11,2020,7,Summer,78756,30.322255,-97.740163
Biological,2020-07-24,2020,7,Summer,78756,30.322255,-97.740163
Biological,2020-08-07,2020,8,Summer,78756,30.322255,-97.740163
Biological,2020-09-03,2020,9,Fall,78756,30.322255,-97.740163
Biological,2020-10-05,2020,10,Fall,78756,30.322255,-97.740163
Biological,2020-11-03,2020,11,Fall,78756,30.322255,-97.740163
Biological,2020-11-24,2020,11,Fall,78756,30.322255,-97.740163
Biological,2020-12-18,2020,12,Winter,78756,30.322255,-97.740163
Biological,2021-01-29,2021,1,Winter,78756,30.322255,-97.740163
Biological,2021-09-21,2021,9,Fall,78756,30.322255,-97.740163
Biological,2022-04-12,2022,4,Spring,78756,30.322255,-97.740163
Biological,2021-02-03,2021,2,Winter,78756,30.322255,-97.740163
Biological,2021-09-22,2021,9,Fall,78756,30.322255,-97.740163
Biological,2021-04-26,2021,4,Spring,76209,33.2315,-97.109986
Biological,2021-05-26,2021,5,Spring,76209,33.2315,-97.109986
Biological,2021-09-24,2021,9,Fall,76209,33.2315,-97.109986
Biological,2020-08-11,2020,8,Summer,32399,30.383268,-84.231203
Biological,2020-09-02,2020,9,Fall,32399,30.383268,-84.231203
Biological,2020-09-02,2020,9,Fall,32399,30.383268,-84.231203
Biological,2020-10-01,2020,10,Fall,32399,30.383268,-84.231203
Biological,2020-10-22,2020,10,Fall,32399,30.383268,-84.231203
Biological,2020-11-24,2020,11,Fall,32399,30.383268,-84.231203
Biological,2022-02-08,2022,2,Winter,32399,30.383268,-84.231203
Biological,2022-09-20,2022,9,Fall,32399,30.383268,-84.231203
Biological,2023-02-03,2023,2,Winter,32399,30.383268,-84.231203
Biological,2023-02-24,2023,2,Winter,32399,30.383268,-84.231203
Biological,2020-12-10,2020,12,Winter,32399,30.383268,-84.231203
Biological,2020-12-22,2020,12,Winter,32399,30.383268,-84.231203
Biological,2021-01-28,2021,1,Winter,32399,30.383268,-84.231203
Biological,2021-02-24,2021,2,Winter,32399,30.383268,-84.231203
Biological,2021-03-26,2021,3,Spring,32399,30.383268,-84.231203
Biological,2021-04-16,2021,4,Spring,32399,30.383268,-84.231203
Biological,2022-06-22,2022,6,Summer,32399,30.383268,-84.231203
Biological,2023-05-03,2023,5,Spring,32399,30.383268,-84.231203
Biological,2023-06-05,2023,6,Summer,32399,30.383268,-84.231203
Biological,2023-07-31,2023,7,Summer,32399,30.383268,-84.231203
Biological,2021-02-13,2021,2,Winter,32399,30.383268,-84.231203
Biological,2021-02-01,2021,2,Winter,32399,30.383268,-84.231203
Biological,2021-08-16,2021,8,Summer,32399,30.383268,-84.231203
Biological,2021-10-22,2021,10,Fall,32399,30.383268,-84.231203
Biological,2022-07-25,2022,7,Summer,32399,30.383268,-84.231203
Biological,2020-08-04,2020,8,Summer,33021,26.02313,-80.186539
Biological,2020-08-07,2020,8,Summer,33021,26.02313,-80.186539
Biological,2020-10-02,2020,10,Fall,33021,26.02313,-80.186539
Biological,2020-10-02,2020,10,Fall,33021,26.02313,-80.186539
Biological,2021-08-07,2021,8,Summer,32809,28.462218,-81.385219
Biological,2021-08-10,2021,8,Summer,32809,28.462218,-81.385219
Biological,2021-08-10,2021,8,Summer,32809,28.462218,-81.385219
Biological,2022-05-04,2022,5,Spring,32809,28.462218,-81.385219
Biological,2023-05-31,2023,5,Spring,32809,28.462218,-81.385219
Biological,2020-03-25,2020,3,Spring,32399,30.383268,-84.231203
Biological,2020-04-09,2020,4,Spring,32399,30.383268,-84.231203
Biological,2020-09-15,2020,9,Fall,32399,30.383268,-84.231203
Biological,2021-04-01,2021,4,Spring,32399,30.383268,-84.231203
Biological,2021-02-05,2021,2,Winter,32092,29.929252,-81.521904
Biological,2021-04-01,2021,4,Spring,32092,29.929252,-81.521904
Biological,2021-08-24,2021,8,Summer,32092,29.929252,-81.521904
Biological,2021-08-25,2021,8,Summer,32092,29.929252,-81.521904
Biological,2021-10-05,2021,10,Fall,32092,29.929252,-81.521904
Biological,2021-10-19,2021,10,Fall,32092,29.929252,-81.521904
Biological,2022-03-22,2022,3,Spring,32092,29.929252,-81.521904
Biological,2021-03-01,2021,3,Spring,33612,28.050827,-82.449573
Biological,2021-08-24,2021,8,Summer,33612,28.050827,-82.449573
Biological,2021-03-09,2021,3,Spring,27407,36.013367,-79.871391
Biological,2021-04-30,2021,4,Spring,27407,36.013367,-79.871391
Biological,2021-10-20,2021,10,Fall,27407,36.013367,-79.871391
Biological,2022-04-21,2022,4,Spring,27407,36.013367,-79.871391
Biological,2023-01-24,2023,1,Winter,27407,36.013367,-79.871391
Biological,2023-05-03,2023,5,Spring,27407,36.013367,-79.871391
Biological,2021-04-02,2021,4,Spring,27407,36.013367,-79.871391
Biological,2021-10-20,2021,10,Fall,27407,36.013367,-79.871391
Biological,2022-04-21,2022,4,Spring,27407,36.013367,-79.871391
Biological,2023-01-24,2023,1,Winter,27407,36.013367,-79.871391
Biological,2021-03-19,2021,3,Spring,27407,36.013367,-79.871391
Biological,2021-03-22,2021,3,Spring,27407,36.013367,-79.871391
Biological,2021-03-23,2021,3,Spring,27407,36.013367,-79.871391
Biological,2021-04-26,2021,4,Spring,27407,36.013367,-79.871391
Biological,2021-03-19,2021,3,Spring,27407,36.013367,-79.871391
Biological,2021-03-29,2021,3,Spring,27407,36.013367,-79.871391
Biological,2020-09-19,2020,9,Fall,27028,35.926999,-80.571086
Biological,2021-04-01,2021,4,Spring,27028,35.926999,-80.571086
Biological,2021-04-28,2021,4,Spring,27028,35.926999,-80.571086
Biological,2021-03-29,2021,3,Spring,27407,36.013367,-79.871391
Biological,2021-04-29,2021,4,Spring,27407,36.013367,-79.871391
Biological,2021-08-21,2021,8,Summer,27607,35.817784,-78.727509
Biological,2022-05-04,2022,5,Spring,27607,35.817784,-78.727509
Biological,2022-01-11,2022,1,Winter,27403,36.064078,-79.825413
Biological,2022-02-04,2022,2,Winter,27403,36.064078,-79.825413
Biological,2023-01-24,2023,1,Winter,27403,36.064078,-79.825413
Biological,2022-01-27,2022,1,Winter,28210,35.130509000000004,-80.856685
Biological,2022-07-26,2022,7,Summer,28210,35.130509000000004,-80.856685
Biological,2021-03-19,2021,3,Spring,27407,36.013367,-79.871391
Biological,2021-10-14,2021,10,Fall,27407,36.013367,-79.871391
Biological,2021-02-01,2021,2,Winter,28711,35.600604,-82.269687
Biological,2021-04-01,2021,4,Spring,28711,35.600604,-82.269687
Biological,2021-04-21,2021,4,Spring,28711,35.600604,-82.269687
Biological,2021-04-22,2021,4,Spring,28711,35.600604,-82.269687
Biological,2021-02-05,2021,2,Winter,08736,40.120018,-74.053257
Biological,2021-12-16,2021,12,Winter,08736,40.120018,-74.053257
Biological,2021-02-20,2021,2,Winter,07722,40.287799,-74.166807
Biological,2021-02-27,2021,2,Winter,07722,40.287799,-74.166807
Biological,2021-12-16,2021,12,Winter,07722,40.287799,-74.166807
Biological,2021-01-28,2021,1,Winter,07722,40.287799,-74.166807
Biological,2021-02-02,2021,2,Winter,07722,40.287799,-74.166807
Biological,2021-02-18,2021,2,Winter,07722,40.287799,-74.166807
Biological,2021-03-22,2021,3,Spring,07722,40.287799,-74.166807
Biological,2021-04-24,2021,4,Spring,07722,40.287799,-74.166807
Biological,2021-05-15,2021,5,Spring,07722,40.287799,-74.166807
Biological,2021-11-23,2021,11,Fall,07722,40.287799,-74.166807
Biological,2022-05-17,2022,5,Spring,07722,40.287799,-74.166807
Biological,2023-04-21,2023,4,Spring,07722,40.287799,-74.166807
Biological,2021-04-15,2021,4,Spring,07722,40.287799,-74.166807
Biological,2021-11-18,2021,11,Fall,07722,40.287799,-74.166807
Biological,2022-05-17,2022,5,Spring,07722,40.287799,-74.166807
Biological,2023-02-09,2023,2,Winter,07722,40.287799,-74.166807
Biological,2021-03-17,2021,3,Spring,07722,40.287799,-74.166807
Biological,2021-05-20,2021,5,Spring,07722,40.287799,-74.166807
Biological,2022-03-30,2022,3,Spring,07722,40.287799,-74.166807
Biological,2023-02-09,2023,2,Winter,07722,40.287799,-74.166807
Biological,2021-03-23,2021,3,Spring,07102,40.735659,-74.173605
Biological,2021-11-22,2021,11,Fall,07102,40.735659,-74.173605
Biological,2021-05-12,2021,5,Spring,07722,40.287799,-74.166807
Biological,2022-03-30,2022,3,Spring,07722,40.287799,-74.166807
Biological,2021-12-24,2021,12,Winter,07722,40.287799,-74.166807
Biological,2022-01-30,2022,1,Winter,07722,40.287799,-74.166807
Biological,2022-08-11,2022,8,Summer,07722,40.287799,-74.166807
Biological,2021-12-29,2021,12,Winter,08837,40.514281,-74.343859
Biological,2022-01-12,2022,1,Winter,08837,40.514281,-74.343859
Biological,2022-01-31,2022,1,Winter,08837,40.514281,-74.343859
Biological,2022-07-12,2022,7,Summer,08837,40.514281,-74.343859
Biological,2022-08-16,2022,8,Summer,08837,40.514281,-74.343859
Biological,2022-01-20,2022,1,Winter,07103,40.738852,-74.195264
Biological,2022-01-26,2022,1,Winter,07103,40.738852,-74.195264
Biological,2021-03-06,2021,3,Spring,07722,40.287799,-74.166807
Biological,2021-03-06,2021,3,Spring,07722,40.287799,-74.166807
Biological,2021-12-16,2021,12,Winter,07722,40.287799,-74.166807
Biological,2021-02-20,2021,2,Winter,07722,40.287799,-74.166807
Biological,2021-02-25,2021,2,Winter,07722,40.287799,-74.166807
Biological,2021-03-18,2021,3,Spring,07722,40.287799,-74.166807
Biological,2021-11-23,2021,11,Fall,07722,40.287799,-74.166807
Biological,2021-12-24,2021,12,Winter,07722,40.287799,-74.166807
Biological,2022-01-30,2022,1,Winter,07722,40.287799,-74.166807
Biological,2022-05-17,2022,5,Spring,07722,40.287799,-74.166807
Biological,2021-12-29,2021,12,Winter,08837,40.514281,-74.343859
Biological,2022-08-26,2022,8,Summer,08837,40.514281,-74.343859
Biological,2021-02-20,2021,2,Winter,07722,40.287799,-74.166807
Biological,2021-02-27,2021,2,Winter,07722,40.287799,-74.166807
Biological,2021-05-20,2021,5,Spring,07722,40.287799,-74.166807
Biological,2021-02-26,2021,2,Winter,07722,40.287799,-74.166807
Biological,2022-02-22,2022,2,Winter,07722,40.287799,-74.166807
Biological,2021-02-20,2021,2,Winter,07722,40.287799,-74.166807
Biological,2021-02-25,2021,2,Winter,07722,40.287799,-74.166807
Biological,2022-03-01,2022,3,Spring,07722,40.287799,-74.166807
Biological,2021-02-20,2021,2,Winter,07722,40.287799,-74.166807
Biological,2021-02-26,2021,2,Winter,07722,40.287799,-74.166807
Biological,2021-02-26,2021,2,Winter,07722,40.287799,-74.166807
Biological,2021-03-06,2021,3,Spring,07722,40.287799,-74.166807
Biological,2021-11-23,2021,11,Fall,07722,40.287799,-74.166807
Biological,2020-10-26,2020,10,Fall,28139,35.348363,-81.994737
Biological,2021-04-02,2021,4,Spring,28139,35.348363,-81.994737
Biological,2022-03-30,2022,3,Spring,28139,35.348363,-81.994737
Biological,2020-12-04,2020,12,Winter,07080,40.574413,-74.4148
Biological,2021-04-02,2021,4,Spring,07080,40.574413,-74.4148
Biological,2021-09-28,2021,9,Fall,07080,40.574413,-74.4148
Biological,2021-03-05,2021,3,Spring,07722,40.287799,-74.166807
Biological,2021-03-25,2021,3,Spring,07722,40.287799,-74.166807
Biological,2021-09-28,2021,9,Fall,07722,40.287799,-74.166807
Biological,2021-04-06,2021,4,Spring,07722,40.287799,-74.166807
Biological,2020-03-29,2020,3,Spring,07722,40.287799,-74.166807
Biological,2021-03-19,2021,3,Spring,07722,40.287799,-74.166807
Biological,2020-04-02,2020,4,Spring,07722,40.287799,-74.166807
Biological,2021-03-20,2021,3,Spring,07722,40.287799,-74.166807
Biological,2020-04-13,2020,4,Spring,07722,40.287799,-74.166807
Biological,2020-04-17,2020,4,Spring,07722,40.287799,-74.166807
Biological,2020-04-27,2020,4,Spring,07722,40.287799,-74.166807
Biological,2020-05-06,2020,5,Spring,07722,40.287799,-74.166807
Biological,2020-05-14,2020,5,Spring,07722,40.287799,-74.166807
Biological,2020-06-08,2020,6,Summer,07722,40.287799,-74.166807
Biological,2022-02-16,2022,2,Winter,07722,40.287799,-74.166807
Biological,2023-01-11,2023,1,Winter,07722,40.287799,-74.166807
Biological,2020-04-02,2020,4,Spring,08628,40.264418,-74.827047
Biological,2021-03-21,2021,3,Spring,08628,40.264418,-74.827047
Biological,2021-04-02,2021,4,Spring,08628,40.264418,-74.827047
Biological,2020-04-07,2020,4,Spring,10019,40.765735,-73.985065
Biological,2020-08-25,2020,8,Summer,10019,40.765735,-73.985065
Biological,2021-04-02,2021,4,Spring,10019,40.765735,-73.985065
Biological,2021-09-19,2021,9,Fall,10019,40.765735,-73.985065
Biological,2020-04-23,2020,4,Spring,08628,40.264418,-74.827047
Biological,2020-05-01,2020,5,Spring,08628,40.264418,-74.827047
Biological,2020-08-18,2020,8,Summer,08628,40.264418,-74.827047
Biological,2020-09-22,2020,9,Fall,08628,40.264418,-74.827047
Biological,2021-04-02,2021,4,Spring,08628,40.264418,-74.827047
Biological,2021-05-15,2021,5,Spring,08628,40.264418,-74.827047
Biological,2021-12-16,2021,12,Winter,08628,40.264418,-74.827047
Biological,2022-03-01,2022,3,Spring,08628,40.264418,-74.827047
Biological,2022-05-17,2022,5,Spring,08628,40.264418,-74.827047
Biological,2020-08-07,2020,8,Summer,07722,40.287799,-74.166807
Biological,2020-09-03,2020,9,Fall,07722,40.287799,-74.166807
Biological,2020-09-03,2020,9,Fall,07722,40.287799,-74.166807
Biological,2020-12-09,2020,12,Winter,07722,40.287799,-74.166807
Biological,2020-12-15,2020,12,Winter,07722,40.287799,-74.166807
Biological,2020-12-21,2020,12,Winter,07722,40.287799,-74.166807
Biological,2020-12-22,2020,12,Winter,07722,40.287799,-74.166807
Biological,2021-01-26,2021,1,Winter,07722,40.287799,-74.166807
Biological,2021-02-25,2021,2,Winter,07722,40.287799,-74.166807
Biological,2021-04-21,2021,4,Spring,07722,40.287799,-74.166807
Biological,2021-07-12,2021,7,Summer,07722,40.287799,-74.166807
Biological,2022-05-17,2022,5,Spring,07722,40.287799,-74.166807
Biological,2022-07-21,2022,7,Summer,07722,40.287799,-74.166807
Biological,2023-07-18,2023,7,Summer,07722,40.287799,-74.166807
Biological,2023-08-08,2023,8,Summer,07722,40.287799,-74.166807
Biological,2023-08-22,2023,8,Summer,07722,40.287799,-74.166807
Biological,2021-03-20,2021,3,Spring,07722,40.287799,-74.166807
Biological,2021-05-06,2021,5,Spring,07722,40.287799,-74.166807
Biological,2021-09-14,2021,9,Fall,07722,40.287799,-74.166807
Biological,2021-11-18,2021,11,Fall,07722,40.287799,-74.166807
Biological,2022-02-22,2022,2,Winter,07722,40.287799,-74.166807
Biological,2022-05-17,2022,5,Spring,07722,40.287799,-74.166807
Biological,2022-11-03,2022,11,Fall,07722,40.287799,-74.166807
Biological,2023-03-23,2023,3,Spring,07722,40.287799,-74.166807
Biological,2021-12-24,2021,12,Winter,07722,40.287799,-74.166807
Biological,2022-01-30,2022,1,Winter,07722,40.287799,-74.166807
Biological,2022-07-21,2022,7,Summer,07722,40.287799,-74.166807
Biological,2021-04-09,2021,4,Spring,07102,40.735659,-74.173605
Biological,2022-07-07,2022,7,Summer,07102,40.735659,-74.173605
Biological,2021-03-20,2021,3,Spring,07722,40.287799,-74.166807
Biological,2021-05-13,2021,5,Spring,07722,40.287799,-74.166807
Biological,2022-02-22,2022,2,Winter,07722,40.287799,-74.166807
Biological,2022-09-12,2022,9,Fall,07722,40.287799,-74.166807
Biological,2022-05-24,2022,5,Spring,07722,40.287799,-74.166807
Biological,2022-05-26,2022,5,Spring,07722,40.287799,-74.166807
Biological,2022-05-26,2022,5,Spring,07722,40.287799,-74.166807
Biological,2022-08-03,2022,8,Summer,07722,40.287799,-74.166807
Biological,2022-08-18,2022,8,Summer,07722,40.287799,-74.166807
Biological,2022-12-13,2022,12,Winter,07722,40.287799,-74.166807
Biological,2023-08-08,2023,8,Summer,07722,40.287799,-74.166807
Biological,2021-03-19,2021,3,Spring,07722,40.287799,-74.166807
Biological,2021-03-23,2021,3,Spring,07722,40.287799,-74.166807
Biological,2020-04-21,2020,4,Spring,08628,40.264418,-74.827047
Biological,2021-04-02,2021,4,Spring,08628,40.264418,-74.827047
Biological,2021-06-18,2021,6,Summer,08628,40.264418,-74.827047
Biological,2021-09-15,2021,9,Fall,08628,40.264418,-74.827047
Biological,2020-04-09,2020,4,Spring,08628,40.264418,-74.827047
Biological,2020-04-11,2020,4,Spring,08628,40.264418,-74.827047
Biological,2020-12-28,2020,12,Winter,07080,40.574413,-74.4148
Biological,2021-04-02,2021,4,Spring,07080,40.574413,-74.4148
Biological,2021-04-19,2021,4,Spring,07080,40.574413,-74.4148
Biological,2021-02-01,2021,2,Winter,08057,39.979658,-74.941308
Biological,2021-02-03,2021,2,Winter,08057,39.979658,-74.941308
Biological,2021-02-03,2021,2,Winter,08057,39.979658,-74.941308
Biological,2021-04-19,2021,4,Spring,08057,39.979658,-74.941308
Biological,2021-03-23,2021,3,Spring,07722,40.287799,-74.166807
Biological,2021-12-24,2021,12,Winter,07722,40.287799,-74.166807
Biological,2022-01-30,2022,1,Winter,07722,40.287799,-74.166807
Biological,2022-08-11,2022,8,Summer,07722,40.287799,-74.166807
Biological,2022-11-30,2022,11,Fall,07722,40.287799,-74.166807
Biological,2021-12-29,2021,12,Winter,08837,40.514281,-74.343859
Biological,2022-05-17,2022,5,Spring,08837,40.514281,-74.343859
Biological,2021-12-29,2021,12,Winter,07018,40.755733,-74.217917
Biological,2022-01-06,2022,1,Winter,07018,40.755733,-74.217917
Biological,2021-03-06,2021,3,Spring,07722,40.287799,-74.166807
Biological,2021-03-06,2021,3,Spring,07722,40.287799,-74.166807
Biological,2021-11-23,2021,11,Fall,07722,40.287799,-74.166807
Biological,2021-02-20,2021,2,Winter,07722,40.287799,-74.166807
Biological,2021-02-27,2021,2,Winter,07722,40.287799,-74.166807
Biological,2021-12-16,2021,12,Winter,07722,40.287799,-74.166807
Biological,2021-02-27,2021,2,Winter,07722,40.287799,-74.166807
Biological,2021-03-08,2021,3,Spring,07722,40.287799,-74.166807
Biological,2021-02-12,2021,2,Winter,07722,40.287799,-74.166807
Biological,2021-02-22,2021,2,Winter,07722,40.287799,-74.166807
Biological,2021-03-04,2021,3,Spring,07722,40.287799,-74.166807
Biological,2021-05-06,2021,5,Spring,07722,40.287799,-74.166807
Biological,2021-11-22,2021,11,Fall,07722,40.287799,-74.166807
Biological,2021-02-27,2021,2,Winter,07722,40.287799,-74.166807
Biological,2022-03-01,2022,3,Spring,07722,40.287799,-74.166807
Biological,2021-04-26,2021,4,Spring,07722,40.287799,-74.166807
Biological,2021-11-18,2021,11,Fall,07722,40.287799,-74.166807
Biological,2021-04-20,2021,4,Spring,07722,40.287799,-74.166807
Biological,2022-02-22,2022,2,Winter,07722,40.287799,-74.166807
Biological,2020-03-29,2020,3,Spring,07018,40.755733,-74.217917
Biological,2020-04-01,2020,4,Spring,07018,40.755733,-74.217917
Biological,2020-05-23,2020,5,Spring,07018,40.755733,-74.217917
Biological,2021-04-02,2021,4,Spring,07018,40.755733,-74.217917
Biological,2021-06-22,2021,6,Summer,07018,40.755733,-74.217917
Biological,2021-07-20,2021,7,Summer,07018,40.755733,-74.217917
Biological,2020-05-01,2020,5,Spring,07652,40.947299,-74.070169
Biological,2021-04-02,2021,4,Spring,07652,40.947299,-74.070169
Biological,2021-07-20,2021,7,Summer,07652,40.947299,-74.070169
Biological,2021-01-31,2021,1,Winter,07722,40.287799,-74.166807
Biological,2021-05-20,2021,5,Spring,07722,40.287799,-74.166807
Biological,2021-12-14,2021,12,Winter,07722,40.287799,-74.166807
Biological,2021-04-15,2021,4,Spring,07722,40.287799,-74.166807
Biological,2021-11-18,2021,11,Fall,07722,40.287799,-74.166807
Biological,2021-12-27,2021,12,Winter,07722,40.287799,-74.166807
Biological,2022-01-30,2022,1,Winter,07722,40.287799,-74.166807
Biological,2022-02-22,2022,2,Winter,07722,40.287799,-74.166807
Biological,2021-03-19,2021,3,Spring,62703,39.763035,-89.631099
Biological,2021-03-24,2021,3,Spring,62703,39.763035,-89.631099
Biological,2021-03-11,2021,3,Spring,60612,41.880511,-87.687867
Biological,2021-03-15,2021,3,Spring,60612,41.880511,-87.687867
Biological,2020-04-13,2020,4,Spring,62702,39.824222,-89.64273
Biological,2021-03-15,2021,3,Spring,60612,41.880511,-87.687867
Biological,2021-03-19,2021,3,Spring,60612,41.880511,-87.687867
Biological,2021-04-19,2021,4,Spring,62704,39.773498,-89.68384
Biological,2021-04-23,2021,4,Spring,62704,39.773498,-89.68384
Biological,2021-05-10,2021,5,Spring,62704,39.773498,-89.68384
Biological,2021-05-24,2021,5,Spring,62704,39.773498,-89.68384
Biological,2021-06-23,2021,6,Summer,62704,39.773498,-89.68384
Biological,2021-11-01,2021,11,Fall,62704,39.773498,-89.68384
Biological,2021-04-19,2021,4,Spring,62704,39.773498,-89.68384
Biological,2021-05-24,2021,5,Spring,62704,39.773498,-89.68384
Biological,2022-05-03,2022,5,Spring,62704,39.773498,-89.68384
Biological,2021-04-19,2021,4,Spring,62704,39.773498,-89.68384
Biological,2022-01-24,2022,1,Winter,62704,39.773498,-89.68384
Biological,2021-05-10,2021,5,Spring,62220,38.478277,-89.998032
Biological,2021-05-17,2021,5,Spring,62220,38.478277,-89.998032
Biological,2021-06-23,2021,6,Summer,62220,38.478277,-89.998032
Biological,2021-12-06,2021,12,Winter,62220,38.478277,-89.998032
Biological,2022-01-24,2022,1,Winter,62220,38.478277,-89.998032
Biological,2021-05-10,2021,5,Spring,62220,38.478277,-89.998032
Biological,2021-11-01,2021,11,Fall,62220,38.478277,-89.998032
Biological,2021-04-19,2021,4,Spring,62704,39.773498,-89.68384
Biological,2021-04-22,2021,4,Spring,62704,39.773498,-89.68384
Biological,2020-10-30,2020,10,Fall,28139,35.348363,-81.994737
Biological,2021-03-31,2021,3,Spring,28139,35.348363,-81.994737
Biological,2021-09-29,2021,9,Fall,28139,35.348363,-81.994737
Biological,2021-05-24,2021,5,Spring,62220,38.478277,-89.998032
Biological,2021-06-30,2021,6,Summer,62220,38.478277,-89.998032
Biological,2021-06-30,2021,6,Summer,62220,38.478277,-89.998032
Biological,2021-08-03,2021,8,Summer,62220,38.478277,-89.998032
Biological,2021-01-28,2021,1,Winter,60605,41.867566,-87.617228
Biological,2021-02-24,2021,2,Winter,60612,41.880511,-87.687867
Biological,2021-03-02,2021,3,Spring,60612,41.880511,-87.687867
Biological,2021-08-13,2021,8,Summer,60612,41.880511,-87.687867
Biological,2021-11-02,2021,11,Fall,60612,41.880511,-87.687867
Biological,2022-05-03,2022,5,Spring,60612,41.880511,-87.687867
Biological,2022-08-31,2022,8,Summer,60612,41.880511,-87.687867
Biological,2022-11-28,2022,11,Fall,60612,41.880511,-87.687867
Biological,2021-04-19,2021,4,Spring,60612,41.880511,-87.687867
Biological,2021-11-02,2021,11,Fall,60612,41.880511,-87.687867
Biological,2022-01-31,2022,1,Winter,60612,41.880511,-87.687867
Biological,2021-05-10,2021,5,Spring,62220,38.478277,-89.998032
Biological,2021-12-17,2021,12,Winter,62220,38.478277,-89.998032
Biological,2023-01-23,2023,1,Winter,62220,38.478277,-89.998032
Biological,2021-05-10,2021,5,Spring,62220,38.478277,-89.998032
Biological,2021-05-17,2021,5,Spring,62220,38.478277,-89.998032
Biological,2021-06-23,2021,6,Summer,62220,38.478277,-89.998032
Biological,2021-10-27,2021,10,Fall,62220,38.478277,-89.998032
Biological,2021-05-10,2021,5,Spring,62220,38.478277,-89.998032
Biological,2021-05-24,2021,5,Spring,62220,38.478277,-89.998032
Biological,2021-06-10,2021,6,Summer,62220,38.478277,-89.998032
Biological,2021-08-03,2021,8,Summer,62220,38.478277,-89.998032
Biological,2022-03-23,2022,3,Spring,62220,38.478277,-89.998032
Biological,2022-08-12,2022,8,Summer,62220,38.478277,-89.998032
Biological,2021-06-10,2021,6,Summer,62220,38.478277,-89.998032
Biological,2021-06-23,2021,6,Summer,62220,38.478277,-89.998032
Biological,2021-08-03,2021,8,Summer,62220,38.478277,-89.998032
Biological,2021-09-21,2021,9,Fall,62220,38.478277,-89.998032
Biological,2021-05-17,2021,5,Spring,62220,38.478277,-89.998032
Biological,2021-11-01,2021,11,Fall,62220,38.478277,-89.998032
Biological,2021-05-24,2021,5,Spring,62220,38.478277,-89.998032
Biological,2021-06-23,2021,6,Summer,62220,38.478277,-89.998032
Biological,2021-09-21,2021,9,Fall,62220,38.478277,-89.998032
Biological,2021-10-20,2021,10,Fall,62220,38.478277,-89.998032
Biological,2022-02-01,2022,2,Winter,62220,38.478277,-89.998032
Biological,2020-05-05,2020,5,Spring,60605,41.867566,-87.617228
Biological,2020-06-08,2020,6,Summer,60605,41.867566,-87.617228
Biological,2020-07-07,2020,7,Summer,60605,41.867566,-87.617228
Biological,2021-05-27,2021,5,Spring,60605,41.867566,-87.617228
Biological,2022-03-18,2022,3,Spring,60605,41.867566,-87.617228
Biological,2021-01-30,2021,1,Winter,60605,41.867566,-87.617228
Biological,2021-05-10,2021,5,Spring,62220,38.478277,-89.998032
Biological,2021-05-17,2021,5,Spring,62220,38.478277,-89.998032
Biological,2021-05-24,2021,5,Spring,62220,38.478277,-89.998032
Biological,2021-06-23,2021,6,Summer,62220,38.478277,-89.998032
Biological,2020-03-26,2020,3,Spring,60616,41.844883,-87.624032
Biological,2020-04-08,2020,4,Spring,60616,41.844883,-87.624032
Biological,2021-03-31,2021,3,Spring,60616,41.844883,-87.624032
Biological,2021-04-29,2021,4,Spring,60616,41.844883,-87.624032
Biological,2021-09-14,2021,9,Fall,60616,41.844883,-87.624032
Biological,2022-01-14,2022,1,Winter,60426,41.610251,-87.653038
Biological,2021-05-24,2021,5,Spring,62220,38.478277,-89.998032
Biological,2022-05-25,2022,5,Spring,62220,38.478277,-89.998032
Biological,2021-05-24,2021,5,Spring,62220,38.478277,-89.998032
Biological,2021-12-16,2021,12,Winter,62220,38.478277,-89.998032
Biological,2020-03-28,2020,3,Spring,62703,39.763035,-89.631099
Biological,2020-04-16,2020,4,Spring,62703,39.763035,-89.631099
Biological,2021-03-31,2021,3,Spring,62703,39.763035,-89.631099
Biological,2021-04-16,2021,4,Spring,62703,39.763035,-89.631099
Biological,2022-12-06,2022,12,Winter,62703,39.763035,-89.631099
Biological,2021-04-13,2021,4,Spring,62703,39.763035,-89.631099
Biological,2021-04-15,2021,4,Spring,62703,39.763035,-89.631099
Biological,2021-06-03,2021,6,Summer,62703,39.763035,-89.631099
Biological,2021-06-04,2021,6,Summer,62703,39.763035,-89.631099
Biological,2021-08-03,2021,8,Summer,62703,39.763035,-89.631099
Biological,2022-04-21,2022,4,Spring,62703,39.763035,-89.631099
Biological,2022-06-23,2022,6,Summer,62703,39.763035,-89.631099
Biological,2021-02-09,2021,2,Winter,62703,39.763035,-89.631099
Biological,2021-03-15,2021,3,Spring,62703,39.763035,-89.631099
Biological,2022-02-15,2022,2,Winter,62703,39.763035,-89.631099
Biological,2022-03-29,2022,3,Spring,62703,39.763035,-89.631099
Biological,2021-04-19,2021,4,Spring,62703,39.763035,-89.631099
Biological,2022-02-15,2022,2,Winter,62703,39.763035,-89.631099
Biological,2022-03-11,2022,3,Spring,62703,39.763035,-89.631099
Biological,2022-07-28,2022,7,Summer,62703,39.763035,-89.631099
Biological,2020-04-06,2020,4,Spring,60616,41.844883,-87.624032
Biological,2020-04-08,2020,4,Spring,60616,41.844883,-87.624032
Biological,2021-05-10,2021,5,Spring,62220,38.478277,-89.998032
Biological,2021-12-09,2021,12,Winter,62220,38.478277,-89.998032
Biological,2022-03-18,2022,3,Spring,62220,38.478277,-89.998032
Biological,2022-05-31,2022,5,Spring,62220,38.478277,-89.998032
Biological,2021-07-13,2021,7,Summer,62701,39.800544,-89.648894
Biological,2021-09-15,2021,9,Fall,62701,39.800544,-89.648894
Biological,2021-09-03,2021,9,Fall,61832,40.13236,-87.632069
Biological,2021-10-05,2021,10,Fall,61832,40.13236,-87.632069
Biological,2022-10-14,2022,10,Fall,61832,40.13236,-87.632069
Biological,2022-10-17,2022,10,Fall,61832,40.13236,-87.632069
Biological,2020-11-20,2020,11,Fall,64131,38.959809,-94.571951
Biological,2021-01-12,2021,1,Winter,64131,38.959809,-94.571951
Biological,2021-02-23,2021,2,Winter,64131,38.959809,-94.571951
Biological,2021-05-07,2021,5,Spring,64131,38.959809,-94.571951
Biological,2020-05-12,2020,5,Spring,65101,38.49743,-92.133196
Biological,2020-06-11,2020,6,Summer,65101,38.49743,-92.133196
Biological,2020-09-16,2020,9,Fall,65101,38.49743,-92.133196
Biological,2021-04-16,2021,4,Spring,65101,38.49743,-92.133196
Biological,2021-02-19,2021,2,Winter,65101,38.49743,-92.133196
Biological,2021-03-17,2021,3,Spring,65101,38.49743,-92.133196
Biological,2021-03-31,2021,3,Spring,65101,38.49743,-92.133196
Biological,2021-06-08,2021,6,Summer,65101,38.49743,-92.133196
Biological,2021-11-09,2021,11,Fall,65101,38.49743,-92.133196
Biological,2022-05-10,2022,5,Spring,65101,38.49743,-92.133196
Biological,2023-02-03,2023,2,Winter,65101,38.49743,-92.133196
Biological,2023-05-11,2023,5,Spring,65101,38.49743,-92.133196
Biological,2021-05-28,2021,5,Spring,65101,38.49743,-92.133196
Biological,2021-11-09,2021,11,Fall,65101,38.49743,-92.133196
Biological,2022-02-17,2022,2,Winter,65101,38.49743,-92.133196
Biological,2022-01-11,2022,1,Winter,63113,38.65802,-90.2476
Biological,2022-05-10,2022,5,Spring,63113,38.65802,-90.2476
Biological,2022-06-29,2022,6,Summer,63113,38.65802,-90.2476
Biological,2020-11-23,2020,11,Fall,64131,38.959809,-94.571951
Biological,2021-01-12,2021,1,Winter,64131,38.959809,-94.571951
Biological,2021-02-23,2021,2,Winter,64131,38.959809,-94.571951
Biological,2021-05-07,2021,5,Spring,64131,38.959809,-94.571951
Biological,2021-03-31,2021,3,Spring,63101,38.631397,-90.192753
Biological,2021-04-28,2021,4,Spring,63101,38.631397,-90.192753
Biological,2020-10-28,2020,10,Fall,65109,38.573482,-92.276821
Biological,2021-04-16,2021,4,Spring,65109,38.573482,-92.276821
Biological,2021-11-09,2021,11,Fall,65109,38.573482,-92.276821
Biological,2020-03-28,2020,3,Spring,65101,38.49743,-92.133196
Biological,2020-04-14,2020,4,Spring,65101,38.49743,-92.133196
Biological,2020-04-25,2020,4,Spring,65101,38.49743,-92.133196
Biological,2020-05-18,2020,5,Spring,65101,38.49743,-92.133196
Biological,2020-06-09,2020,6,Summer,65101,38.49743,-92.133196
Biological,2022-02-08,2022,2,Winter,65101,38.49743,-92.133196
Biological,2023-06-22,2023,6,Summer,65101,38.49743,-92.133196
Biological,2023-08-01,2023,8,Summer,65101,38.49743,-92.133196
Biological,2020-07-09,2020,7,Summer,64131,38.959809,-94.571951
Biological,2021-03-17,2021,3,Spring,64131,38.959809,-94.571951
Biological,2020-08-13,2020,8,Summer,65101,38.49743,-92.133196
Biological,2020-09-03,2020,9,Fall,65101,38.49743,-92.133196
Biological,2020-09-03,2020,9,Fall,65101,38.49743,-92.133196
Biological,2020-12-08,2020,12,Winter,65101,38.49743,-92.133196
Biological,2020-12-22,2020,12,Winter,65101,38.49743,-92.133196
Biological,2021-01-27,2021,1,Winter,65101,38.49743,-92.133196
Biological,2021-02-10,2021,2,Winter,65101,38.49743,-92.133196
Biological,2021-02-25,2021,2,Winter,65101,38.49743,-92.133196
Biological,2021-03-29,2021,3,Spring,65101,38.49743,-92.133196
Biological,2021-04-20,2021,4,Spring,65101,38.49743,-92.133196
Biological,2022-06-23,2022,6,Summer,65101,38.49743,-92.133196
Biological,2022-10-19,2022,10,Fall,65101,38.49743,-92.133196
Biological,2023-05-18,2023,5,Spring,65101,38.49743,-92.133196
Biological,2023-07-21,2023,7,Summer,65101,38.49743,-92.133196
Biological,2020-11-20,2020,11,Fall,64131,38.959809,-94.571951
Biological,2021-01-12,2021,1,Winter,64131,38.959809,-94.571951
Biological,2021-05-20,2021,5,Spring,64131,38.959809,-94.571951
Biological,2021-03-16,2021,3,Spring,64131,38.959809,-94.571951
Biological,2021-05-12,2021,5,Spring,64131,38.959809,-94.571951
Biological,2021-11-09,2021,11,Fall,64131,38.959809,-94.571951
Biological,2022-02-17,2022,2,Winter,64131,38.959809,-94.571951
Biological,2021-03-26,2021,3,Spring,63106,38.644424,-90.207972
Biological,2021-03-30,2021,3,Spring,63101,38.631397,-90.192753
Biological,2021-04-06,2021,4,Spring,63101,38.631397,-90.192753
Biological,2021-08-17,2021,8,Summer,63101,38.631397,-90.192753
Biological,2021-11-09,2021,11,Fall,63101,38.631397,-90.192753
Biological,2022-05-10,2022,5,Spring,63101,38.631397,-90.192753
Biological,2022-10-19,2022,10,Fall,63101,38.631397,-90.192753
Biological,2023-02-03,2023,2,Winter,63101,38.631397,-90.192753
Biological,2023-05-11,2023,5,Spring,63101,38.631397,-90.192753
Biological,2023-07-31,2023,7,Summer,63101,38.631397,-90.192753
Biological,2021-04-20,2021,4,Spring,65101,38.49743,-92.133196
Biological,2021-09-17,2021,9,Fall,65101,38.49743,-92.133196
Biological,2021-12-09,2021,12,Winter,65101,38.49743,-92.133196
Biological,2023-02-28,2023,2,Winter,65101,38.49743,-92.133196
Biological,2023-03-07,2023,3,Spring,65101,38.49743,-92.133196
Biological,2023-06-15,2023,6,Summer,65101,38.49743,-92.133196
Biological,2022-01-12,2022,1,Winter,64131,38.959809,-94.571951
Biological,2022-11-22,2022,11,Fall,64131,38.959809,-94.571951
Biological,2022-01-20,2022,1,Winter,63136,38.744761,-90.259924
Biological,2022-05-10,2022,5,Spring,63136,38.744761,-90.259924
Biological,2022-11-22,2022,11,Fall,63136,38.744761,-90.259924
Biological,2022-12-21,2022,12,Winter,63136,38.744761,-90.259924
Biological,2021-04-19,2021,4,Spring,63101,38.631397,-90.192753
Biological,2021-05-25,2021,5,Spring,63101,38.631397,-90.192753
Biological,2022-05-24,2022,5,Spring,63101,38.631397,-90.192753
Biological,2021-04-02,2021,4,Spring,63101,38.631397,-90.192753
Biological,2021-04-07,2021,4,Spring,63101,38.631397,-90.192753
Biological,2021-04-29,2021,4,Spring,63101,38.631397,-90.192753
Biological,2021-05-19,2021,5,Spring,63101,38.631397,-90.192753
Biological,2021-11-16,2021,11,Fall,63101,38.631397,-90.192753
Biological,2021-03-23,2021,3,Spring,64131,38.959809,-94.571951
Biological,2021-06-11,2021,6,Summer,64131,38.959809,-94.571951
Biological,2022-12-14,2022,12,Winter,64131,38.959809,-94.571951
Biological,2020-11-05,2020,11,Fall,64429,39.736744,-94.225807
Biological,2021-02-19,2021,2,Winter,64429,39.736744,-94.225807
Biological,2021-04-01,2021,4,Spring,63101,38.631397,-90.192753
Biological,2022-06-09,2022,6,Summer,63101,38.631397,-90.192753
Biological,2021-07-29,2021,7,Summer,65803,37.283159,-93.289905
Biological,2022-06-09,2022,6,Summer,65803,37.283159,-93.289905
Biological,2022-01-05,2022,1,Winter,64132,38.979726,-94.541547
Biological,2022-01-19,2022,1,Winter,64132,38.979726,-94.541547
Biological,2022-07-28,2022,7,Summer,64132,38.979726,-94.541547
Biological,2022-02-01,2022,2,Winter,64130,39.034782,-94.542049
Biological,2023-02-03,2023,2,Winter,64130,39.034782,-94.542049
Biological,2020-10-14,2020,10,Fall,64131,38.959809,-94.571951
Biological,2021-03-19,2021,3,Spring,64131,38.959809,-94.571951
Biological,2020-05-12,2020,5,Spring,65101,38.49743,-92.133196
Biological,2020-12-16,2020,12,Winter,65101,38.49743,-92.133196
Biological,2021-04-16,2021,4,Spring,65101,38.49743,-92.133196
Biological,2021-04-01,2021,4,Spring,63101,38.631397,-90.192753
Biological,2021-08-19,2021,8,Summer,63101,38.631397,-90.192753
Biological,2021-11-09,2021,11,Fall,63101,38.631397,-90.192753
Biological,2020-11-24,2020,11,Fall,64131,38.959809,-94.571951
Biological,2021-01-12,2021,1,Winter,64131,38.959809,-94.571951
Biological,2021-02-23,2021,2,Winter,64131,38.959809,-94.571951
Biological,2021-05-07,2021,5,Spring,64131,38.959809,-94.571951
Biological,2020-09-16,2020,9,Fall,63701,37.331446,-89.584145
Biological,2021-03-01,2021,3,Spring,63701,37.331446,-89.584145
Biological,2021-04-16,2021,4,Spring,63701,37.331446,-89.584145
Biological,2022-03-23,2022,3,Spring,63701,37.331446,-89.584145
Biological,2020-09-18,2020,9,Fall,65559,38.016857,-91.614457
Biological,2021-04-16,2021,4,Spring,65559,38.016857,-91.614457
Biological,2021-06-28,2021,6,Summer,65559,38.016857,-91.614457
Biological,2021-09-21,2021,9,Fall,65559,38.016857,-91.614457
Biological,2020-09-23,2020,9,Fall,64131,38.959809,-94.571951
Biological,2020-10-22,2020,10,Fall,64131,38.959809,-94.571951
Biological,2020-12-01,2020,12,Winter,64131,38.959809,-94.571951
Biological,2021-01-28,2021,1,Winter,64131,38.959809,-94.571951
Biological,2021-01-29,2021,1,Winter,64131,38.959809,-94.571951
Biological,2021-03-29,2021,3,Spring,64131,38.959809,-94.571951
Biological,2021-07-08,2021,7,Summer,64131,38.959809,-94.571951
Biological,2020-10-03,2020,10,Fall,65712,37.110815,-93.806027
Biological,2021-04-16,2021,4,Spring,65712,37.110815,-93.806027
Biological,2021-08-26,2021,8,Summer,65712,37.110815,-93.806027
Biological,2020-10-03,2020,10,Fall,64034,38.858572,-94.297554
Biological,2021-04-16,2021,4,Spring,64034,38.858572,-94.297554
Biological,2021-07-08,2021,7,Summer,64034,38.858572,-94.297554
Biological,2022-04-20,2022,4,Spring,64034,38.858572,-94.297554
Biological,2023-01-05,2023,1,Winter,64034,38.858572,-94.297554
Biological,2023-01-27,2023,1,Winter,64034,38.858572,-94.297554
Biological,2020-10-10,2020,10,Fall,64429,39.736744,-94.225807
Biological,2021-04-16,2021,4,Spring,64429,39.736744,-94.225807
Biological,2021-07-08,2021,7,Summer,64429,39.736744,-94.225807
Biological,2022-06-09,2022,6,Summer,64429,39.736744,-94.225807
Biological,2021-07-14,2021,7,Summer,65807,37.167524,-93.324808
Biological,2022-01-27,2022,1,Winter,65807,37.167524,-93.324808
Biological,2021-03-18,2021,3,Spring,21136,39.439136,-76.844548
Biological,2021-03-25,2021,3,Spring,21136,39.439136,-76.844548
Biological,2021-08-31,2021,8,Summer,21136,39.439136,-76.844548
Biological,2022-03-02,2022,3,Spring,21136,39.439136,-76.844548
Biological,2021-03-18,2021,3,Spring,21136,39.439136,-76.844548
Biological,2021-03-25,2021,3,Spring,21136,39.439136,-76.844548
Biological,2021-08-31,2021,8,Summer,21136,39.439136,-76.844548
Biological,2021-11-09,2021,11,Fall,21136,39.439136,-76.844548
Biological,2021-03-26,2021,3,Spring,21136,39.439136,-76.844548
Biological,2021-03-29,2021,3,Spring,21136,39.439136,-76.844548
Biological,2021-04-14,2021,4,Spring,21136,39.439136,-76.844548
Biological,2021-03-30,2021,3,Spring,20740,39.002743,-76.930804
Biological,2021-08-31,2021,8,Summer,20740,39.002743,-76.930804
Biological,2021-11-09,2021,11,Fall,20740,39.002743,-76.930804
Biological,2021-12-07,2021,12,Winter,20740,39.002743,-76.930804
Biological,2021-04-09,2021,4,Spring,20740,39.002743,-76.930804
Biological,2021-11-09,2021,11,Fall,20740,39.002743,-76.930804
Biological,2021-03-27,2021,3,Spring,20783,38.997067,-76.966783
Biological,2021-04-28,2021,4,Spring,20783,38.997067,-76.966783
Biological,2021-11-02,2021,11,Fall,20783,38.997067,-76.966783
Biological,2022-05-25,2022,5,Spring,20783,38.997067,-76.966783
Biological,2022-07-29,2022,7,Summer,20783,38.997067,-76.966783
Biological,2021-04-24,2021,4,Spring,20770,38.999726,-76.889112
Biological,2021-04-28,2021,4,Spring,20770,38.999726,-76.889112
Biological,2020-04-06,2020,4,Spring,21136,39.439136,-76.844548
Biological,2020-04-07,2020,4,Spring,21136,39.439136,-76.844548
Biological,2020-04-07,2020,4,Spring,21136,39.439136,-76.844548
Biological,2020-04-07,2020,4,Spring,21136,39.439136,-76.844548
Biological,2020-04-29,2020,4,Spring,21136,39.439136,-76.844548
Biological,2020-06-22,2020,6,Summer,21136,39.439136,-76.844548
Biological,2021-03-26,2021,3,Spring,21136,39.439136,-76.844548
Biological,2021-04-14,2021,4,Spring,21136,39.439136,-76.844548
Biological,2021-11-16,2021,11,Fall,21136,39.439136,-76.844548
Biological,2021-04-28,2021,4,Spring,21136,39.439136,-76.844548
Biological,2021-05-07,2021,5,Spring,21136,39.439136,-76.844548
Biological,2021-11-16,2021,11,Fall,21136,39.439136,-76.844548
Biological,2021-02-24,2021,2,Winter,20602,38.583248,-76.894703
Biological,2021-03-09,2021,3,Spring,20602,38.583248,-76.894703
Biological,2021-03-22,2021,3,Spring,20602,38.583248,-76.894703
Biological,2021-11-02,2021,11,Fall,20602,38.583248,-76.894703
Biological,2022-05-24,2022,5,Spring,20602,38.583248,-76.894703
Biological,2021-04-24,2021,4,Spring,20602,38.583248,-76.894703
Biological,2021-04-29,2021,4,Spring,20602,38.583248,-76.894703
Biological,2021-11-02,2021,11,Fall,20602,38.583248,-76.894703
Biological,2022-05-25,2022,5,Spring,20602,38.583248,-76.894703
Biological,2021-04-19,2021,4,Spring,21136,39.439136,-76.844548
Biological,2022-01-21,2022,1,Winter,21136,39.439136,-76.844548
Biological,2021-04-23,2021,4,Spring,20620,38.233122,-76.52183
Biological,2022-01-21,2022,1,Winter,20620,38.233122,-76.52183
Biological,2021-04-19,2021,4,Spring,21136,39.439136,-76.844548
Biological,2023-03-22,2023,3,Spring,21136,39.439136,-76.844548
Biological,2023-05-22,2023,5,Spring,21136,39.439136,-76.844548
Biological,2021-04-23,2021,4,Spring,20602,38.583248,-76.894703
Biological,2021-05-11,2021,5,Spring,20602,38.583248,-76.894703
Biological,2023-03-22,2023,3,Spring,20602,38.583248,-76.894703
Biological,2023-05-22,2023,5,Spring,20602,38.583248,-76.894703
Biological,2021-04-01,2021,4,Spring,20740,39.002743,-76.930804
Biological,2021-05-18,2021,5,Spring,20740,39.002743,-76.930804
Biological,2021-08-31,2021,8,Summer,20740,39.002743,-76.930804
Biological,2022-05-25,2022,5,Spring,20740,39.002743,-76.930804
Biological,2023-07-13,2023,7,Summer,20740,39.002743,-76.930804
Biological,2021-04-19,2021,4,Spring,21136,39.439136,-76.844548
Biological,2021-05-18,2021,5,Spring,21136,39.439136,-76.844548
Biological,2021-05-26,2021,5,Spring,21136,39.439136,-76.844548
Biological,2021-12-07,2021,12,Winter,21136,39.439136,-76.844548
Biological,2020-03-30,2020,3,Spring,21136,39.439136,-76.844548
Biological,2020-04-10,2020,4,Spring,21136,39.439136,-76.844548
Biological,2020-04-14,2020,4,Spring,21136,39.439136,-76.844548
Biological,2020-04-15,2020,4,Spring,21136,39.439136,-76.844548
Biological,2020-04-16,2020,4,Spring,21136,39.439136,-76.844548
Biological,2020-04-29,2020,4,Spring,21136,39.439136,-76.844548
Biological,2020-05-16,2020,5,Spring,21136,39.439136,-76.844548
Biological,2020-06-05,2020,6,Summer,21136,39.439136,-76.844548
Biological,2022-02-07,2022,2,Winter,21136,39.439136,-76.844548
Biological,2023-06-06,2023,6,Summer,21136,39.439136,-76.844548
Biological,2023-09-14,2023,9,Fall,21136,39.439136,-76.844548
Biological,2023-09-18,2023,9,Fall,21136,39.439136,-76.844548
Biological,2020-05-04,2020,5,Spring,21076,39.171402,-76.723341
Biological,2020-05-06,2020,5,Spring,21076,39.171402,-76.723341
Biological,2020-05-06,2020,5,Spring,21076,39.171402,-76.723341
Biological,2020-05-14,2020,5,Spring,21076,39.171402,-76.723341
Biological,2020-05-07,2020,5,Spring,20854,39.032772,-77.22083
Biological,2020-05-14,2020,5,Spring,20854,39.032772,-77.22083
Biological,2020-08-18,2020,8,Summer,21136,39.439136,-76.844548
Biological,2020-09-03,2020,9,Fall,21136,39.439136,-76.844548
Biological,2020-09-03,2020,9,Fall,21136,39.439136,-76.844548
Biological,2020-12-10,2020,12,Winter,21136,39.439136,-76.844548
Biological,2021-01-19,2021,1,Winter,21136,39.439136,-76.844548
Biological,2021-01-26,2021,1,Winter,21136,39.439136,-76.844548
Biological,2021-02-24,2021,2,Winter,21136,39.439136,-76.844548
Biological,2021-03-26,2021,3,Spring,21136,39.439136,-76.844548
Biological,2021-04-15,2021,4,Spring,21136,39.439136,-76.844548
Biological,2022-06-28,2022,6,Summer,21136,39.439136,-76.844548
Biological,2022-10-14,2022,10,Fall,21136,39.439136,-76.844548
Biological,2023-05-22,2023,5,Spring,21136,39.439136,-76.844548
Biological,2021-04-15,2021,4,Spring,21136,39.439136,-76.844548
Biological,2021-06-24,2021,6,Summer,21136,39.439136,-76.844548
Biological,2021-09-15,2021,9,Fall,21136,39.439136,-76.844548
Biological,2021-12-14,2021,12,Winter,21136,39.439136,-76.844548
Biological,2022-01-21,2022,1,Winter,21136,39.439136,-76.844548
Biological,2022-03-10,2022,3,Spring,21201,39.294961,-76.622341
Biological,2023-02-06,2023,2,Winter,21201,39.294961,-76.622341
Biological,2022-01-21,2022,1,Winter,20912,38.981601,-77.001159
Biological,2022-05-25,2022,5,Spring,20912,38.981601,-77.001159
Biological,2022-11-22,2022,11,Fall,20912,38.981601,-77.001159
Biological,2022-12-20,2022,12,Winter,20912,38.981601,-77.001159
Biological,2022-01-21,2022,1,Winter,19106,39.946649,-75.142232
Biological,2022-08-19,2022,8,Summer,19106,39.946649,-75.142232
Biological,2022-08-24,2022,8,Summer,19106,39.946649,-75.142232
Biological,2021-04-23,2021,4,Spring,21136,39.439136,-76.844548
Biological,2022-11-21,2022,11,Fall,21136,39.439136,-76.844548
Biological,2021-04-23,2021,4,Spring,20602,38.583248,-76.894703
Biological,2021-05-10,2021,5,Spring,20602,38.583248,-76.894703
Biological,2021-09-22,2021,9,Fall,20602,38.583248,-76.894703
Biological,2021-11-04,2021,11,Fall,20602,38.583248,-76.894703
Biological,2021-04-01,2021,4,Spring,20740,39.002743,-76.930804
Biological,2021-04-29,2021,4,Spring,20740,39.002743,-76.930804
Biological,2021-05-05,2021,5,Spring,20740,39.002743,-76.930804
Biological,2021-05-18,2021,5,Spring,20740,39.002743,-76.930804
Biological,2022-09-02,2022,9,Fall,20740,39.002743,-76.930804
Biological,2021-04-29,2021,4,Spring,20602,38.583248,-76.894703
Biological,2021-05-10,2021,5,Spring,20602,38.583248,-76.894703
Biological,2023-07-28,2023,7,Summer,20602,38.583248,-76.894703
Biological,2020-04-07,2020,4,Spring,21201,39.294961,-76.622341
Biological,2020-04-14,2020,4,Spring,21201,39.294961,-76.622341
Biological,2021-05-03,2021,5,Spring,21201,39.294961,-76.622341
Biological,2021-09-14,2021,9,Fall,21201,39.294961,-76.622341
Biological,2020-04-08,2020,4,Spring,21076,39.171402,-76.723341
Biological,2020-04-16,2020,4,Spring,21076,39.171402,-76.723341
Biological,2020-05-04,2020,5,Spring,21076,39.171402,-76.723341
Biological,2020-05-12,2020,5,Spring,21076,39.171402,-76.723341
Biological,2020-08-25,2020,8,Summer,21704,39.354883,-77.375902
Biological,2021-04-14,2021,4,Spring,21704,39.354883,-77.375902
Biological,2021-05-03,2021,5,Spring,21704,39.354883,-77.375902
Biological,2021-03-29,2021,3,Spring,20783,38.997067,-76.966783
Biological,2021-04-26,2021,4,Spring,20740,39.002743,-76.930804
Biological,2022-07-21,2022,7,Summer,20740,39.002743,-76.930804
Biological,2022-08-10,2022,8,Summer,20740,39.002743,-76.930804
Biological,2022-01-04,2022,1,Winter,21201,39.294961,-76.622341
Biological,2022-01-28,2022,1,Winter,21201,39.294961,-76.622341
Biological,2022-05-04,2022,5,Spring,21201,39.294961,-76.622341
Biological,2023-02-10,2023,2,Winter,21201,39.294961,-76.622341
Biological,2022-02-11,2022,2,Winter,21223,39.282951,-76.653877
Biological,2022-02-18,2022,2,Winter,21223,39.282951,-76.653877
Biological,2022-02-25,2022,2,Winter,21223,39.282951,-76.653877
Biological,2022-11-30,2022,11,Fall,21223,39.282951,-76.653877
Biological,2022-02-18,2022,2,Winter,21223,39.282951,-76.653877
Biological,2022-02-25,2022,2,Winter,21223,39.282951,-76.653877
Biological,2022-03-08,2022,3,Spring,21223,39.282951,-76.653877
Biological,2022-03-24,2022,3,Spring,21223,39.282951,-76.653877
Biological,2021-12-31,2021,12,Winter,21201,39.294961,-76.622341
Biological,2022-01-04,2022,1,Winter,21201,39.294961,-76.622341
Biological,2021-02-20,2021,2,Winter,20602,38.583248,-76.894703
Biological,2021-08-25,2021,8,Summer,20602,38.583248,-76.894703
Biological,2021-11-09,2021,11,Fall,20602,38.583248,-76.894703
Biological,2022-03-02,2022,3,Spring,20602,38.583248,-76.894703
Biological,2021-04-14,2021,4,Spring,21136,39.439136,-76.844548
Biological,2021-05-11,2021,5,Spring,21136,39.439136,-76.844548
Biological,2021-08-31,2021,8,Summer,21136,39.439136,-76.844548
Biological,2022-03-02,2022,3,Spring,21136,39.439136,-76.844548
Biological,2021-04-23,2021,4,Spring,20740,39.002743,-76.930804
Biological,2021-04-26,2021,4,Spring,20740,39.002743,-76.930804
Biological,2021-08-31,2021,8,Summer,20740,39.002743,-76.930804
Biological,2021-11-09,2021,11,Fall,20740,39.002743,-76.930804
Biological,2022-03-17,2022,3,Spring,20740,39.002743,-76.930804
Biological,2021-04-23,2021,4,Spring,21136,39.439136,-76.844548
Biological,2021-04-26,2021,4,Spring,21136,39.439136,-76.844548
Biological,2021-08-31,2021,8,Summer,21136,39.439136,-76.844548
Biological,2021-11-09,2021,11,Fall,21136,39.439136,-76.844548
Biological,2021-02-23,2021,2,Winter,20602,38.583248,-76.894703
Biological,2021-03-12,2021,3,Spring,20602,38.583248,-76.894703
Biological,2022-07-18,2022,7,Summer,20602,38.583248,-76.894703
Biological,2023-02-27,2023,2,Winter,20602,38.583248,-76.894703
Biological,2023-06-27,2023,6,Summer,20602,38.583248,-76.894703
Biological,2023-08-28,2023,8,Summer,20602,38.583248,-76.894703
Biological,2021-03-12,2021,3,Spring,20602,38.583248,-76.894703
Biological,2021-08-23,2021,8,Summer,20602,38.583248,-76.894703
Biological,2021-03-22,2021,3,Spring,21136,39.439136,-76.844548
Biological,2021-04-29,2021,4,Spring,21136,39.439136,-76.844548
Biological,2021-12-07,2021,12,Winter,21136,39.439136,-76.844548
Biological,2021-03-25,2021,3,Spring,21136,39.439136,-76.844548
Biological,2021-04-29,2021,4,Spring,21136,39.439136,-76.844548
Biological,2021-05-24,2021,5,Spring,21136,39.439136,-76.844548
Biological,2022-05-25,2022,5,Spring,21136,39.439136,-76.844548
Biological,2021-04-05,2021,4,Spring,21136,39.439136,-76.844548
Biological,2021-04-29,2021,4,Spring,21136,39.439136,-76.844548
Biological,2022-07-27,2022,7,Summer,21136,39.439136,-76.844548
Biological,2021-04-06,2021,4,Spring,20602,38.583248,-76.894703
Biological,2021-04-21,2021,4,Spring,20602,38.583248,-76.894703
Biological,2021-04-29,2021,4,Spring,20602,38.583248,-76.894703
Biological,2021-11-09,2021,11,Fall,20602,38.583248,-76.894703
Biological,2022-01-25,2022,1,Winter,20602,38.583248,-76.894703
Biological,2023-03-31,2023,3,Spring,20602,38.583248,-76.894703
Biological,2021-04-28,2021,4,Spring,21136,39.439136,-76.844548
Biological,2021-11-16,2021,11,Fall,21136,39.439136,-76.844548
Biological,2022-03-09,2022,3,Spring,21136,39.439136,-76.844548
Biological,2020-05-23,2020,5,Spring,20622,38.417355,-76.878012
Biological,2020-06-04,2020,6,Summer,20622,38.417355,-76.878012
Biological,2022-02-23,2022,2,Winter,20622,38.417355,-76.878012
Biological,2021-04-02,2021,4,Spring,29223,34.092634,-80.919271
Biological,2021-06-29,2021,6,Summer,29223,34.092634,-80.919271
Biological,2020-04-08,2020,4,Spring,29172,33.905765,-81.075502
Biological,2020-04-11,2020,4,Spring,29172,33.905765,-81.075502
Biological,2020-04-25,2020,4,Spring,29172,33.905765,-81.075502
Biological,2020-05-05,2020,5,Spring,29172,33.905765,-81.075502
Biological,2020-05-14,2020,5,Spring,29172,33.905765,-81.075502
Biological,2020-06-08,2020,6,Summer,29172,33.905765,-81.075502
Biological,2022-02-08,2022,2,Winter,29172,33.905765,-81.075502
Biological,2022-08-25,2022,8,Summer,29172,33.905765,-81.075502
Biological,2022-10-05,2022,10,Fall,29172,33.905765,-81.075502
Biological,2022-12-09,2022,12,Winter,29172,33.905765,-81.075502
Biological,2023-05-18,2023,5,Spring,29172,33.905765,-81.075502
Biological,2023-06-15,2023,6,Summer,29172,33.905765,-81.075502
Biological,2023-07-13,2023,7,Summer,29172,33.905765,-81.075502
Biological,2023-08-17,2023,8,Summer,29172,33.905765,-81.075502
Biological,2021-04-01,2021,4,Spring,29223,34.092634,-80.919271
Biological,2021-04-07,2021,4,Spring,29223,34.092634,-80.919271
Biological,2020-12-23,2020,12,Winter,29440,33.38111,-79.32976
Biological,2021-01-07,2021,1,Winter,29732,34.970716,-81.081364
Biological,2021-01-15,2021,1,Winter,29223,34.092634,-80.919271
Biological,2021-04-01,2021,4,Spring,29223,34.092634,-80.919271
Biological,2021-04-21,2021,4,Spring,29223,34.092634,-80.919271
Biological,2020-06-05,2020,6,Summer,29488,32.906763,-80.672836
Biological,2020-06-19,2020,6,Summer,29488,32.906763,-80.672836
Biological,2020-07-01,2020,7,Summer,29488,32.906763,-80.672836
Biological,2021-01-07,2021,1,Winter,29488,32.906763,-80.672836
Biological,2021-01-18,2021,1,Winter,29621,34.506294,-82.603598
Biological,2021-01-26,2021,1,Winter,29488,32.906763,-80.672836
Biological,2021-02-04,2021,2,Winter,29488,32.906763,-80.672836
Biological,2021-04-01,2021,4,Spring,29488,32.906763,-80.672836
Biological,2021-09-21,2021,9,Fall,29488,32.906763,-80.672836
Biological,2021-09-21,2021,9,Fall,29488,32.906763,-80.672836
Biological,2021-04-28,2021,4,Spring,48502,43.014645,-83.689159
Biological,2021-05-06,2021,5,Spring,48502,43.014645,-83.689159
Biological,2021-08-04,2021,8,Summer,48502,43.014645,-83.689159
Biological,2021-11-01,2021,11,Fall,48502,43.014645,-83.689159
Biological,2022-05-09,2022,5,Spring,48502,43.014645,-83.689159
Biological,2023-01-23,2023,1,Winter,48502,43.014645,-83.689159
Biological,2021-03-11,2021,3,Spring,48226,42.331815,-83.050354
Biological,2021-11-02,2021,11,Fall,48226,42.331815,-83.050354
Biological,2021-03-02,2021,3,Spring,48864,42.70417,-84.392139
Biological,2021-04-21,2021,4,Spring,48864,42.70417,-84.392139
Biological,2020-10-28,2020,10,Fall,28139,35.348363,-81.994737
Biological,2021-04-01,2021,4,Spring,28139,35.348363,-81.994737
Biological,2021-11-01,2021,11,Fall,28139,35.348363,-81.994737
Biological,2020-03-30,2020,3,Spring,48821,42.640388,-84.6513
Biological,2020-04-13,2020,4,Spring,48821,42.640388,-84.6513
Biological,2020-04-24,2020,4,Spring,48821,42.640388,-84.6513
Biological,2020-05-08,2020,5,Spring,48821,42.640388,-84.6513
Biological,2020-05-15,2020,5,Spring,48821,42.640388,-84.6513
Biological,2020-06-05,2020,6,Summer,48821,42.640388,-84.6513
Biological,2022-02-07,2022,2,Winter,48821,42.640388,-84.6513
Biological,2023-04-25,2023,4,Spring,48821,42.640388,-84.6513
Biological,2023-06-07,2023,6,Summer,48821,42.640388,-84.6513
Biological,2020-08-11,2020,8,Summer,48821,42.640388,-84.6513
Biological,2020-09-02,2020,9,Fall,48821,42.640388,-84.6513
Biological,2020-09-02,2020,9,Fall,48821,42.640388,-84.6513
Biological,2020-09-24,2020,9,Fall,48821,42.640388,-84.6513
Biological,2020-10-23,2020,10,Fall,48821,42.640388,-84.6513
Biological,2020-12-01,2020,12,Winter,48821,42.640388,-84.6513
Biological,2020-12-08,2020,12,Winter,48821,42.640388,-84.6513
Biological,2020-12-15,2020,12,Winter,48821,42.640388,-84.6513
Biological,2020-12-22,2020,12,Winter,48821,42.640388,-84.6513
Biological,2021-01-27,2021,1,Winter,48821,42.640388,-84.6513
Biological,2021-03-03,2021,3,Spring,48821,42.640388,-84.6513
Biological,2021-05-12,2021,5,Spring,48821,42.640388,-84.6513
Biological,2021-08-13,2021,8,Summer,48821,42.640388,-84.6513
Biological,2021-11-02,2021,11,Fall,48821,42.640388,-84.6513
Biological,2022-09-01,2022,9,Fall,48821,42.640388,-84.6513
Biological,2022-11-17,2022,11,Fall,48821,42.640388,-84.6513
Biological,2021-04-13,2021,4,Spring,49503,42.96212,-85.659394
Biological,2021-04-21,2021,4,Spring,49503,42.96212,-85.659394
Biological,2021-11-02,2021,11,Fall,49503,42.96212,-85.659394
Biological,2022-01-31,2022,1,Winter,49503,42.96212,-85.659394
Biological,2023-01-27,2023,1,Winter,49503,42.96212,-85.659394
Biological,2021-11-23,2021,11,Fall,49503,42.96212,-85.659394
Biological,2021-12-01,2021,12,Winter,49503,42.96212,-85.659394
Biological,2021-12-27,2021,12,Winter,49503,42.96212,-85.659394
Biological,2022-05-02,2022,5,Spring,49503,42.96212,-85.659394
Biological,2022-09-01,2022,9,Fall,49503,42.96212,-85.659394
Biological,2022-11-28,2022,11,Fall,49503,42.96212,-85.659394
Biological,2021-11-23,2021,11,Fall,49503,42.96212,-85.659394
Biological,2021-12-01,2021,12,Winter,49503,42.96212,-85.659394
Biological,2021-12-27,2021,12,Winter,49503,42.96212,-85.659394
Biological,2022-05-02,2022,5,Spring,49503,42.96212,-85.659394
Biological,2022-08-17,2022,8,Summer,49503,42.96212,-85.659394
Biological,2022-09-01,2022,9,Fall,49503,42.96212,-85.659394
Biological,2022-11-17,2022,11,Fall,49503,42.96212,-85.659394
Biological,2023-06-23,2023,6,Summer,49503,42.96212,-85.659394
Biological,2021-12-02,2021,12,Winter,48602,43.420026,-83.974472
Biological,2021-12-27,2021,12,Winter,48602,43.420026,-83.974472
Biological,2022-02-02,2022,2,Winter,48602,43.420026,-83.974472
Biological,2022-05-02,2022,5,Spring,48602,43.420026,-83.974472
Biological,2022-10-26,2022,10,Fall,48602,43.420026,-83.974472
Biological,2022-11-18,2022,11,Fall,48602,43.420026,-83.974472
Biological,2023-06-27,2023,6,Summer,48602,43.420026,-83.974472
Biological,2021-12-14,2021,12,Winter,20024,38.870543,-77.026826
Biological,2022-09-01,2022,9,Fall,20024,38.870543,-77.026826
Biological,2021-12-21,2021,12,Winter,49444,43.177117,-86.199527
Biological,2022-05-02,2022,5,Spring,49444,43.177117,-86.199527
Biological,2022-11-18,2022,11,Fall,49444,43.177117,-86.199527
Biological,2022-01-13,2022,1,Winter,48192,42.210674,-83.157208
Biological,2022-05-02,2022,5,Spring,48192,42.210674,-83.157208
Biological,2022-08-10,2022,8,Summer,48192,42.210674,-83.157208
Biological,2022-11-18,2022,11,Fall,48192,42.210674,-83.157208
Biological,2023-06-23,2023,6,Summer,48192,42.210674,-83.157208
Biological,2022-01-20,2022,1,Winter,48912,42.738361,-84.524017
Biological,2022-05-02,2022,5,Spring,48912,42.738361,-84.524017
Biological,2022-08-10,2022,8,Summer,48912,42.738361,-84.524017
Biological,2022-12-19,2022,12,Winter,48912,42.738361,-84.524017
Biological,2023-07-28,2023,7,Summer,48912,42.738361,-84.524017
Biological,2023-08-28,2023,8,Summer,48912,42.738361,-84.524017
Biological,2021-04-28,2021,4,Spring,48226,42.331815,-83.050354
Biological,2021-10-27,2021,10,Fall,48226,42.331815,-83.050354
Biological,2021-04-28,2021,4,Spring,48226,42.331815,-83.050354
Biological,2021-11-01,2021,11,Fall,48226,42.331815,-83.050354
Biological,2022-02-01,2022,2,Winter,48226,42.331815,-83.050354
Biological,2021-01-30,2021,1,Winter,48821,42.640388,-84.6513
Biological,2021-12-13,2021,12,Winter,48906,42.788027,-84.589435
Biological,2022-07-28,2022,7,Summer,48906,42.788027,-84.589435
Biological,2023-08-14,2023,8,Summer,48906,42.788027,-84.589435
Biological,2022-01-10,2022,1,Winter,48192,42.210674,-83.157208
Biological,2022-01-12,2022,1,Winter,48126,42.330326,-83.187133
Biological,2022-04-06,2022,4,Spring,48126,42.330326,-83.187133
Biological,2023-01-25,2023,1,Winter,48126,42.330326,-83.187133
Biological,2022-01-12,2022,1,Winter,48093,42.51589,-83.016483
Biological,2022-04-06,2022,4,Spring,48093,42.51589,-83.016483
Biological,2023-01-25,2023,1,Winter,48093,42.51589,-83.016483
Biological,2022-01-26,2022,1,Winter,48604,43.499764,-83.969084
Biological,2022-02-09,2022,2,Winter,48604,43.499764,-83.969084
Biological,2022-01-26,2022,1,Winter,48604,43.499764,-83.969084
Biological,2023-01-25,2023,1,Winter,48604,43.499764,-83.969084
Biological,2022-08-03,2022,8,Summer,48906,42.788027,-84.589435
Biological,2022-09-26,2022,9,Fall,48906,42.788027,-84.589435
Biological,2022-10-03,2022,10,Fall,48906,42.788027,-84.589435
Biological,2022-10-21,2022,10,Fall,48906,42.788027,-84.589435
Biological,2022-01-11,2022,1,Winter,48126,42.330326,-83.187133
Biological,2022-01-12,2022,1,Winter,48126,42.330326,-83.187133
Biological,2022-01-11,2022,1,Winter,48093,42.51589,-83.016483
Biological,2022-01-12,2022,1,Winter,48093,42.51589,-83.016483
Biological,2021-04-13,2021,4,Spring,48226,42.331815,-83.050354
Biological,2021-08-03,2021,8,Summer,48226,42.331815,-83.050354
Biological,2022-04-21,2022,4,Spring,48226,42.331815,-83.050354
Biological,2022-12-06,2022,12,Winter,48226,42.331815,-83.050354
Biological,2021-04-21,2021,4,Spring,48226,42.331815,-83.050354
Biological,2021-05-03,2021,5,Spring,48226,42.331815,-83.050354
Biological,2021-04-21,2021,4,Spring,49503,42.96212,-85.659394
Biological,2021-05-18,2021,5,Spring,49503,42.96212,-85.659394
Biological,2021-02-13,2021,2,Winter,48821,42.640388,-84.6513
Biological,2021-03-10,2021,3,Spring,48821,42.640388,-84.6513
Biological,2021-04-01,2021,4,Spring,48821,42.640388,-84.6513
Biological,2021-04-21,2021,4,Spring,48821,42.640388,-84.6513
Biological,2021-04-01,2021,4,Spring,48821,42.640388,-84.6513
Biological,2021-04-14,2021,4,Spring,48821,42.640388,-84.6513
Biological,2021-04-23,2021,4,Spring,48821,42.640388,-84.6513
Biological,2021-11-02,2021,11,Fall,48821,42.640388,-84.6513
Biological,2022-07-06,2022,7,Summer,48821,42.640388,-84.6513
Biological,2021-04-20,2021,4,Spring,48226,42.331815,-83.050354
Biological,2022-07-07,2022,7,Summer,48226,42.331815,-83.050354
Biological,2020-04-03,2020,4,Spring,48226,42.331815,-83.050354
Biological,2020-04-10,2020,4,Spring,48226,42.331815,-83.050354
Biological,2020-04-26,2020,4,Spring,48226,42.331815,-83.050354
Biological,2021-04-01,2021,4,Spring,48226,42.331815,-83.050354
Biological,2021-12-09,2021,12,Winter,48226,42.331815,-83.050354
Biological,2021-04-23,2021,4,Spring,48226,42.331815,-83.050354
Biological,2021-05-04,2021,5,Spring,48226,42.331815,-83.050354
Biological,2021-12-09,2021,12,Winter,48226,42.331815,-83.050354
Biological,2020-03-28,2020,3,Spring,01754,42.425955,-71.456256
Biological,2020-03-29,2020,3,Spring,01754,42.425955,-71.456256
Biological,2020-03-29,2020,3,Spring,01754,42.425955,-71.456256
Biological,2020-04-06,2020,4,Spring,01754,42.425955,-71.456256
Biological,2020-04-19,2020,4,Spring,01754,42.425955,-71.456256
Biological,2020-05-08,2020,5,Spring,01754,42.425955,-71.456256
Biological,2020-06-02,2020,6,Summer,01754,42.425955,-71.456256
Biological,2020-10-02,2020,10,Fall,01754,42.425955,-71.456256
Biological,2021-03-17,2021,3,Spring,01754,42.425955,-71.456256
Biological,2021-03-25,2021,3,Spring,01754,42.425955,-71.456256
Biological,2021-09-01,2021,9,Fall,01754,42.425955,-71.456256
Biological,2021-12-27,2021,12,Winter,01754,42.425955,-71.456256
Biological,2022-01-14,2022,1,Winter,01754,42.425955,-71.456256
Biological,2022-04-20,2022,4,Spring,01754,42.425955,-71.456256
Biological,2022-05-18,2022,5,Spring,01754,42.425955,-71.456256
Biological,2022-08-03,2022,8,Summer,01754,42.425955,-71.456256
Biological,2022-08-16,2022,8,Summer,01754,42.425955,-71.456256
Biological,2022-09-29,2022,9,Fall,01754,42.425955,-71.456256
Biological,2020-04-02,2020,4,Spring,02038,42.084858,-71.410571
Biological,2020-04-20,2020,4,Spring,02038,42.084858,-71.410571
Biological,2020-07-30,2020,7,Summer,02038,42.084858,-71.410571
Biological,2020-12-23,2020,12,Winter,02038,42.084858,-71.410571
Biological,2021-03-05,2021,3,Spring,02038,42.084858,-71.410571
Biological,2022-03-22,2022,3,Spring,02038,42.084858,-71.410571
Biological,2020-03-30,2020,3,Spring,02133,42.358351999999996,-71.063858
Biological,2021-03-19,2021,3,Spring,02115,42.339422,-71.094531
Biological,2020-04-07,2020,4,Spring,02133,42.358351999999996,-71.063858
Biological,2021-03-24,2021,3,Spring,02115,42.339422,-71.094531
Biological,2020-04-10,2020,4,Spring,02133,42.358351999999996,-71.063858
Biological,2021-03-26,2021,3,Spring,02115,42.339422,-71.094531
Biological,2020-04-25,2020,4,Spring,02133,42.358351999999996,-71.063858
Biological,2020-05-02,2020,5,Spring,02133,42.358351999999996,-71.063858
Biological,2020-05-18,2020,5,Spring,02133,42.358351999999996,-71.063858
Biological,2020-06-09,2020,6,Summer,02133,42.358351999999996,-71.063858
Biological,2022-02-07,2022,2,Winter,02133,42.358351999999996,-71.063858
Biological,2022-10-18,2022,10,Fall,02133,42.358351999999996,-71.063858
Biological,2023-02-08,2023,2,Winter,02133,42.358351999999996,-71.063858
Biological,2023-07-28,2023,7,Summer,02133,42.358351999999996,-71.063858
Biological,2020-04-06,2020,4,Spring,01702,42.282379,-71.436623
Biological,2020-04-13,2020,4,Spring,01702,42.282379,-71.436623
Biological,2020-04-30,2020,4,Spring,01702,42.282379,-71.436623
Biological,2020-11-04,2020,11,Fall,01754,42.425955,-71.456256
Biological,2021-04-05,2021,4,Spring,01754,42.425955,-71.456256
Biological,2021-11-15,2021,11,Fall,01754,42.425955,-71.456256
Biological,2022-05-03,2022,5,Spring,01754,42.425955,-71.456256
Biological,2023-05-02,2023,5,Spring,01754,42.425955,-71.456256
Biological,2020-08-13,2020,8,Summer,02133,42.358351999999996,-71.063858
Biological,2020-09-03,2020,9,Fall,02133,42.358351999999996,-71.063858
Biological,2020-09-03,2020,9,Fall,02133,42.358351999999996,-71.063858
Biological,2020-10-26,2020,10,Fall,01754,42.425955,-71.456256
Biological,2020-11-24,2020,11,Fall,01754,42.425955,-71.456256
Biological,2020-12-08,2020,12,Winter,01754,42.425955,-71.456256
Biological,2020-12-22,2020,12,Winter,01754,42.425955,-71.456256
Biological,2021-01-27,2021,1,Winter,01754,42.425955,-71.456256
Biological,2021-02-23,2021,2,Winter,01754,42.425955,-71.456256
Biological,2021-02-25,2021,2,Winter,02133,42.358351999999996,-71.063858
Biological,2021-03-25,2021,3,Spring,02133,42.358351999999996,-71.063858
Biological,2021-04-15,2021,4,Spring,02133,42.358351999999996,-71.063858
Biological,2022-06-22,2022,6,Summer,02133,42.358351999999996,-71.063858
Biological,2023-06-08,2023,6,Summer,02133,42.358351999999996,-71.063858
Biological,2023-06-09,2023,6,Summer,02133,42.358351999999996,-71.063858
Biological,2020-11-25,2020,11,Fall,01754,42.425955,-71.456256
Biological,2021-02-18,2021,2,Winter,01754,42.425955,-71.456256
Biological,2021-03-12,2021,3,Spring,01754,42.425955,-71.456256
Biological,2021-03-19,2021,3,Spring,01754,42.425955,-71.456256
Biological,2021-04-06,2021,4,Spring,01754,42.425955,-71.456256
Biological,2021-08-13,2021,8,Summer,01754,42.425955,-71.456256
Biological,2021-12-22,2021,12,Winter,01754,42.425955,-71.456256
Biological,2023-05-22,2023,5,Spring,01754,42.425955,-71.456256
Biological,2021-03-26,2021,3,Spring,02115,42.339422,-71.094531
Biological,2021-04-28,2021,4,Spring,02115,42.339422,-71.094531
Biological,2021-08-13,2021,8,Summer,02115,42.339422,-71.094531
Biological,2021-11-15,2021,11,Fall,02115,42.339422,-71.094531
Biological,2022-02-15,2022,2,Winter,02115,42.339422,-71.094531
Biological,2021-04-06,2021,4,Spring,01754,42.425955,-71.456256
Biological,2021-05-03,2021,5,Spring,01754,42.425955,-71.456256
Biological,2021-08-13,2021,8,Summer,01754,42.425955,-71.456256
Biological,2021-11-19,2021,11,Fall,01754,42.425955,-71.456256
Biological,2022-08-17,2022,8,Summer,01754,42.425955,-71.456256
Biological,2022-09-01,2022,9,Fall,01754,42.425955,-71.456256
Biological,2022-11-02,2022,11,Fall,01754,42.425955,-71.456256
Biological,2022-11-18,2022,11,Fall,01754,42.425955,-71.456256
Biological,2021-04-15,2021,4,Spring,01754,42.425955,-71.456256
Biological,2021-09-15,2021,9,Fall,01754,42.425955,-71.456256
Biological,2021-10-19,2021,10,Fall,01754,42.425955,-71.456256
Biological,2021-10-29,2021,10,Fall,01754,42.425955,-71.456256
Biological,2021-12-09,2021,12,Winter,02133,42.358351999999996,-71.063858
Biological,2021-12-22,2021,12,Winter,02133,42.358351999999996,-71.063858
Biological,2022-01-10,2022,1,Winter,02133,42.358351999999996,-71.063858
Biological,2022-01-25,2022,1,Winter,02133,42.358351999999996,-71.063858
Biological,2022-03-07,2022,3,Spring,02133,42.358351999999996,-71.063858
Biological,2022-03-28,2022,3,Spring,01754,42.425955,-71.456256
Biological,2023-03-22,2023,3,Spring,01754,42.425955,-71.456256
Biological,2023-06-05,2023,6,Summer,01754,42.425955,-71.456256
Biological,2023-08-15,2023,8,Summer,01754,42.425955,-71.456256
Biological,2021-12-29,2021,12,Winter,01754,42.425955,-71.456256
Biological,2022-01-04,2022,1,Winter,01754,42.425955,-71.456256
Biological,2022-01-24,2022,1,Winter,01754,42.425955,-71.456256
Biological,2022-03-07,2022,3,Spring,01754,42.425955,-71.456256
Biological,2022-11-04,2022,11,Fall,01754,42.425955,-71.456256
Biological,2022-02-02,2022,2,Winter,01841,42.715079,-71.1483
Biological,2022-11-04,2022,11,Fall,01841,42.715079,-71.1483
Biological,2022-12-19,2022,12,Winter,01841,42.715079,-71.1483
Biological,2023-02-02,2023,2,Winter,01841,42.715079,-71.1483
Biological,2020-04-23,2020,4,Spring,01754,42.425955,-71.456256
Biological,2020-05-22,2020,5,Spring,01754,42.425955,-71.456256
Biological,2020-08-10,2020,8,Summer,01754,42.425955,-71.456256
Biological,2020-09-22,2020,9,Fall,01754,42.425955,-71.456256
Biological,2020-12-30,2020,12,Winter,01754,42.425955,-71.456256
Biological,2021-03-31,2021,3,Spring,01754,42.425955,-71.456256
Biological,2021-07-14,2021,7,Summer,01754,42.425955,-71.456256
Biological,2022-02-03,2022,2,Winter,01754,42.425955,-71.456256
Biological,2020-04-02,2020,4,Spring,01754,42.425955,-71.456256
Biological,2021-01-05,2021,1,Winter,01754,42.425955,-71.456256
Biological,2022-03-21,2022,3,Spring,01754,42.425955,-71.456256
Biological,2022-07-25,2022,7,Summer,01754,42.425955,-71.456256
Biological,2023-08-23,2023,8,Summer,01754,42.425955,-71.456256
Biological,2021-01-21,2021,1,Winter,01754,42.425955,-71.456256
Biological,2022-11-02,2022,11,Fall,01754,42.425955,-71.456256
Biological,2023-04-05,2023,4,Spring,01754,42.425955,-71.456256
Biological,2020-04-24,2020,4,Spring,01608,42.26209,-71.801428
Biological,2020-09-11,2020,9,Fall,01754,42.425955,-71.456256
Biological,2021-04-06,2021,4,Spring,01754,42.425955,-71.456256
Biological,2021-04-28,2021,4,Spring,01754,42.425955,-71.456256
Biological,2020-09-09,2020,9,Fall,21704,39.354883,-77.375902
Biological,2020-09-17,2020,9,Fall,01754,42.425955,-71.456256
Biological,2021-01-02,2021,1,Winter,02038,42.084858,-71.410571
Biological,2021-01-09,2021,1,Winter,02038,42.084858,-71.410571
Biological,2021-04-05,2021,4,Spring,02038,42.084858,-71.410571
Biological,2021-04-20,2021,4,Spring,02038,42.084858,-71.410571
Biological,2021-02-11,2021,2,Winter,01754,42.425955,-71.456256
Biological,2021-04-01,2021,4,Spring,01754,42.425955,-71.456256
Biological,2021-10-26,2021,10,Fall,01754,42.425955,-71.456256
Biological,2021-04-01,2021,4,Spring,01754,42.425955,-71.456256
Biological,2021-05-04,2021,5,Spring,01754,42.425955,-71.456256
Biological,2021-02-11,2021,2,Winter,01754,42.425955,-71.456256
Biological,2020-03-31,2020,3,Spring,01923,42.574174,-70.950516
Biological,2020-04-04,2020,4,Spring,01923,42.574174,-70.950516
Biological,2021-04-05,2021,4,Spring,01923,42.574174,-70.950516
Biological,2021-07-14,2021,7,Summer,01923,42.574174,-70.950516
Biological,2020-04-19,2020,4,Spring,02132,42.279082,-71.160449
Biological,2020-06-17,2020,6,Summer,02132,42.279082,-71.160449
Biological,2020-08-14,2020,8,Summer,02132,42.279082,-71.160449
Biological,2020-12-16,2020,12,Winter,02132,42.279082,-71.160449
Biological,2021-04-05,2021,4,Spring,02132,42.279082,-71.160449
Biological,2021-09-16,2021,9,Fall,02132,42.279082,-71.160449
Biological,2020-05-27,2020,5,Spring,02038,42.084858,-71.410571
Biological,2021-04-05,2021,4,Spring,02038,42.084858,-71.410571
Biological,2020-06-23,2020,6,Summer,01754,42.425955,-71.456256
Biological,2020-08-10,2020,8,Summer,01754,42.425955,-71.456256
Biological,2020-09-24,2020,9,Fall,01754,42.425955,-71.456256
Biological,2020-11-09,2020,11,Fall,01754,42.425955,-71.456256
Biological,2021-01-07,2021,1,Winter,01754,42.425955,-71.456256
Biological,2021-02-12,2021,2,Winter,01754,42.425955,-71.456256
Biological,2021-04-20,2021,4,Spring,01754,42.425955,-71.456256
Biological,2021-09-29,2021,9,Fall,01754,42.425955,-71.456256
Biological,2021-09-29,2021,9,Fall,01754,42.425955,-71.456256
Biological,2023-05-19,2023,5,Spring,01754,42.425955,-71.456256
Biological,2021-04-20,2021,4,Spring,01754,42.425955,-71.456256
Biological,2021-09-16,2021,9,Fall,01754,42.425955,-71.456256
Biological,2021-03-24,2021,3,Spring,40209,38.182383,-85.735186
Biological,2021-04-30,2021,4,Spring,40209,38.182383,-85.735186
Biological,2021-10-20,2021,10,Fall,40209,38.182383,-85.735186
Biological,2022-04-28,2022,4,Spring,40209,38.182383,-85.735186
Biological,2023-01-24,2023,1,Winter,40209,38.182383,-85.735186
Biological,2021-04-26,2021,4,Spring,40741,37.133373,-84.119167
Biological,2021-10-19,2021,10,Fall,40741,37.133373,-84.119167
Biological,2020-04-08,2020,4,Spring,40601,38.234919,-84.868786
Biological,2020-04-11,2020,4,Spring,40601,38.234919,-84.868786
Biological,2020-04-26,2020,4,Spring,40601,38.234919,-84.868786
Biological,2020-05-05,2020,5,Spring,40601,38.234919,-84.868786
Biological,2020-05-14,2020,5,Spring,40601,38.234919,-84.868786
Biological,2020-06-08,2020,6,Summer,40601,38.234919,-84.868786
Biological,2021-08-20,2021,8,Summer,40601,38.234919,-84.868786
Biological,2022-02-08,2022,2,Winter,40601,38.234919,-84.868786
Biological,2022-02-11,2022,2,Winter,40601,38.234919,-84.868786
Biological,2022-06-28,2022,6,Summer,40601,38.234919,-84.868786
Biological,2021-04-19,2021,4,Spring,42420,37.799192,-87.516119
Biological,2021-08-13,2021,8,Summer,42420,37.799192,-87.516119
Biological,2021-11-02,2021,11,Fall,42420,37.799192,-87.516119
Biological,2021-04-21,2021,4,Spring,40741,37.133373,-84.119167
Biological,2022-05-18,2022,5,Spring,40741,37.133373,-84.119167
Biological,2021-09-13,2021,9,Fall,40965,36.619993,-83.731847
Biological,2021-09-15,2021,9,Fall,40965,36.619993,-83.731847
Biological,2022-05-04,2022,5,Spring,40965,36.619993,-83.731847
Biological,2021-09-02,2021,9,Fall,40351,38.204266,-83.428079
Biological,2021-09-08,2021,9,Fall,40351,38.204266,-83.428079
Biological,2021-09-21,2021,9,Fall,41701,37.295501,-83.182614
Biological,2021-09-22,2021,9,Fall,41701,37.295501,-83.182614
Biological,2022-05-04,2022,5,Spring,41701,37.295501,-83.182614
Biological,2020-12-03,2020,12,Winter,40160,37.813011,-85.931679
Biological,2021-02-01,2021,2,Winter,40160,37.813011,-85.931679
Biological,2021-04-01,2021,4,Spring,40160,37.813011,-85.931679
Biological,2021-08-16,2021,8,Summer,40160,37.813011,-85.931679
Biological,2021-08-17,2021,8,Summer,40160,37.813011,-85.931679
Biological,2021-04-10,2021,4,Spring,81004,38.044054,-104.71441
Biological,2021-09-07,2021,9,Fall,81004,38.044054,-104.71441
Biological,2021-11-12,2021,11,Fall,81004,38.044054,-104.71441
Biological,2022-01-06,2022,1,Winter,81004,38.044054,-104.71441
Biological,2022-05-23,2022,5,Spring,81004,38.044054,-104.71441
Biological,2021-04-09,2021,4,Spring,81004,38.044054,-104.71441
Biological,2021-08-10,2021,8,Summer,81004,38.044054,-104.71441
Biological,2020-04-01,2020,4,Spring,80112,39.573236,-104.86489
Biological,2020-04-03,2020,4,Spring,80112,39.573236,-104.86489
Biological,2020-04-23,2020,4,Spring,80112,39.573236,-104.86489
Biological,2020-09-18,2020,9,Fall,80112,39.573236,-104.86489
Biological,2021-05-04,2021,5,Spring,80112,39.573236,-104.86489
Biological,2021-09-07,2021,9,Fall,80112,39.573236,-104.86489
Biological,2022-09-01,2022,9,Fall,80112,39.573236,-104.86489
Biological,2020-10-24,2020,10,Fall,80011,39.744033,-104.790013
Biological,2021-05-04,2021,5,Spring,80011,39.744033,-104.790013
Biological,2021-11-30,2021,11,Fall,80011,39.744033,-104.790013
Biological,2020-10-24,2020,10,Fall,80011,39.744033,-104.790013
Biological,2021-03-02,2021,3,Spring,80011,39.744033,-104.790013
Biological,2021-05-04,2021,5,Spring,80011,39.744033,-104.790013
Biological,2020-10-24,2020,10,Fall,80011,39.744033,-104.790013
Biological,2021-05-04,2021,5,Spring,80011,39.744033,-104.790013
Biological,2020-12-03,2020,12,Winter,80011,39.744033,-104.790013
Biological,2021-05-04,2021,5,Spring,80011,39.744033,-104.790013
Biological,2021-11-12,2021,11,Fall,80011,39.744033,-104.790013
Biological,2020-08-14,2020,8,Summer,80249,39.854746,-104.695804
Biological,2020-09-02,2020,9,Fall,80249,39.854746,-104.695804
Biological,2020-09-03,2020,9,Fall,80249,39.854746,-104.695804
Biological,2020-09-18,2020,9,Fall,80249,39.854746,-104.695804
Biological,2020-12-10,2020,12,Winter,80249,39.854746,-104.695804
Biological,2020-12-23,2020,12,Winter,80249,39.854746,-104.695804
Biological,2021-01-28,2021,1,Winter,80249,39.854746,-104.695804
Biological,2021-02-26,2021,2,Winter,80249,39.854746,-104.695804
Biological,2021-03-29,2021,3,Spring,80249,39.854746,-104.695804
Biological,2021-04-19,2021,4,Spring,80249,39.854746,-104.695804
Biological,2022-06-28,2022,6,Summer,80249,39.854746,-104.695804
Biological,2023-04-10,2023,4,Spring,80249,39.854746,-104.695804
Biological,2023-08-29,2023,8,Summer,80249,39.854746,-104.695804
Biological,2021-04-01,2021,4,Spring,81004,38.044054,-104.71441
Biological,2021-04-19,2021,4,Spring,81004,38.044054,-104.71441
Biological,2021-04-19,2021,4,Spring,81004,38.044054,-104.71441
Biological,2021-05-18,2021,5,Spring,81004,38.044054,-104.71441
Biological,2021-08-19,2021,8,Summer,81004,38.044054,-104.71441
Biological,2021-11-10,2021,11,Fall,81004,38.044054,-104.71441
Biological,2022-03-14,2022,3,Spring,81004,38.044054,-104.71441
Biological,2022-09-01,2022,9,Fall,81004,38.044054,-104.71441
Biological,2021-04-19,2021,4,Spring,80249,39.854746,-104.695804
Biological,2021-09-15,2021,9,Fall,80249,39.854746,-104.695804
Biological,2021-12-09,2021,12,Winter,80249,39.854746,-104.695804
Biological,2022-12-20,2022,12,Winter,80524,40.646854,-105.029519
Biological,2021-12-02,2021,12,Winter,80219,39.695293,-105.035601
Biological,2022-06-09,2022,6,Summer,80219,39.695293,-105.035601
Biological,2022-12-19,2022,12,Winter,80219,39.695293,-105.035601
Biological,2021-03-16,2021,3,Spring,80538,40.544612,-105.245108
Biological,2022-12-19,2022,12,Winter,80538,40.544612,-105.245108
Biological,2021-03-16,2021,3,Spring,80538,40.544612,-105.245108
Biological,2022-12-19,2022,12,Winter,80538,40.544612,-105.245108
Biological,2021-04-09,2021,4,Spring,81004,38.044054,-104.71441
Biological,2022-07-21,2022,7,Summer,81004,38.044054,-104.71441
Biological,2021-11-05,2021,11,Fall,81003,38.277652,-104.656426
Biological,2021-11-10,2021,11,Fall,81003,38.277652,-104.656426
Biological,2021-03-17,2021,3,Spring,80538,40.544612,-105.245108
Biological,2021-08-25,2021,8,Summer,80538,40.544612,-105.245108
Biological,2021-11-08,2021,11,Fall,80538,40.544612,-105.245108
Biological,2020-04-02,2020,4,Spring,80112,39.573236,-104.86489
Biological,2020-04-03,2020,4,Spring,80112,39.573236,-104.86489
Biological,2020-04-13,2020,4,Spring,80112,39.573236,-104.86489
Biological,2021-02-12,2021,2,Winter,80112,39.573236,-104.86489
Biological,2021-05-04,2021,5,Spring,80112,39.573236,-104.86489
Biological,2021-03-17,2021,3,Spring,80249,39.854746,-104.695804
Biological,2021-03-26,2021,3,Spring,80249,39.854746,-104.695804
Biological,2021-03-26,2021,3,Spring,80249,39.854746,-104.695804
Biological,2021-08-10,2021,8,Summer,80249,39.854746,-104.695804
Biological,2021-03-19,2021,3,Spring,80538,40.544612,-105.245108
Biological,2021-03-26,2021,3,Spring,80538,40.544612,-105.245108
Biological,2020-12-10,2020,12,Winter,80045,39.746661,-104.837224
Biological,2021-01-21,2021,1,Winter,80045,39.746661,-104.837224
Biological,2021-03-26,2021,3,Spring,80538,40.544612,-105.245108
Biological,2021-08-19,2021,8,Summer,80538,40.544612,-105.245108
Biological,2020-03-30,2020,3,Spring,97070,45.308221,-122.770991
Biological,2020-07-17,2020,7,Summer,97070,45.308221,-122.770991
Biological,2021-04-03,2021,4,Spring,97070,45.308221,-122.770991
Biological,2020-04-01,2020,4,Spring,97301,44.951839,-123.006246
Biological,2020-04-15,2020,4,Spring,97404,44.105226,-123.133025
Biological,2020-04-29,2020,4,Spring,97404,44.105226,-123.133025
Biological,2020-05-19,2020,5,Spring,97404,44.105226,-123.133025
Biological,2020-05-26,2020,5,Spring,97404,44.105226,-123.133025
Biological,2020-09-03,2020,9,Fall,97404,44.105226,-123.133025
Biological,2021-04-03,2021,4,Spring,97404,44.105226,-123.133025
Biological,2021-03-09,2021,3,Spring,97232,45.528929,-122.643927
Biological,2021-04-28,2021,4,Spring,97232,45.528929,-122.643927
Biological,2021-08-04,2021,8,Summer,97232,45.528929,-122.643927
Biological,2020-11-26,2020,11,Fall,97070,45.308221,-122.770991
Biological,2020-12-01,2020,12,Winter,97070,45.308221,-122.770991
Biological,2021-04-03,2021,4,Spring,97070,45.308221,-122.770991
Biological,2021-09-23,2021,9,Fall,97070,45.308221,-122.770991
Biological,2020-04-08,2020,4,Spring,97070,45.308221,-122.770991
Biological,2020-04-25,2020,4,Spring,97070,45.308221,-122.770991
Biological,2020-05-02,2020,5,Spring,97070,45.308221,-122.770991
Biological,2020-05-22,2020,5,Spring,97070,45.308221,-122.770991
Biological,2020-06-09,2020,6,Summer,97070,45.308221,-122.770991
Biological,2020-06-16,2020,6,Summer,97070,45.308221,-122.770991
Biological,2022-02-10,2022,2,Winter,97070,45.308221,-122.770991
Biological,2022-02-17,2022,2,Winter,97070,45.308221,-122.770991
Biological,2022-08-19,2022,8,Summer,97070,45.308221,-122.770991
Biological,2023-06-22,2023,6,Summer,97070,45.308221,-122.770991
Biological,2023-08-24,2023,8,Summer,97070,45.308221,-122.770991
Biological,2020-08-20,2020,8,Summer,97301,44.951839,-123.006246
Biological,2020-08-21,2020,8,Summer,97301,44.951839,-123.006246
Biological,2020-09-02,2020,9,Fall,97301,44.951839,-123.006246
Biological,2021-04-03,2021,4,Spring,97301,44.951839,-123.006246
Biological,2020-09-02,2020,9,Fall,97301,44.951839,-123.006246
Biological,2020-09-03,2020,9,Fall,97301,44.951839,-123.006246
Biological,2020-09-03,2020,9,Fall,97301,44.951839,-123.006246
Biological,2020-12-08,2020,12,Winter,97301,44.951839,-123.006246
Biological,2021-01-28,2021,1,Winter,97301,44.951839,-123.006246
Biological,2021-02-08,2021,2,Winter,97301,44.951839,-123.006246
Biological,2021-02-24,2021,2,Winter,97301,44.951839,-123.006246
Biological,2021-04-19,2021,4,Spring,97301,44.951839,-123.006246
Biological,2022-06-09,2022,6,Summer,97301,44.951839,-123.006246
Biological,2021-04-19,2021,4,Spring,97070,45.308221,-122.770991
Biological,2021-08-18,2021,8,Summer,97070,45.308221,-122.770991
Biological,2021-08-26,2021,8,Summer,97070,45.308221,-122.770991
Biological,2021-09-14,2021,9,Fall,97070,45.308221,-122.770991
Biological,2021-09-17,2021,9,Fall,97070,45.308221,-122.770991
Biological,2021-12-02,2021,12,Winter,97301,44.951839,-123.006246
Biological,2021-12-14,2021,12,Winter,97301,44.951839,-123.006246
Biological,2022-03-04,2022,3,Spring,97301,44.951839,-123.006246
Biological,2022-03-30,2022,3,Spring,97301,44.951839,-123.006246
Biological,2023-04-25,2023,4,Spring,97301,44.951839,-123.006246
Biological,2023-06-21,2023,6,Summer,97301,44.951839,-123.006246
Biological,2023-06-26,2023,6,Summer,97301,44.951839,-123.006246
Biological,2023-08-24,2023,8,Summer,97301,44.951839,-123.006246
Biological,2021-04-14,2021,4,Spring,97502,42.408529,-122.945969
Biological,2021-08-25,2021,8,Summer,97502,42.408529,-122.945969
Biological,2021-11-03,2021,11,Fall,97502,42.408529,-122.945969
Biological,2022-01-31,2022,1,Winter,97502,42.408529,-122.945969
Biological,2022-12-08,2022,12,Winter,97502,42.408529,-122.945969
Biological,2021-04-08,2021,4,Spring,97502,42.408529,-122.945969
Biological,2021-04-12,2021,4,Spring,97502,42.408529,-122.945969
Biological,2021-06-08,2021,6,Summer,97502,42.408529,-122.945969
Biological,2022-03-23,2022,3,Spring,97502,42.408529,-122.945969
Biological,2022-12-21,2022,12,Winter,97502,42.408529,-122.945969
Biological,2021-06-02,2021,6,Summer,31806,32.260168,-84.299506
Biological,2021-06-07,2021,6,Summer,31806,32.260168,-84.299506
Biological,2022-06-08,2022,6,Summer,31806,32.260168,-84.299506
Biological,2022-01-27,2022,1,Winter,97232,45.528929,-122.643927
Biological,2022-12-21,2022,12,Winter,97232,45.528929,-122.643927
Biological,2021-05-03,2021,5,Spring,97502,42.408529,-122.945969
Biological,2021-05-19,2021,5,Spring,97502,42.408529,-122.945969
Biological,2020-03-29,2020,3,Spring,97301,44.951839,-123.006246
Biological,2021-03-05,2021,3,Spring,97301,44.951839,-123.006246
Biological,2021-04-03,2021,4,Spring,97301,44.951839,-123.006246
Biological,2021-02-20,2021,2,Winter,97232,45.528929,-122.643927
Biological,2021-11-03,2021,11,Fall,97232,45.528929,-122.643927
Biological,2021-04-26,2021,4,Spring,97502,42.408529,-122.945969
Biological,2021-11-18,2021,11,Fall,97502,42.408529,-122.945969
Biological,2022-01-31,2022,1,Winter,97502,42.408529,-122.945969
Biological,2020-04-14,2020,4,Spring,97471,43.21907,-123.487894
Biological,2020-06-22,2020,6,Summer,97471,43.21907,-123.487894
Biological,2021-04-03,2021,4,Spring,97471,43.21907,-123.487894
Biological,2020-04-08,2020,4,Spring,97471,43.21907,-123.487894
Biological,2020-06-17,2020,6,Summer,97471,43.21907,-123.487894
Biological,2020-08-19,2020,8,Summer,97471,43.21907,-123.487894
Biological,2020-10-22,2020,10,Fall,97471,43.21907,-123.487894
Biological,2021-04-03,2021,4,Spring,97471,43.21907,-123.487894
Biological,2021-07-12,2021,7,Summer,97471,43.21907,-123.487894
Biological,2020-04-20,2020,4,Spring,97239,45.489938,-122.690453
Biological,2020-06-25,2020,6,Summer,97239,45.489938,-122.690453
Biological,2020-08-19,2020,8,Summer,97239,45.489938,-122.690453
Biological,2020-11-05,2020,11,Fall,97239,45.489938,-122.690453
Biological,2021-04-03,2021,4,Spring,97239,45.489938,-122.690453
Biological,2021-07-12,2021,7,Summer,97239,45.489938,-122.690453
Biological,2020-05-14,2020,5,Spring,97317,44.902416,-122.906292
Biological,2020-06-11,2020,6,Summer,97317,44.902416,-122.906292
Biological,2021-04-03,2021,4,Spring,97317,44.902416,-122.906292
Biological,2021-07-12,2021,7,Summer,97317,44.902416,-122.906292
Biological,2020-06-15,2020,6,Summer,97232,45.528929,-122.643927
Biological,2020-06-25,2020,6,Summer,97232,45.528929,-122.643927
Biological,2020-08-19,2020,8,Summer,97232,45.528929,-122.643927
Biological,2021-04-03,2021,4,Spring,97232,45.528929,-122.643927
Biological,2021-07-12,2021,7,Summer,97232,45.528929,-122.643927
Biological,2020-06-17,2020,6,Summer,97471,43.21907,-123.487894
Biological,2020-08-17,2020,8,Summer,97471,43.21907,-123.487894
Biological,2020-12-01,2020,12,Winter,97471,43.21907,-123.487894
Biological,2021-03-09,2021,3,Spring,97471,43.21907,-123.487894
Biological,2021-04-05,2021,4,Spring,97471,43.21907,-123.487894
Biological,2021-07-12,2021,7,Summer,97471,43.21907,-123.487894
Biological,2021-09-24,2021,9,Fall,97471,43.21907,-123.487894
Biological,2021-08-20,2021,8,Summer,97239,45.489938,-122.690453
Biological,2021-09-14,2021,9,Fall,97239,45.489938,-122.690453
Biological,2021-10-22,2021,10,Fall,97239,45.489938,-122.690453
Biological,2021-11-22,2021,11,Fall,97239,45.489938,-122.690453
Biological,2021-12-23,2021,12,Winter,97239,45.489938,-122.690453
Biological,2022-01-19,2022,1,Winter,97239,45.489938,-122.690453
Biological,2022-12-13,2022,12,Winter,97239,45.489938,-122.690453
Biological,2020-03-30,2020,3,Spring,06105,41.773262,-72.704433
Biological,2020-04-07,2020,4,Spring,06105,41.773262,-72.704433
Biological,2020-04-10,2020,4,Spring,06105,41.773262,-72.704433
Biological,2020-04-24,2020,4,Spring,06105,41.773262,-72.704433
Biological,2020-05-02,2020,5,Spring,06105,41.773262,-72.704433
Biological,2020-05-15,2020,5,Spring,06105,41.773262,-72.704433
Biological,2020-06-08,2020,6,Summer,06105,41.773262,-72.704433
Biological,2022-02-07,2022,2,Winter,06105,41.773262,-72.704433
Biological,2022-06-30,2022,6,Summer,06105,41.773262,-72.704433
Biological,2022-12-19,2022,12,Winter,06105,41.773262,-72.704433
Biological,2023-07-28,2023,7,Summer,06105,41.773262,-72.704433
Biological,2020-04-05,2020,4,Spring,06514,41.376803,-72.942752
Biological,2020-04-07,2020,4,Spring,06514,41.376803,-72.942752
Biological,2020-04-11,2020,4,Spring,06902,41.059347,-73.544384
Biological,2020-04-19,2020,4,Spring,06902,41.059347,-73.544384
Biological,2020-04-30,2020,4,Spring,06902,41.059347,-73.544384
Biological,2020-11-04,2020,11,Fall,01754,42.425955,-71.456256
Biological,2021-04-02,2021,4,Spring,01754,42.425955,-71.456256
Biological,2021-04-14,2021,4,Spring,01754,42.425955,-71.456256
Biological,2020-08-13,2020,8,Summer,06105,41.773262,-72.704433
Biological,2020-09-03,2020,9,Fall,06105,41.773262,-72.704433
Biological,2020-09-03,2020,9,Fall,06105,41.773262,-72.704433
Biological,2022-02-07,2022,2,Winter,06105,41.773262,-72.704433
Biological,2022-09-14,2022,9,Fall,06105,41.773262,-72.704433
Biological,2020-09-24,2020,9,Fall,06105,41.773262,-72.704433
Biological,2020-09-28,2020,9,Fall,06105,41.773262,-72.704433
Biological,2020-10-28,2020,10,Fall,01754,42.425955,-71.456256
Biological,2020-11-24,2020,11,Fall,01754,42.425955,-71.456256
Biological,2020-12-08,2020,12,Winter,01754,42.425955,-71.456256
Biological,2020-12-22,2020,12,Winter,01754,42.425955,-71.456256
Biological,2021-01-13,2021,1,Winter,06105,41.773262,-72.704433
Biological,2021-01-27,2021,1,Winter,01754,42.425955,-71.456256
Biological,2021-02-08,2021,2,Winter,01754,42.425955,-71.456256
Biological,2021-02-24,2021,2,Winter,01754,42.425955,-71.456256
Biological,2021-03-25,2021,3,Spring,01754,42.425955,-71.456256
Biological,2021-04-15,2021,4,Spring,01754,42.425955,-71.456256
Biological,2022-06-22,2022,6,Summer,01754,42.425955,-71.456256
Biological,2022-10-18,2022,10,Fall,01754,42.425955,-71.456256
Biological,2023-06-22,2023,6,Summer,01754,42.425955,-71.456256
Biological,2021-04-15,2021,4,Spring,01754,42.425955,-71.456256
Biological,2021-09-15,2021,9,Fall,01754,42.425955,-71.456256
Biological,2021-09-17,2021,9,Fall,01754,42.425955,-71.456256
Biological,2021-12-08,2021,12,Winter,06105,41.773262,-72.704433
Biological,2022-01-05,2022,1,Winter,06105,41.773262,-72.704433
Biological,2022-01-12,2022,1,Winter,06105,41.773262,-72.704433
Biological,2022-12-29,2022,12,Winter,06105,41.773262,-72.704433
Biological,2023-01-19,2023,1,Winter,06105,41.773262,-72.704433
Biological,2023-01-25,2023,1,Winter,06105,41.773262,-72.704433
Biological,2023-06-05,2023,6,Summer,06105,41.773262,-72.704433
Biological,2020-04-24,2020,4,Spring,06515,41.328039,-72.97084
Biological,2020-09-11,2020,9,Fall,01754,42.425955,-71.456256
Biological,2021-04-02,2021,4,Spring,01754,42.425955,-71.456256
Biological,2021-04-28,2021,4,Spring,01754,42.425955,-71.456256
Biological,2020-08-21,2020,8,Summer,21704,39.354883,-77.375902
Biological,2021-04-02,2021,4,Spring,21704,39.354883,-77.375902
Biological,2021-04-28,2021,4,Spring,21704,39.354883,-77.375902
Biological,2021-03-03,2021,3,Spring,06052,41.655606,-72.803134
Biological,2021-03-04,2021,3,Spring,06052,41.655606,-72.803134
Biological,2021-03-04,2021,3,Spring,06052,41.655606,-72.803134
Biological,2022-05-02,2022,5,Spring,06052,41.655606,-72.803134
Biological,2021-03-08,2021,3,Spring,06607,41.170744,-73.168038
Biological,2021-03-16,2021,3,Spring,06607,41.170744,-73.168038
Biological,2020-04-10,2020,4,Spring,06510,41.306193,-72.926613
Biological,2020-06-03,2020,6,Summer,06510,41.306193,-72.926613
Biological,2021-04-02,2021,4,Spring,06510,41.306193,-72.926613
Biological,2021-07-14,2021,7,Summer,06510,41.306193,-72.926613
Biological,2020-12-13,2020,12,Winter,06067,41.656624,-72.661779
Biological,2021-04-02,2021,4,Spring,06067,41.656624,-72.661779
Biological,2021-12-13,2021,12,Winter,06067,41.656624,-72.661779
Biological,2020-04-07,2020,4,Spring,20002,38.905026,-76.983607
Biological,2020-06-22,2020,6,Summer,20002,38.905026,-76.983607
Biological,2021-03-26,2021,3,Spring,20002,38.905026,-76.983607
Biological,2021-04-13,2021,4,Spring,20002,38.905026,-76.983607
Biological,2020-04-09,2020,4,Spring,20001,38.910353,-77.017739
Biological,2020-04-16,2020,4,Spring,20001,38.910353,-77.017739
Biological,2020-04-16,2020,4,Spring,20001,38.910353,-77.017739
Biological,2020-04-23,2020,4,Spring,20001,38.910353,-77.017739
Biological,2020-05-03,2020,5,Spring,20032,38.831882,-77.016556
Biological,2021-03-29,2021,3,Spring,20032,38.831882,-77.016556
Biological,2020-05-07,2020,5,Spring,20018,38.926576,-76.974446
Biological,2020-05-14,2020,5,Spring,20018,38.926576,-76.974446
Biological,2020-04-07,2020,4,Spring,20001,38.910353,-77.017739
Biological,2020-04-14,2020,4,Spring,20001,38.910353,-77.017739
Biological,2021-04-13,2021,4,Spring,20001,38.910353,-77.017739
Biological,2021-05-03,2021,5,Spring,20001,38.910353,-77.017739
Biological,2020-04-14,2020,4,Spring,20001,38.910353,-77.017739
Biological,2021-04-14,2021,4,Spring,20001,38.910353,-77.017739
Biological,2021-05-03,2021,5,Spring,20001,38.910353,-77.017739
Biological,2020-04-23,2020,4,Spring,20001,38.910353,-77.017739
Biological,2020-04-27,2020,4,Spring,20001,38.910353,-77.017739
Biological,2022-01-04,2022,1,Winter,20001,38.910353,-77.017739
Biological,2022-01-24,2022,1,Winter,20001,38.910353,-77.017739
Biological,2022-02-04,2022,2,Winter,20001,38.910353,-77.017739
Biological,2023-01-27,2023,1,Winter,20001,38.910353,-77.017739
Biological,2021-12-31,2021,12,Winter,20001,38.910353,-77.017739
Biological,2022-01-04,2022,1,Winter,20001,38.910353,-77.017739
Biological,2021-06-03,2021,6,Summer,20002,38.905026,-76.983607
Biological,2021-04-14,2021,4,Spring,35022,33.331782,-86.959067
Biological,2021-10-14,2021,10,Fall,35022,33.331782,-86.959067
Biological,2020-04-12,2020,4,Spring,35046,32.921346,-86.530466
Biological,2020-10-21,2020,10,Fall,35046,32.921346,-86.530466
Biological,2021-01-21,2021,1,Winter,35046,32.921346,-86.530466
Biological,2021-03-23,2021,3,Spring,35046,32.921346,-86.530466
Biological,2021-04-02,2021,4,Spring,35046,32.921346,-86.530466
Biological,2021-04-14,2021,4,Spring,35022,33.331782,-86.959067
Biological,2021-10-22,2021,10,Fall,35022,33.331782,-86.959067
Biological,2021-08-20,2021,8,Summer,36301,31.140459,-85.409097
Biological,2021-08-31,2021,8,Summer,36360,31.467469,-85.61703
Biological,2021-04-14,2021,4,Spring,35022,33.331782,-86.959067
Biological,2021-10-23,2021,10,Fall,35022,33.331782,-86.959067
Biological,2021-04-14,2021,4,Spring,35022,33.331782,-86.959067
Biological,2021-10-20,2021,10,Fall,35022,33.331782,-86.959067
Biological,2022-01-25,2022,1,Winter,35022,33.331782,-86.959067
Biological,2023-08-24,2023,8,Summer,35022,33.331782,-86.959067
Biological,2021-08-17,2021,8,Summer,36104,32.401942,-86.318456
Biological,2021-09-07,2021,9,Fall,36104,32.401942,-86.318456
Biological,2022-05-04,2022,5,Spring,36104,32.401942,-86.318456
Biological,2021-08-18,2021,8,Summer,36535,30.383999,-87.727359
Biological,2021-08-20,2021,8,Summer,36535,30.383999,-87.727359
Biological,2021-04-14,2021,4,Spring,35022,33.331782,-86.959067
Biological,2021-10-05,2021,10,Fall,35022,33.331782,-86.959067
Biological,2021-04-14,2021,4,Spring,35022,33.331782,-86.959067
Biological,2021-10-14,2021,10,Fall,35022,33.331782,-86.959067
Biological,2020-04-23,2020,4,Spring,35010,32.916719,-85.940589
Biological,2020-04-30,2020,4,Spring,35010,32.916719,-85.940589
Biological,2020-04-30,2020,4,Spring,35010,32.916719,-85.940589
Biological,2020-05-15,2020,5,Spring,35010,32.916719,-85.940589
Biological,2020-12-10,2020,12,Winter,35125,33.633384,-86.288692
Biological,2020-12-29,2020,12,Winter,36507,30.858609,-87.742025
Biological,2021-04-02,2021,4,Spring,36507,30.858609,-87.742025
Biological,2021-09-21,2021,9,Fall,36507,30.858609,-87.742025
Biological,2021-09-21,2021,9,Fall,36507,30.858609,-87.742025
Biological,2021-06-16,2021,6,Summer,36104,32.401942,-86.318456
Biological,2022-02-09,2022,2,Winter,36104,32.401942,-86.318456
Biological,2020-04-03,2020,4,Spring,66611,39.018756,-95.696387
Biological,2020-10-26,2020,10,Fall,66611,39.018756,-95.696387
Biological,2020-10-23,2020,10,Fall,66609,38.978222,-95.660742
Biological,2021-04-13,2021,4,Spring,66609,38.978222,-95.660742
Biological,2021-10-22,2021,10,Fall,66609,38.978222,-95.660742
Biological,2020-04-14,2020,4,Spring,66611,39.018756,-95.696387
Biological,2020-04-28,2020,4,Spring,66611,39.018756,-95.696387
Biological,2020-05-07,2020,5,Spring,66611,39.018756,-95.696387
Biological,2020-05-15,2020,5,Spring,66611,39.018756,-95.696387
Biological,2020-06-09,2020,6,Summer,66611,39.018756,-95.696387
Biological,2022-02-08,2022,2,Winter,66611,39.018756,-95.696387
Biological,2022-03-23,2022,3,Spring,66611,39.018756,-95.696387
Biological,2023-06-22,2023,6,Summer,66611,39.018756,-95.696387
Biological,2020-08-13,2020,8,Summer,66611,39.018756,-95.696387
Biological,2020-09-04,2020,9,Fall,66611,39.018756,-95.696387
Biological,2020-09-04,2020,9,Fall,66611,39.018756,-95.696387
Biological,2020-09-23,2020,9,Fall,66611,39.018756,-95.696387
Biological,2020-10-31,2020,10,Fall,66611,39.018756,-95.696387
Biological,2020-11-25,2020,11,Fall,66611,39.018756,-95.696387
Biological,2020-12-08,2020,12,Winter,66611,39.018756,-95.696387
Biological,2020-12-28,2020,12,Winter,66611,39.018756,-95.696387
Biological,2021-01-28,2021,1,Winter,66611,39.018756,-95.696387
Biological,2021-02-25,2021,2,Winter,66611,39.018756,-95.696387
Biological,2021-02-26,2021,2,Winter,66611,39.018756,-95.696387
Biological,2021-03-29,2021,3,Spring,66611,39.018756,-95.696387
Biological,2021-04-21,2021,4,Spring,66611,39.018756,-95.696387
Biological,2022-06-23,2022,6,Summer,66611,39.018756,-95.696387
Biological,2022-11-09,2022,11,Fall,66611,39.018756,-95.696387
Biological,2022-11-10,2022,11,Fall,66611,39.018756,-95.696387
Biological,2023-05-11,2023,5,Spring,66611,39.018756,-95.696387
Biological,2023-06-15,2023,6,Summer,66611,39.018756,-95.696387
Biological,2021-04-20,2021,4,Spring,66611,39.018756,-95.696387
Biological,2021-09-16,2021,9,Fall,66611,39.018756,-95.696387
Biological,2021-12-09,2021,12,Winter,66611,39.018756,-95.696387
Biological,2022-01-12,2022,1,Winter,66611,39.018756,-95.696387
Biological,2022-03-09,2022,3,Spring,66611,39.018756,-95.696387
Biological,2023-01-05,2023,1,Winter,66611,39.018756,-95.696387
Biological,2023-01-12,2023,1,Winter,66611,39.018756,-95.696387
Biological,2020-10-14,2020,10,Fall,64131,38.959809,-94.571951
Biological,2021-08-10,2021,8,Summer,64131,38.959809,-94.571951
Biological,2020-05-05,2020,5,Spring,66611,39.018756,-95.696387
Biological,2020-09-30,2020,9,Fall,66611,39.018756,-95.696387
Biological,2022-01-19,2022,1,Winter,66611,39.018756,-95.696387
Biological,2022-02-17,2022,2,Winter,66611,39.018756,-95.696387
Biological,2022-03-07,2022,3,Spring,66611,39.018756,-95.696387
Biological,2023-01-05,2023,1,Winter,66611,39.018756,-95.696387
Biological,2021-04-07,2021,4,Spring,02920,41.767344,-71.465508
Biological,2021-04-12,2021,4,Spring,02920,41.767344,-71.465508
Biological,2021-08-31,2021,8,Summer,02920,41.767344,-71.465508
Biological,2022-02-03,2022,2,Winter,02920,41.767344,-71.465508
Biological,2021-03-01,2021,3,Spring,02920,41.767344,-71.465508
Biological,2021-03-04,2021,3,Spring,02920,41.767344,-71.465508
Biological,2021-11-30,2021,11,Fall,02920,41.767344,-71.465508
Biological,2022-06-02,2022,6,Summer,02920,41.767344,-71.465508
Biological,2021-03-01,2021,3,Spring,02920,41.767344,-71.465508
Biological,2021-03-04,2021,3,Spring,02920,41.767344,-71.465508
Biological,2021-03-05,2021,3,Spring,02920,41.767344,-71.465508
Biological,2021-03-17,2021,3,Spring,02920,41.767344,-71.465508
Biological,2021-11-16,2021,11,Fall,02920,41.767344,-71.465508
Biological,2021-04-10,2021,4,Spring,02920,41.767344,-71.465508
Biological,2021-04-15,2021,4,Spring,02920,41.767344,-71.465508
Biological,2021-11-16,2021,11,Fall,02920,41.767344,-71.465508
Biological,2021-03-04,2021,3,Spring,02920,41.767344,-71.465508
Biological,2021-03-05,2021,3,Spring,02920,41.767344,-71.465508
Biological,2021-03-08,2021,3,Spring,02920,41.767344,-71.465508
Biological,2021-03-08,2021,3,Spring,02920,41.767344,-71.465508
Biological,2021-05-21,2021,5,Spring,02920,41.767344,-71.465508
Biological,2021-09-22,2021,9,Fall,02920,41.767344,-71.465508
Biological,2021-03-01,2021,3,Spring,02920,41.767344,-71.465508
Biological,2022-05-11,2022,5,Spring,02920,41.767344,-71.465508
Biological,2021-04-07,2021,4,Spring,02886,41.701615,-71.455217
Biological,2021-11-19,2021,11,Fall,02886,41.701615,-71.455217
Biological,2021-03-01,2021,3,Spring,02920,41.767344,-71.465508
Biological,2021-03-04,2021,3,Spring,02920,41.767344,-71.465508
Biological,2022-02-01,2022,2,Winter,02920,41.767344,-71.465508
Biological,2021-04-10,2021,4,Spring,02920,41.767344,-71.465508
Biological,2021-12-02,2021,12,Winter,02920,41.767344,-71.465508
Biological,2021-03-03,2021,3,Spring,02920,41.767344,-71.465508
Biological,2022-03-10,2022,3,Spring,02920,41.767344,-71.465508
Biological,2021-03-02,2021,3,Spring,02920,41.767344,-71.465508
Biological,2021-03-03,2021,3,Spring,02920,41.767344,-71.465508
Biological,2021-04-10,2021,4,Spring,02920,41.767344,-71.465508
Biological,2021-04-15,2021,4,Spring,02920,41.767344,-71.465508
Biological,2021-11-15,2021,11,Fall,02920,41.767344,-71.465508
Biological,2022-08-18,2022,8,Summer,02920,41.767344,-71.465508
Biological,2021-03-03,2021,3,Spring,02920,41.767344,-71.465508
Biological,2021-03-04,2021,3,Spring,02920,41.767344,-71.465508
Biological,2021-11-09,2021,11,Fall,02920,41.767344,-71.465508
Biological,2021-11-18,2021,11,Fall,02920,41.767344,-71.465508
Biological,2021-03-04,2021,3,Spring,02920,41.767344,-71.465508
Biological,2021-03-08,2021,3,Spring,02920,41.767344,-71.465508
Biological,2021-03-08,2021,3,Spring,02920,41.767344,-71.465508
Biological,2022-06-02,2022,6,Summer,02920,41.767344,-71.465508
Biological,2022-06-21,2022,6,Summer,02920,41.767344,-71.465508
Biological,2021-03-04,2021,3,Spring,02920,41.767344,-71.465508
Biological,2021-03-08,2021,3,Spring,02920,41.767344,-71.465508
Biological,2021-03-08,2021,3,Spring,02920,41.767344,-71.465508
Biological,2021-09-22,2021,9,Fall,02920,41.767344,-71.465508
Biological,2021-02-02,2021,2,Winter,28139,35.348363,-81.994737
Biological,2021-10-29,2021,10,Fall,28139,35.348363,-81.994737
Biological,2021-02-12,2021,2,Winter,28139,35.348363,-81.994737
Biological,2021-10-27,2021,10,Fall,28139,35.348363,-81.994737
Biological,2020-04-03,2020,4,Spring,02920,41.767344,-71.465508
Biological,2020-04-10,2020,4,Spring,02920,41.767344,-71.465508
Biological,2020-04-24,2020,4,Spring,02920,41.767344,-71.465508
Biological,2020-05-14,2020,5,Spring,02920,41.767344,-71.465508
Biological,2020-06-08,2020,6,Summer,02920,41.767344,-71.465508
Biological,2022-02-07,2022,2,Winter,02920,41.767344,-71.465508
Biological,2022-12-20,2022,12,Winter,02920,41.767344,-71.465508
Biological,2023-03-09,2023,3,Spring,02920,41.767344,-71.465508
Biological,2023-07-28,2023,7,Summer,02920,41.767344,-71.465508
Biological,2020-04-08,2020,4,Spring,02852,41.588565,-71.459811
Biological,2020-04-21,2020,4,Spring,02852,41.588565,-71.459811
Biological,2020-08-13,2020,8,Summer,02920,41.767344,-71.465508
Biological,2020-09-03,2020,9,Fall,02920,41.767344,-71.465508
Biological,2021-04-05,2021,4,Spring,02920,41.767344,-71.465508
Biological,2020-09-03,2020,9,Fall,02920,41.767344,-71.465508
Biological,2020-09-24,2020,9,Fall,02920,41.767344,-71.465508
Biological,2020-10-26,2020,10,Fall,02920,41.767344,-71.465508
Biological,2020-11-23,2020,11,Fall,01754,42.425955,-71.456256
Biological,2020-12-08,2020,12,Winter,01754,42.425955,-71.456256
Biological,2020-12-22,2020,12,Winter,01754,42.425955,-71.456256
Biological,2021-01-27,2021,1,Winter,01754,42.425955,-71.456256
Biological,2021-02-18,2021,2,Winter,02920,41.767344,-71.465508
Biological,2021-02-23,2021,2,Winter,01754,42.425955,-71.456256
Biological,2021-03-25,2021,3,Spring,01754,42.425955,-71.456256
Biological,2021-04-15,2021,4,Spring,01754,42.425955,-71.456256
Biological,2022-06-22,2022,6,Summer,01754,42.425955,-71.456256
Biological,2022-10-04,2022,10,Fall,01754,42.425955,-71.456256
Biological,2022-12-19,2022,12,Winter,01754,42.425955,-71.456256
Biological,2023-02-22,2023,2,Winter,01754,42.425955,-71.456256
Biological,2023-06-21,2023,6,Summer,01754,42.425955,-71.456256
Biological,2023-07-20,2023,7,Summer,01754,42.425955,-71.456256
Biological,2023-07-28,2023,7,Summer,01754,42.425955,-71.456256
Biological,2021-04-15,2021,4,Spring,01754,42.425955,-71.456256
Biological,2021-06-24,2021,6,Summer,01754,42.425955,-71.456256
Biological,2021-09-15,2021,9,Fall,01754,42.425955,-71.456256
Biological,2021-12-08,2021,12,Winter,02920,41.767344,-71.465508
Biological,2021-12-21,2021,12,Winter,02920,41.767344,-71.465508
Biological,2022-01-03,2022,1,Winter,02920,41.767344,-71.465508
Biological,2022-01-12,2022,1,Winter,02920,41.767344,-71.465508
Biological,2022-03-04,2022,3,Spring,02920,41.767344,-71.465508
Biological,2023-02-08,2023,2,Winter,02920,41.767344,-71.465508
Biological,2023-02-21,2023,2,Winter,02920,41.767344,-71.465508
Biological,2023-05-22,2023,5,Spring,02920,41.767344,-71.465508
Biological,2023-06-12,2023,6,Summer,02920,41.767344,-71.465508
Biological,2023-07-12,2023,7,Summer,02920,41.767344,-71.465508
Biological,2023-07-28,2023,7,Summer,02920,41.767344,-71.465508
Biological,2022-01-13,2022,1,Winter,02903,41.819233,-71.410245
Biological,2022-02-11,2022,2,Winter,02903,41.819233,-71.410245
Biological,2022-08-17,2022,8,Summer,02903,41.819233,-71.410245
Biological,2022-11-04,2022,11,Fall,02903,41.819233,-71.410245
Biological,2023-02-02,2023,2,Winter,02903,41.819233,-71.410245
Biological,2021-04-10,2021,4,Spring,02920,41.767344,-71.465508
Biological,2021-04-15,2021,4,Spring,02920,41.767344,-71.465508
Biological,2021-09-23,2021,9,Fall,02920,41.767344,-71.465508
Biological,2021-11-16,2021,11,Fall,02920,41.767344,-71.465508
Biological,2021-09-22,2021,9,Fall,02920,41.767344,-71.465508
Biological,2022-01-25,2022,1,Winter,02920,41.767344,-71.465508
Biological,2022-10-04,2022,10,Fall,02920,41.767344,-71.465508
Biological,2021-12-02,2021,12,Winter,02920,41.767344,-71.465508
Biological,2021-04-15,2021,4,Spring,02920,41.767344,-71.465508
Biological,2022-06-02,2022,6,Summer,02920,41.767344,-71.465508
Biological,2021-04-10,2021,4,Spring,02920,41.767344,-71.465508
Biological,2021-04-15,2021,4,Spring,02920,41.767344,-71.465508
Biological,2021-09-22,2021,9,Fall,02920,41.767344,-71.465508
Biological,2021-10-20,2021,10,Fall,02920,41.767344,-71.465508
Biological,2020-04-24,2020,4,Spring,02852,41.588565,-71.459811
Biological,2020-09-11,2020,9,Fall,01754,42.425955,-71.456256
Biological,2021-04-05,2021,4,Spring,01754,42.425955,-71.456256
Biological,2021-04-28,2021,4,Spring,01754,42.425955,-71.456256
Biological,2020-08-21,2020,8,Summer,21704,39.354883,-77.375902
Biological,2021-04-05,2021,4,Spring,21704,39.354883,-77.375902
Biological,2021-04-28,2021,4,Spring,21704,39.354883,-77.375902
Biological,2020-09-11,2020,9,Fall,21704,39.354883,-77.375902
Biological,2021-04-05,2021,4,Spring,21704,39.354883,-77.375902
Biological,2021-04-28,2021,4,Spring,21704,39.354883,-77.375902
Biological,2020-12-17,2020,12,Winter,02038,42.084858,-71.410571
Biological,2021-04-05,2021,4,Spring,02038,42.084858,-71.410571
Biological,2021-04-20,2021,4,Spring,02038,42.084858,-71.410571
Biological,2021-01-21,2021,1,Winter,02038,42.084858,-71.410571
Biological,2021-04-05,2021,4,Spring,02038,42.084858,-71.410571
Biological,2021-04-20,2021,4,Spring,02038,42.084858,-71.410571
Biological,2021-02-10,2021,2,Winter,02038,42.084858,-71.410571
Biological,2021-04-20,2021,4,Spring,02038,42.084858,-71.410571
Biological,2021-03-01,2021,3,Spring,02920,41.767344,-71.465508
Biological,2021-03-02,2021,3,Spring,02920,41.767344,-71.465508
Biological,2021-03-02,2021,3,Spring,02920,41.767344,-71.465508
Biological,2021-03-23,2021,3,Spring,02920,41.767344,-71.465508
Biological,2021-04-08,2021,4,Spring,02920,41.767344,-71.465508
Biological,2021-04-13,2021,4,Spring,02920,41.767344,-71.465508
Biological,2022-06-10,2022,6,Summer,02920,41.767344,-71.465508
Biological,2021-09-01,2021,9,Fall,01754,42.425955,-71.456256
Biological,2021-09-27,2021,9,Fall,01754,42.425955,-71.456256
Biological,2021-11-29,2021,11,Fall,01754,42.425955,-71.456256
Biological,2022-01-14,2022,1,Winter,01754,42.425955,-71.456256
Biological,2022-07-28,2022,7,Summer,01754,42.425955,-71.456256
Biological,2022-01-13,2022,1,Winter,02886,41.701615,-71.455217
Biological,2022-01-27,2022,1,Winter,02886,41.701615,-71.455217
Biological,2022-07-28,2022,7,Summer,02886,41.701615,-71.455217
Biological,2021-03-01,2021,3,Spring,02920,41.767344,-71.465508
Biological,2021-03-04,2021,3,Spring,02920,41.767344,-71.465508
Biological,2021-09-01,2021,9,Fall,02920,41.767344,-71.465508
Biological,2022-05-02,2022,5,Spring,02920,41.767344,-71.465508
Biological,2021-03-03,2021,3,Spring,02920,41.767344,-71.465508
Biological,2021-03-23,2021,3,Spring,02920,41.767344,-71.465508
Biological,2021-08-31,2021,8,Summer,02920,41.767344,-71.465508
Biological,2022-02-01,2022,2,Winter,02920,41.767344,-71.465508
Biological,2022-02-23,2022,2,Winter,02920,41.767344,-71.465508
Biological,2021-04-12,2021,4,Spring,02903,41.819233,-71.410245
Biological,2021-08-31,2021,8,Summer,02903,41.819233,-71.410245
Biological,2021-11-19,2021,11,Fall,02903,41.819233,-71.410245
Biological,2022-02-03,2022,2,Winter,02903,41.819233,-71.410245
Biological,2021-04-12,2021,4,Spring,02920,41.767344,-71.465508
Biological,2021-08-31,2021,8,Summer,02920,41.767344,-71.465508
Biological,2021-11-19,2021,11,Fall,02920,41.767344,-71.465508
Biological,2022-02-03,2022,2,Winter,02920,41.767344,-71.465508
Biological,2021-04-14,2021,4,Spring,02920,41.767344,-71.465508
Biological,2021-04-20,2021,4,Spring,02920,41.767344,-71.465508
Biological,2021-04-20,2021,4,Spring,02920,41.767344,-71.465508
Biological,2022-02-01,2022,2,Winter,02920,41.767344,-71.465508
Biological,2022-08-17,2022,8,Summer,02920,41.767344,-71.465508
Biological,2021-03-02,2021,3,Spring,02920,41.767344,-71.465508
Biological,2021-03-10,2021,3,Spring,02920,41.767344,-71.465508
Biological,2021-03-23,2021,3,Spring,02920,41.767344,-71.465508
Biological,2022-02-07,2022,2,Winter,02920,41.767344,-71.465508
Biological,2022-07-28,2022,7,Summer,02920,41.767344,-71.465508
Biological,2022-11-04,2022,11,Fall,02920,41.767344,-71.465508
Biological,2020-04-20,2020,4,Spring,02920,41.767344,-71.465508
Biological,2021-09-01,2021,9,Fall,01754,42.425955,-71.456256
Biological,2021-04-05,2021,4,Spring,02920,41.767344,-71.465508
Biological,2021-09-02,2021,9,Fall,01754,42.425955,-71.456256
Biological,2021-07-14,2021,7,Summer,02920,41.767344,-71.465508
Biological,2020-05-11,2020,5,Spring,02809,41.67573,-71.273331
Biological,2020-06-04,2020,6,Summer,02809,41.67573,-71.273331
Biological,2021-04-05,2021,4,Spring,02809,41.67573,-71.273331
Biological,2021-07-14,2021,7,Summer,02809,41.67573,-71.273331
Biological,2021-03-01,2021,3,Spring,02842,41.517086,-71.273419
Biological,2021-03-23,2021,3,Spring,02842,41.517086,-71.273419
Biological,2021-12-13,2021,12,Winter,02842,41.517086,-71.273419
Biological,2021-04-26,2021,4,Spring,02920,41.767344,-71.465508
Biological,2021-12-13,2021,12,Winter,02920,41.767344,-71.465508
Biological,2021-09-02,2021,9,Fall,01754,42.425955,-71.456256
Biological,2021-09-27,2021,9,Fall,01754,42.425955,-71.456256
Biological,2021-11-29,2021,11,Fall,01754,42.425955,-71.456256
Biological,2022-01-14,2022,1,Winter,01754,42.425955,-71.456256
Biological,2022-12-08,2022,12,Winter,01754,42.425955,-71.456256
Biological,2022-12-21,2022,12,Winter,01754,42.425955,-71.456256
Biological,2021-02-17,2021,2,Winter,19106,39.946649,-75.142232
Biological,2021-08-26,2021,8,Summer,19106,39.946649,-75.142232
Biological,2020-04-02,2020,4,Spring,17110,40.323487,-76.888179
Biological,2020-06-22,2020,6,Summer,17110,40.323487,-76.888179
Biological,2021-03-29,2021,3,Spring,17110,40.323487,-76.888179
Biological,2021-01-27,2021,1,Winter,19103,39.953372,-75.174187
Biological,2021-03-17,2021,3,Spring,19103,39.953372,-75.174187
Biological,2021-03-25,2021,3,Spring,19103,39.953372,-75.174187
Biological,2021-08-23,2021,8,Summer,19103,39.953372,-75.174187
Biological,2021-02-20,2021,2,Winter,19106,39.946649,-75.142232
Biological,2021-02-22,2021,2,Winter,19106,39.946649,-75.142232
Biological,2021-08-31,2021,8,Summer,19106,39.946649,-75.142232
Biological,2021-11-16,2021,11,Fall,19106,39.946649,-75.142232
Biological,2021-03-19,2021,3,Spring,19106,39.946649,-75.142232
Biological,2021-08-31,2021,8,Summer,19106,39.946649,-75.142232
Biological,2021-11-16,2021,11,Fall,19106,39.946649,-75.142232
Biological,2022-12-15,2022,12,Winter,19106,39.946649,-75.142232
Biological,2021-04-24,2021,4,Spring,19106,39.946649,-75.142232
Biological,2021-08-31,2021,8,Summer,19106,39.946649,-75.142232
Biological,2021-11-16,2021,11,Fall,19106,39.946649,-75.142232
Biological,2021-12-30,2021,12,Winter,19106,39.946649,-75.142232
Biological,2022-01-19,2022,1,Winter,19106,39.946649,-75.142232
Biological,2022-02-16,2022,2,Winter,19106,39.946649,-75.142232
Biological,2021-12-31,2021,12,Winter,19106,39.946649,-75.142232
Biological,2022-01-19,2022,1,Winter,19106,39.946649,-75.142232
Biological,2020-03-31,2020,3,Spring,17110,40.323487,-76.888179
Biological,2020-10-23,2020,10,Fall,17110,40.323487,-76.888179
Biological,2021-04-08,2021,4,Spring,17110,40.323487,-76.888179
Biological,2020-04-06,2020,4,Spring,17110,40.323487,-76.888179
Biological,2020-10-23,2020,10,Fall,17110,40.323487,-76.888179
Biological,2021-04-13,2021,4,Spring,17110,40.323487,-76.888179
Biological,2020-05-10,2020,5,Spring,17110,40.323487,-76.888179
Biological,2020-10-23,2020,10,Fall,17110,40.323487,-76.888179
Biological,2021-04-08,2021,4,Spring,17110,40.323487,-76.888179
Biological,2020-11-06,2020,11,Fall,28139,35.348363,-81.994737
Biological,2021-02-03,2021,2,Winter,28139,35.348363,-81.994737
Biological,2021-03-09,2021,3,Spring,17110,40.323487,-76.888179
Biological,2022-02-07,2022,2,Winter,17110,40.323487,-76.888179
Biological,2020-03-31,2020,3,Spring,19901,39.181542,-75.47352
Biological,2020-04-20,2020,4,Spring,19901,39.181542,-75.47352
Biological,2020-05-22,2020,5,Spring,19901,39.181542,-75.47352
Biological,2020-04-08,2020,4,Spring,18301,41.04236,-75.175818
Biological,2020-04-16,2020,4,Spring,18301,41.04236,-75.175818
Biological,2020-04-08,2020,4,Spring,17110,40.323487,-76.888179
Biological,2020-04-10,2020,4,Spring,17110,40.323487,-76.888179
Biological,2020-04-20,2020,4,Spring,17110,40.323487,-76.888179
Biological,2020-04-24,2020,4,Spring,17110,40.323487,-76.888179
Biological,2020-05-02,2020,5,Spring,17110,40.323487,-76.888179
Biological,2020-05-14,2020,5,Spring,17110,40.323487,-76.888179
Biological,2020-06-05,2020,6,Summer,17110,40.323487,-76.888179
Biological,2022-02-07,2022,2,Winter,17110,40.323487,-76.888179
Biological,2022-10-05,2022,10,Fall,17110,40.323487,-76.888179
Biological,2020-04-16,2020,4,Spring,18301,41.04236,-75.175818
Biological,2021-04-07,2021,4,Spring,18301,41.04236,-75.175818
Biological,2021-05-17,2021,5,Spring,18301,41.04236,-75.175818
Biological,2020-05-07,2020,5,Spring,17110,40.323487,-76.888179
Biological,2020-05-14,2020,5,Spring,17110,40.323487,-76.888179
Biological,2020-08-18,2020,8,Summer,17110,40.323487,-76.888179
Biological,2020-09-03,2020,9,Fall,17110,40.323487,-76.888179
Biological,2020-09-03,2020,9,Fall,17110,40.323487,-76.888179
Biological,2020-09-11,2020,9,Fall,17110,40.323487,-76.888179
Biological,2020-09-11,2020,9,Fall,17110,40.323487,-76.888179
Biological,2020-09-28,2020,9,Fall,17110,40.323487,-76.888179
Biological,2020-10-26,2020,10,Fall,17110,40.323487,-76.888179
Biological,2020-11-23,2020,11,Fall,17110,40.323487,-76.888179
Biological,2020-12-10,2020,12,Winter,17110,40.323487,-76.888179
Biological,2020-12-22,2020,12,Winter,17110,40.323487,-76.888179
Biological,2021-01-26,2021,1,Winter,17110,40.323487,-76.888179
Biological,2021-02-24,2021,2,Winter,17110,40.323487,-76.888179
Biological,2021-03-26,2021,3,Spring,17110,40.323487,-76.888179
Biological,2021-04-15,2021,4,Spring,17110,40.323487,-76.888179
Biological,2022-02-07,2022,2,Winter,17110,40.323487,-76.888179
Biological,2022-10-05,2022,10,Fall,17110,40.323487,-76.888179
Biological,2023-01-03,2023,1,Winter,17110,40.323487,-76.888179
Biological,2021-01-27,2021,1,Winter,19103,39.953372,-75.174187
Biological,2021-03-09,2021,3,Spring,19103,39.953372,-75.174187
Biological,2021-05-06,2021,5,Spring,19103,39.953372,-75.174187
Biological,2022-11-22,2022,11,Fall,19103,39.953372,-75.174187
Biological,2023-09-11,2023,9,Fall,19103,39.953372,-75.174187
Biological,2021-02-18,2021,2,Winter,19107,39.951764,-75.158667
Biological,2021-03-28,2021,3,Spring,19107,39.951764,-75.158667
Biological,2021-03-29,2021,3,Spring,19107,39.951764,-75.158667
Biological,2021-08-13,2021,8,Summer,19107,39.951764,-75.158667
Biological,2021-11-18,2021,11,Fall,19107,39.951764,-75.158667
Biological,2022-03-21,2022,3,Spring,19107,39.951764,-75.158667
Biological,2022-08-31,2022,8,Summer,19107,39.951764,-75.158667
Biological,2023-01-27,2023,1,Winter,19107,39.951764,-75.158667
Biological,2023-07-28,2023,7,Summer,19107,39.951764,-75.158667
Biological,2023-09-08,2023,9,Fall,19107,39.951764,-75.158667
Biological,2021-04-15,2021,4,Spring,17110,40.323487,-76.888179
Biological,2021-09-15,2021,9,Fall,17110,40.323487,-76.888179
Biological,2021-12-14,2021,12,Winter,17110,40.323487,-76.888179
Biological,2022-01-06,2022,1,Winter,17110,40.323487,-76.888179
Biological,2022-03-10,2022,3,Spring,17110,40.323487,-76.888179
Biological,2023-02-06,2023,2,Winter,17110,40.323487,-76.888179
Biological,2023-02-22,2023,2,Winter,17110,40.323487,-76.888179
Biological,2023-05-30,2023,5,Spring,17110,40.323487,-76.888179
Biological,2023-06-22,2023,6,Summer,17110,40.323487,-76.888179
Biological,2021-05-06,2021,5,Spring,19106,39.946649,-75.142232
Biological,2021-11-16,2021,11,Fall,19106,39.946649,-75.142232
Biological,2022-03-21,2022,3,Spring,19106,39.946649,-75.142232
Biological,2022-11-22,2022,11,Fall,19106,39.946649,-75.142232
Biological,2021-12-24,2021,12,Winter,17110,40.323487,-76.888179
Biological,2022-01-21,2022,1,Winter,17110,40.323487,-76.888179
Biological,2022-02-24,2022,2,Winter,17110,40.323487,-76.888179
Biological,2021-12-24,2021,12,Winter,17110,40.323487,-76.888179
Biological,2022-01-21,2022,1,Winter,17110,40.323487,-76.888179
Biological,2022-02-24,2022,2,Winter,17110,40.323487,-76.888179
Biological,2022-02-24,2022,2,Winter,17110,40.323487,-76.888179
Biological,2022-08-31,2022,8,Summer,17110,40.323487,-76.888179
Biological,2022-11-21,2022,11,Fall,17110,40.323487,-76.888179
Biological,2022-02-24,2022,2,Winter,17110,40.323487,-76.888179
Biological,2022-08-31,2022,8,Summer,17110,40.323487,-76.888179
Biological,2022-11-21,2022,11,Fall,17110,40.323487,-76.888179
Biological,2023-01-27,2023,1,Winter,17110,40.323487,-76.888179
Biological,2021-12-30,2021,12,Winter,19106,39.946649,-75.142232
Biological,2022-01-28,2022,1,Winter,19106,39.946649,-75.142232
Biological,2022-10-14,2022,10,Fall,19106,39.946649,-75.142232
Biological,2021-04-19,2021,4,Spring,19107,39.951764,-75.158667
Biological,2021-10-18,2021,10,Fall,19107,39.951764,-75.158667
Biological,2022-03-21,2022,3,Spring,19107,39.951764,-75.158667
Biological,2021-01-27,2021,1,Winter,19106,39.946649,-75.142232
Biological,2021-03-24,2021,3,Spring,19106,39.946649,-75.142232
Biological,2021-11-04,2021,11,Fall,19106,39.946649,-75.142232
Biological,2022-03-15,2022,3,Spring,19106,39.946649,-75.142232
Biological,2020-04-03,2020,4,Spring,19079,39.902263,-75.265718
Biological,2020-04-20,2020,4,Spring,19079,39.902263,-75.265718
Biological,2020-05-01,2020,5,Spring,19079,39.902263,-75.265718
Biological,2020-06-15,2020,6,Summer,19079,39.902263,-75.265718
Biological,2020-06-17,2020,6,Summer,19079,39.902263,-75.265718
Biological,2020-09-01,2020,9,Fall,19079,39.902263,-75.265718
Biological,2022-03-21,2022,3,Spring,19079,39.902263,-75.265718
Biological,2020-03-31,2020,3,Spring,19079,39.902263,-75.265718
Biological,2021-08-28,2021,8,Summer,19106,39.946649,-75.142232
Biological,2020-04-03,2020,4,Spring,19079,39.902263,-75.265718
Biological,2022-11-21,2022,11,Fall,19106,39.946649,-75.142232
Biological,2021-05-26,2021,5,Spring,19079,39.902263,-75.265718
Biological,2022-03-23,2022,3,Spring,19079,39.902263,-75.265718
Biological,2022-04-20,2022,4,Spring,19079,39.902263,-75.265718
Biological,2021-01-26,2021,1,Winter,19106,39.946649,-75.142232
Biological,2021-03-17,2021,3,Spring,19106,39.946649,-75.142232
Biological,2023-07-28,2023,7,Summer,19106,39.946649,-75.142232
Biological,2023-09-05,2023,9,Fall,19106,39.946649,-75.142232
Biological,2021-04-14,2021,4,Spring,19106,39.946649,-75.142232
Biological,2021-04-21,2021,4,Spring,19106,39.946649,-75.142232
Biological,2021-05-14,2021,5,Spring,19106,39.946649,-75.142232
Biological,2021-07-26,2021,7,Summer,19106,39.946649,-75.142232
Biological,2021-09-24,2021,9,Fall,19106,39.946649,-75.142232
Biological,2021-12-13,2021,12,Winter,19106,39.946649,-75.142232
Biological,2022-11-22,2022,11,Fall,19106,39.946649,-75.142232
Biological,2020-03-31,2020,3,Spring,19148,39.911612,-75.151475
Biological,2020-04-14,2020,4,Spring,19148,39.911612,-75.151475
Biological,2021-04-13,2021,4,Spring,19148,39.911612,-75.151475
Biological,2021-05-03,2021,5,Spring,19148,39.911612,-75.151475
Biological,2021-09-14,2021,9,Fall,19148,39.911612,-75.151475
Biological,2020-04-01,2020,4,Spring,19342,39.907638,-75.500025
Biological,2020-04-14,2020,4,Spring,19342,39.907638,-75.500025
Biological,2021-04-13,2021,4,Spring,19342,39.907638,-75.500025
Biological,2021-05-03,2021,5,Spring,19342,39.907638,-75.500025
Biological,2021-09-14,2021,9,Fall,19342,39.907638,-75.500025
Biological,2020-08-25,2020,8,Summer,21704,39.354883,-77.375902
Biological,2021-04-13,2021,4,Spring,21704,39.354883,-77.375902
Biological,2021-05-03,2021,5,Spring,21704,39.354883,-77.375902
Biological,2021-01-26,2021,1,Winter,19106,39.946649,-75.142232
Biological,2022-07-20,2022,7,Summer,19106,39.946649,-75.142232
Biological,2021-02-25,2021,2,Winter,19106,39.946649,-75.142232
Biological,2021-03-04,2021,3,Spring,19106,39.946649,-75.142232
Biological,2021-03-04,2021,3,Spring,19107,39.951764,-75.158667
Biological,2021-03-05,2021,3,Spring,19107,39.951764,-75.158667
Biological,2021-03-05,2021,3,Spring,19107,39.951764,-75.158667
Biological,2021-03-27,2021,3,Spring,19107,39.951764,-75.158667
Biological,2021-03-15,2021,3,Spring,19106,39.946649,-75.142232
Biological,2021-11-04,2021,11,Fall,19106,39.946649,-75.142232
Biological,2021-12-30,2021,12,Winter,19106,39.946649,-75.142232
Biological,2022-01-28,2022,1,Winter,19106,39.946649,-75.142232
Biological,2022-07-29,2022,7,Summer,19106,39.946649,-75.142232
Biological,2022-01-04,2022,1,Winter,19154,40.096483,-74.983217
Biological,2022-01-13,2022,1,Winter,19023,39.91724,-75.267087
Biological,2022-01-19,2022,1,Winter,19023,39.91724,-75.267087
Biological,2022-01-21,2022,1,Winter,19023,39.91724,-75.267087
Biological,2022-02-01,2022,2,Winter,19023,39.91724,-75.267087
Biological,2023-01-27,2023,1,Winter,19023,39.91724,-75.267087
Biological,2022-01-10,2022,1,Winter,19023,39.91724,-75.267087
Biological,2022-01-13,2022,1,Winter,19023,39.91724,-75.267087
Biological,2021-12-31,2021,12,Winter,19154,40.096483,-74.983217
Biological,2022-01-04,2022,1,Winter,19154,40.096483,-74.983217
Biological,2021-02-26,2021,2,Winter,19107,39.951764,-75.158667
Biological,2021-04-21,2021,4,Spring,19107,39.951764,-75.158667
Biological,2021-10-18,2021,10,Fall,19107,39.951764,-75.158667
Biological,2021-10-27,2021,10,Fall,19107,39.951764,-75.158667
Biological,2021-02-12,2021,2,Winter,19106,39.946649,-75.142232
Biological,2021-08-23,2021,8,Summer,19106,39.946649,-75.142232
Biological,2021-02-09,2021,2,Winter,19106,39.946649,-75.142232
Biological,2021-04-29,2021,4,Spring,19106,39.946649,-75.142232
Biological,2021-08-23,2021,8,Summer,19106,39.946649,-75.142232
Biological,2021-02-19,2021,2,Winter,19106,39.946649,-75.142232
Biological,2021-03-01,2021,3,Spring,19106,39.946649,-75.142232
Biological,2022-07-27,2022,7,Summer,19106,39.946649,-75.142232
Biological,2021-03-26,2021,3,Spring,19106,39.946649,-75.142232
Biological,2021-04-21,2021,4,Spring,19106,39.946649,-75.142232
Biological,2021-06-17,2021,6,Summer,19106,39.946649,-75.142232
Biological,2021-11-16,2021,11,Fall,19106,39.946649,-75.142232
Biological,2021-04-29,2021,4,Spring,19106,39.946649,-75.142232
Biological,2021-08-31,2021,8,Summer,19106,39.946649,-75.142232
Biological,2021-09-16,2021,9,Fall,19106,39.946649,-75.142232
Biological,2022-02-15,2022,2,Winter,19106,39.946649,-75.142232
Biological,2021-04-17,2021,4,Spring,19106,39.946649,-75.142232
Biological,2021-04-21,2021,4,Spring,19106,39.946649,-75.142232
Biological,2021-11-16,2021,11,Fall,19106,39.946649,-75.142232
Biological,2020-04-23,2020,4,Spring,19475,40.171654,-75.598754
Biological,2021-03-31,2021,3,Spring,19104,39.958518,-75.198856
Biological,2020-05-07,2020,5,Spring,19475,40.171654,-75.598754
Biological,2021-04-28,2021,4,Spring,19104,39.958518,-75.198856
Biological,2020-05-29,2020,5,Spring,19475,40.171654,-75.598754
Biological,2022-02-23,2022,2,Winter,19104,39.958518,-75.198856
Biological,2020-06-12,2020,6,Summer,19475,40.171654,-75.598754
Biological,2020-07-01,2020,7,Summer,19475,40.171654,-75.598754
Biological,2021-11-29,2021,11,Fall,19475,40.171654,-75.598754
Biological,2020-07-28,2020,7,Summer,15206,40.472272,-79.913156
Biological,2021-03-31,2021,3,Spring,19104,39.958518,-75.198856
Biological,2020-12-21,2020,12,Winter,16507,42.139495,-80.084963
Biological,2021-04-21,2021,4,Spring,19104,39.958518,-75.198856
Biological,2022-02-23,2022,2,Winter,16507,42.139495,-80.084963
Biological,2022-02-23,2022,2,Winter,19104,39.958518,-75.198856
Biological,2022-03-30,2022,3,Spring,16507,42.139495,-80.084963
Biological,2022-03-31,2022,3,Spring,16507,42.139495,-80.084963
Biological,2021-03-31,2021,3,Spring,19104,39.958518,-75.198856
Biological,2021-04-22,2021,4,Spring,19104,39.958518,-75.198856
Biological,2022-02-23,2022,2,Winter,19104,39.958518,-75.198856
Biological,2021-02-12,2021,2,Winter,19106,39.946649,-75.142232
Biological,2021-04-27,2021,4,Spring,19104,39.958518,-75.198856
Biological,2021-04-28,2021,4,Spring,19104,39.958518,-75.198856
Biological,2021-05-06,2021,5,Spring,19106,39.946649,-75.142232
Biological,2022-02-23,2022,2,Winter,19106,39.946649,-75.142232
Biological,2021-05-06,2021,5,Spring,19106,39.946649,-75.142232
Biological,2021-07-06,2021,7,Summer,17101,40.258414,-76.89291
Biological,2022-02-23,2022,2,Winter,19106,39.946649,-75.142232
Biological,2022-02-23,2022,2,Winter,17101,40.258414,-76.89291
Biological,2021-12-30,2021,12,Winter,19106,39.946649,-75.142232
Biological,2022-01-28,2022,1,Winter,19106,39.946649,-75.142232
Biological,2023-03-17,2023,3,Spring,19106,39.946649,-75.142232
Biological,2021-03-11,2021,3,Spring,44115,41.493539,-81.671188
Biological,2021-03-19,2021,3,Spring,44115,41.493539,-81.671188
Biological,2021-04-26,2021,4,Spring,44115,41.493539,-81.671188
Biological,2021-04-26,2021,4,Spring,44115,41.493539,-81.671188
Biological,2021-05-06,2021,5,Spring,44115,41.493539,-81.671188
Biological,2021-11-10,2021,11,Fall,44115,41.493539,-81.671188
Biological,2020-10-28,2020,10,Fall,28139,35.348363,-81.994737
Biological,2020-12-16,2020,12,Winter,28139,35.348363,-81.994737
Biological,2021-04-05,2021,4,Spring,28139,35.348363,-81.994737
Biological,2021-09-29,2021,9,Fall,28139,35.348363,-81.994737
Biological,2020-04-03,2020,4,Spring,43235,40.078722,-83.082473
Biological,2020-04-14,2020,4,Spring,43235,40.078722,-83.082473
Biological,2020-04-25,2020,4,Spring,43235,40.078722,-83.082473
Biological,2020-05-08,2020,5,Spring,43235,40.078722,-83.082473
Biological,2020-05-14,2020,5,Spring,43235,40.078722,-83.082473
Biological,2020-06-05,2020,6,Summer,43235,40.078722,-83.082473
Biological,2021-08-20,2021,8,Summer,43235,40.078722,-83.082473
Biological,2023-06-23,2023,6,Summer,43235,40.078722,-83.082473
Biological,2023-07-28,2023,7,Summer,43235,40.078722,-83.082473
Biological,2023-09-07,2023,9,Fall,43235,40.078722,-83.082473
Biological,2020-08-11,2020,8,Summer,43235,40.078722,-83.082473
Biological,2020-08-12,2020,8,Summer,43235,40.078722,-83.082473
Biological,2020-09-04,2020,9,Fall,43235,40.078722,-83.082473
Biological,2020-09-04,2020,9,Fall,43235,40.078722,-83.082473
Biological,2020-09-23,2020,9,Fall,43235,40.078722,-83.082473
Biological,2020-11-25,2020,11,Fall,43235,40.078722,-83.082473
Biological,2020-12-15,2020,12,Winter,43235,40.078722,-83.082473
Biological,2021-01-27,2021,1,Winter,43235,40.078722,-83.082473
Biological,2021-02-25,2021,2,Winter,43235,40.078722,-83.082473
Biological,2021-03-26,2021,3,Spring,43235,40.078722,-83.082473
Biological,2021-04-15,2021,4,Spring,43235,40.078722,-83.082473
Biological,2021-08-19,2021,8,Summer,43235,40.078722,-83.082473
Biological,2022-12-12,2022,12,Winter,43235,40.078722,-83.082473
Biological,2022-12-13,2022,12,Winter,43235,40.078722,-83.082473
Biological,2023-05-11,2023,5,Spring,43235,40.078722,-83.082473
Biological,2021-03-03,2021,3,Spring,44115,41.493539,-81.671188
Biological,2021-06-03,2021,6,Summer,44115,41.493539,-81.671188
Biological,2021-08-13,2021,8,Summer,44115,41.493539,-81.671188
Biological,2021-11-02,2021,11,Fall,44115,41.493539,-81.671188
Biological,2022-05-02,2022,5,Spring,44115,41.493539,-81.671188
Biological,2022-08-31,2022,8,Summer,44115,41.493539,-81.671188
Biological,2023-09-07,2023,9,Fall,44115,41.493539,-81.671188
Biological,2021-04-21,2021,4,Spring,44115,41.493539,-81.671188
Biological,2021-11-03,2021,11,Fall,44115,41.493539,-81.671188
Biological,2022-05-02,2022,5,Spring,44115,41.493539,-81.671188
Biological,2022-08-31,2022,8,Summer,44115,41.493539,-81.671188
Biological,2023-01-27,2023,1,Winter,44115,41.493539,-81.671188
Biological,2022-01-20,2022,1,Winter,44304,41.085888,-81.509129
Biological,2022-05-17,2022,5,Spring,44304,41.085888,-81.509129
Biological,2022-08-10,2022,8,Summer,44304,41.085888,-81.509129
Biological,2023-01-27,2023,1,Winter,44304,41.085888,-81.509129
Biological,2021-01-30,2021,1,Winter,43235,40.078722,-83.082473
Biological,2021-03-13,2021,3,Spring,44115,41.493539,-81.671188
Biological,2021-03-25,2021,3,Spring,44115,41.493539,-81.671188
Biological,2022-11-28,2022,11,Fall,44115,41.493539,-81.671188
Biological,2021-04-26,2021,4,Spring,44115,41.493539,-81.671188
Biological,2022-05-13,2022,5,Spring,44115,41.493539,-81.671188
Biological,2021-02-21,2021,2,Winter,43215,39.966856,-83.01296
Biological,2021-05-03,2021,5,Spring,43215,39.966856,-83.01296
Biological,2021-07-22,2021,7,Summer,43215,39.966856,-83.01296
Biological,2021-07-02,2021,7,Summer,44131,41.383276,-81.65469
Biological,2022-02-22,2022,2,Winter,44131,41.383276,-81.65469
Biological,2020-04-02,2020,4,Spring,59601,46.53069,-112.199398
Biological,2020-04-16,2020,4,Spring,59601,46.53069,-112.199398
Biological,2021-04-29,2021,4,Spring,59601,46.53069,-112.199398
Biological,2021-05-07,2021,5,Spring,59601,46.53069,-112.199398
Biological,2022-01-20,2022,1,Winter,59601,46.53069,-112.199398
Biological,2023-05-03,2023,5,Spring,59636,46.61614,-112.114018
Biological,2023-08-29,2023,8,Summer,59636,46.61614,-112.114018
Biological,2023-09-08,2023,9,Fall,59636,46.61614,-112.114018
Biological,2020-08-18,2020,8,Summer,59602,46.726915,-111.908265
Biological,2020-09-02,2020,9,Fall,59602,46.726915,-111.908265
Biological,2020-09-03,2020,9,Fall,59602,46.726915,-111.908265
Biological,2020-10-20,2020,10,Fall,59602,46.726915,-111.908265
Biological,2020-11-19,2020,11,Fall,59602,46.726915,-111.908265
Biological,2020-12-10,2020,12,Winter,59602,46.726915,-111.908265
Biological,2020-12-23,2020,12,Winter,59602,46.726915,-111.908265
Biological,2021-01-28,2021,1,Winter,59602,46.726915,-111.908265
Biological,2021-02-25,2021,2,Winter,59602,46.726915,-111.908265
Biological,2021-03-29,2021,3,Spring,59602,46.726915,-111.908265
Biological,2021-04-19,2021,4,Spring,59602,46.726915,-111.908265
Biological,2022-06-28,2022,6,Summer,59602,46.726915,-111.908265
Biological,2023-03-29,2023,3,Spring,59602,46.726915,-111.908265
Biological,2021-04-19,2021,4,Spring,59602,46.726915,-111.908265
Biological,2021-09-15,2021,9,Fall,59602,46.726915,-111.908265
Biological,2021-12-09,2021,12,Winter,59602,46.726915,-111.908265
Biological,2022-03-10,2022,3,Spring,59602,46.726915,-111.908265
Biological,2023-03-29,2023,3,Spring,59602,46.726915,-111.908265
Biological,2023-03-30,2023,3,Spring,59636,46.61614,-112.114018
Biological,2023-06-07,2023,6,Summer,59636,46.61614,-112.114018
Biological,2023-06-21,2023,6,Summer,59636,46.61614,-112.114018
Biological,2021-11-02,2021,11,Fall,59101,45.607108,-108.341517
Biological,2021-11-10,2021,11,Fall,59101,45.607108,-108.341517
Biological,2021-11-15,2021,11,Fall,59101,45.607108,-108.341517
Biological,2022-12-19,2022,12,Winter,59802,46.903959,-113.91929
Biological,2020-10-28,2020,10,Fall,59636,46.61614,-112.114018
Biological,2020-11-04,2020,11,Fall,59636,46.61614,-112.114018
Biological,2021-04-29,2021,4,Spring,59636,46.61614,-112.114018
Biological,2022-07-18,2022,7,Summer,59636,46.61614,-112.114018
Biological,2020-11-17,2020,11,Fall,59901,48.230565,-114.403313
Biological,2021-04-29,2021,4,Spring,59901,48.230565,-114.403313
Biological,2022-07-21,2022,7,Summer,59901,48.230565,-114.403313
Biological,2021-10-15,2021,10,Fall,59802,46.903959,-113.91929
Biological,2022-07-18,2022,7,Summer,59802,46.903959,-113.91929
Biological,2021-11-02,2021,11,Fall,59101,45.607108,-108.341517
Biological,2022-08-10,2022,8,Summer,59101,45.607108,-108.341517
Biological,2021-11-02,2021,11,Fall,59101,45.607108,-108.341517
Biological,2022-01-21,2022,1,Winter,59715,45.693722,-110.906093
Biological,2023-02-08,2023,2,Winter,59715,45.693722,-110.906093
Biological,2021-09-23,2021,9,Fall,59601,46.53069,-112.199398
Biological,2021-10-21,2021,10,Fall,59601,46.53069,-112.199398
Biological,2021-11-18,2021,11,Fall,59601,46.53069,-112.199398
Biological,2022-09-01,2022,9,Fall,59601,46.53069,-112.199398
Biological,2020-04-03,2020,4,Spring,58504,46.743148,-100.678745
Biological,2020-04-14,2020,4,Spring,58504,46.743148,-100.678745
Biological,2020-12-08,2020,12,Winter,58504,46.743148,-100.678745
Biological,2021-04-29,2021,4,Spring,58504,46.743148,-100.678745
Biological,2020-10-27,2020,10,Fall,58505,46.820285,-100.781059
Biological,2021-03-02,2021,3,Spring,58505,46.820285,-100.781059
Biological,2021-04-29,2021,4,Spring,58505,46.820285,-100.781059
Biological,2020-10-27,2020,10,Fall,58505,46.820285,-100.781059
Biological,2021-04-29,2021,4,Spring,58505,46.820285,-100.781059
Biological,2020-10-27,2020,10,Fall,58370,47.985147,-98.86648
Biological,2021-02-12,2021,2,Winter,58370,47.985147,-98.86648
Biological,2020-08-14,2020,8,Summer,58504,46.743148,-100.678745
Biological,2020-09-02,2020,9,Fall,58504,46.743148,-100.678745
Biological,2020-09-03,2020,9,Fall,58505,46.820285,-100.781059
Biological,2020-09-17,2020,9,Fall,58505,46.820285,-100.781059
Biological,2020-10-23,2020,10,Fall,58505,46.820285,-100.781059
Biological,2020-12-14,2020,12,Winter,58505,46.820285,-100.781059
Biological,2020-12-22,2020,12,Winter,58505,46.820285,-100.781059
Biological,2021-01-28,2021,1,Winter,58505,46.820285,-100.781059
Biological,2021-04-19,2021,4,Spring,58505,46.820285,-100.781059
Biological,2022-06-28,2022,6,Summer,58505,46.820285,-100.781059
Biological,2022-11-14,2022,11,Fall,58505,46.820285,-100.781059
Biological,2020-11-18,2020,11,Fall,58505,46.820285,-100.781059
Biological,2020-12-22,2020,12,Winter,58505,46.820285,-100.781059
Biological,2021-04-29,2021,4,Spring,58505,46.820285,-100.781059
Biological,2021-06-24,2021,6,Summer,58505,46.820285,-100.781059
Biological,2021-08-19,2021,8,Summer,58505,46.820285,-100.781059
Biological,2022-06-09,2022,6,Summer,58505,46.820285,-100.781059
Biological,2022-09-01,2022,9,Fall,58505,46.820285,-100.781059
Biological,2021-04-19,2021,4,Spring,58505,46.820285,-100.781059
Biological,2021-07-01,2021,7,Summer,58505,46.820285,-100.781059
Biological,2021-09-16,2021,9,Fall,58505,46.820285,-100.781059
Biological,2021-12-09,2021,12,Winter,58505,46.820285,-100.781059
Biological,2022-03-10,2022,3,Spring,58505,46.820285,-100.781059
Biological,2023-03-29,2023,3,Spring,58505,46.820285,-100.781059
Biological,2023-06-07,2023,6,Summer,58505,46.820285,-100.781059
Biological,2023-07-05,2023,7,Summer,58505,46.820285,-100.781059
Biological,2021-12-08,2021,12,Winter,94607,37.808842,-122.304697
Biological,2022-01-04,2022,1,Winter,94607,37.808842,-122.304697
Biological,2022-06-30,2022,6,Summer,94607,37.808842,-122.304697
Biological,2021-04-09,2021,4,Spring,23502,36.860941,-76.204908
Biological,2021-04-21,2021,4,Spring,23502,36.860941,-76.204908
Biological,2021-11-09,2021,11,Fall,23502,36.860941,-76.204908
Biological,2021-04-08,2021,4,Spring,24018,37.213055,-80.041739
Biological,2021-08-31,2021,8,Summer,24018,37.213055,-80.041739
Biological,2021-11-02,2021,11,Fall,24018,37.213055,-80.041739
Biological,2020-04-03,2020,4,Spring,23235,37.51457,-77.564758
Biological,2020-04-29,2020,4,Spring,23235,37.51457,-77.564758
Biological,2020-06-25,2020,6,Summer,23235,37.51457,-77.564758
Biological,2021-04-13,2021,4,Spring,23235,37.51457,-77.564758
Biological,2021-05-10,2021,5,Spring,23235,37.51457,-77.564758
Biological,2021-08-24,2021,8,Summer,19106,39.946649,-75.142232
Biological,2021-08-25,2021,8,Summer,19106,39.946649,-75.142232
Biological,2021-11-16,2021,11,Fall,19106,39.946649,-75.142232
Biological,2023-03-10,2023,3,Spring,19106,39.946649,-75.142232
Biological,2023-04-27,2023,4,Spring,19106,39.946649,-75.142232
Biological,2021-08-26,2021,8,Summer,20151,38.897187,-77.443874
Biological,2021-11-02,2021,11,Fall,20151,38.897187,-77.443874
Biological,2022-09-29,2022,9,Fall,20151,38.897187,-77.443874
Biological,2020-04-07,2020,4,Spring,23220,37.549349,-77.460606
Biological,2020-04-08,2020,4,Spring,23220,37.549349,-77.460606
Biological,2020-04-24,2020,4,Spring,23220,37.549349,-77.460606
Biological,2020-05-07,2020,5,Spring,23220,37.549349,-77.460606
Biological,2020-10-23,2020,10,Fall,23220,37.549349,-77.460606
Biological,2021-04-14,2021,4,Spring,23220,37.549349,-77.460606
Biological,2020-05-07,2020,5,Spring,23220,37.549349,-77.460606
Biological,2021-03-18,2021,3,Spring,23502,36.860941,-76.204908
Biological,2020-05-14,2020,5,Spring,23220,37.549349,-77.460606
Biological,2021-04-06,2021,4,Spring,23502,36.860941,-76.204908
Biological,2021-04-14,2021,4,Spring,23502,36.860941,-76.204908
Biological,2021-08-13,2021,8,Summer,23502,36.860941,-76.204908
Biological,2021-11-18,2021,11,Fall,23502,36.860941,-76.204908
Biological,2022-03-21,2022,3,Spring,23502,36.860941,-76.204908
Biological,2022-08-31,2022,8,Summer,23502,36.860941,-76.204908
Biological,2022-11-22,2022,11,Fall,23502,36.860941,-76.204908
Biological,2021-08-24,2021,8,Summer,19106,39.946649,-75.142232
Biological,2022-03-15,2022,3,Spring,19106,39.946649,-75.142232
Biological,2021-04-07,2021,4,Spring,23502,36.860941,-76.204908
Biological,2021-04-14,2021,4,Spring,23502,36.860941,-76.204908
Biological,2022-03-15,2022,3,Spring,23502,36.860941,-76.204908
Biological,2021-08-24,2021,8,Summer,19106,39.946649,-75.142232
Biological,2022-11-21,2022,11,Fall,19106,39.946649,-75.142232
Biological,2021-08-28,2021,8,Summer,20151,38.897187,-77.443874
Biological,2021-03-24,2021,3,Spring,23502,36.860941,-76.204908
Biological,2021-08-24,2021,8,Summer,19106,39.946649,-75.142232
Biological,2021-11-04,2021,11,Fall,19106,39.946649,-75.142232
Biological,2022-01-15,2022,1,Winter,24482,38.203307,-78.998125
Biological,2022-01-19,2022,1,Winter,24482,38.203307,-78.998125
Biological,2022-02-04,2022,2,Winter,24482,38.203307,-78.998125
Biological,2023-02-08,2023,2,Winter,24482,38.203307,-78.998125
Biological,2021-04-05,2021,4,Spring,23502,36.860941,-76.204908
Biological,2021-04-29,2021,4,Spring,23502,36.860941,-76.204908
Biological,2021-08-31,2021,8,Summer,23502,36.860941,-76.204908
Biological,2022-05-25,2022,5,Spring,23502,36.860941,-76.204908
Biological,2021-06-09,2021,6,Summer,23235,37.51457,-77.564758
Biological,2022-03-02,2022,3,Spring,23235,37.51457,-77.564758
Biological,2020-06-18,2020,6,Summer,23235,37.51457,-77.564758
Biological,2020-06-24,2020,6,Summer,23235,37.51457,-77.564758
Biological,2020-07-20,2020,7,Summer,23235,37.51457,-77.564758
Biological,2021-04-12,2021,4,Spring,23235,37.51457,-77.564758
Biological,2022-02-22,2022,2,Winter,23235,37.51457,-77.564758
Biological,2021-08-24,2021,8,Summer,19106,39.946649,-75.142232
Biological,2022-02-23,2022,2,Winter,19106,39.946649,-75.142232
Biological,2020-08-10,2020,8,Summer,24017,37.297642,-79.990973
Biological,2021-08-26,2021,8,Summer,20151,38.897187,-77.443874
Biological,2021-04-14,2021,4,Spring,24017,37.297642,-79.990973
Biological,2022-08-19,2022,8,Summer,20151,38.897187,-77.443874
Biological,2021-05-27,2021,5,Spring,24017,37.297642,-79.990973
Biological,2020-10-14,2020,10,Fall,23235,37.51457,-77.564758
Biological,2020-11-24,2020,11,Fall,23235,37.51457,-77.564758
Biological,2021-04-14,2021,4,Spring,23235,37.51457,-77.564758
Biological,2021-08-23,2021,8,Summer,23235,37.51457,-77.564758
Biological,2021-04-09,2021,4,Spring,37917,36.001581,-83.91265
Biological,2021-06-25,2021,6,Summer,37917,36.001581,-83.91265
Biological,2020-04-06,2020,4,Spring,37204,36.106676,-86.774575
Biological,2020-04-15,2020,4,Spring,37204,36.106676,-86.774575
Biological,2020-04-17,2020,4,Spring,38103,35.156214,-90.055462
Biological,2020-04-29,2020,4,Spring,38103,35.156214,-90.055462
Biological,2020-08-11,2020,8,Summer,37204,36.106676,-86.774575
Biological,2020-09-02,2020,9,Fall,37204,36.106676,-86.774575
Biological,2020-09-02,2020,9,Fall,37204,36.106676,-86.774575
Biological,2020-09-29,2020,9,Fall,37204,36.106676,-86.774575
Biological,2020-10-22,2020,10,Fall,37204,36.106676,-86.774575
Biological,2020-12-04,2020,12,Winter,37204,36.106676,-86.774575
Biological,2020-12-22,2020,12,Winter,37204,36.106676,-86.774575
Biological,2021-01-28,2021,1,Winter,37204,36.106676,-86.774575
Biological,2021-02-16,2021,2,Winter,37204,36.106676,-86.774575
Biological,2021-02-24,2021,2,Winter,37204,36.106676,-86.774575
Biological,2021-03-26,2021,3,Spring,37204,36.106676,-86.774575
Biological,2021-04-16,2021,4,Spring,37204,36.106676,-86.774575
Biological,2022-10-13,2022,10,Fall,37204,36.106676,-86.774575
Biological,2023-06-15,2023,6,Summer,37204,36.106676,-86.774575
Biological,2023-08-01,2023,8,Summer,37204,36.106676,-86.774575
Biological,2023-08-24,2023,8,Summer,37204,36.106676,-86.774575
Biological,2021-03-26,2021,3,Spring,38104,35.132559,-90.004289
Biological,2021-03-28,2021,3,Spring,38104,35.132559,-90.004289
Biological,2021-08-13,2021,8,Summer,38104,35.132559,-90.004289
Biological,2021-11-02,2021,11,Fall,38104,35.132559,-90.004289
Biological,2022-01-25,2022,1,Winter,38104,35.132559,-90.004289
Biological,2022-04-25,2022,4,Spring,38104,35.132559,-90.004289
Biological,2022-08-25,2022,8,Summer,38104,35.132559,-90.004289
Biological,2022-10-26,2022,10,Fall,38104,35.132559,-90.004289
Biological,2022-11-18,2022,11,Fall,38104,35.132559,-90.004289
Biological,2023-08-24,2023,8,Summer,38104,35.132559,-90.004289
Biological,2021-09-15,2021,9,Fall,37920,35.911567,-83.857782
Biological,2022-01-25,2022,1,Winter,37920,35.911567,-83.857782
Biological,2022-04-25,2022,4,Spring,37920,35.911567,-83.857782
Biological,2022-08-25,2022,8,Summer,37920,35.911567,-83.857782
Biological,2021-04-10,2021,4,Spring,37917,36.001581,-83.91265
Biological,2021-04-28,2021,4,Spring,37917,36.001581,-83.91265
Biological,2021-11-05,2021,11,Fall,37917,36.001581,-83.91265
Biological,2021-12-16,2021,12,Winter,37917,36.001581,-83.91265
Biological,2021-03-05,2021,3,Spring,38104,35.132559,-90.004289
Biological,2021-09-22,2021,9,Fall,38104,35.132559,-90.004289
Biological,2022-05-27,2022,5,Spring,38104,35.132559,-90.004289
Biological,2021-03-30,2021,3,Spring,38104,35.132559,-90.004289
Biological,2021-10-14,2021,10,Fall,38104,35.132559,-90.004289
Biological,2022-05-27,2022,5,Spring,38104,35.132559,-90.004289
Biological,2021-09-03,2021,9,Fall,38301,35.588164,-88.853395
Biological,2022-05-04,2022,5,Spring,38301,35.588164,-88.853395
Biological,2023-06-06,2023,6,Summer,38301,35.588164,-88.853395
Biological,2021-09-13,2021,9,Fall,38201,36.122634,-88.530194
Biological,2022-01-14,2022,1,Winter,38201,36.122634,-88.530194
Biological,2022-01-18,2022,1,Winter,38201,36.122634,-88.530194
Biological,2022-07-26,2022,7,Summer,38201,36.122634,-88.530194
Biological,2021-09-16,2021,9,Fall,37920,35.911567,-83.857782
Biological,2021-09-21,2021,9,Fall,38120,35.123633,-89.852645
Biological,2022-05-04,2022,5,Spring,38120,35.123633,-89.852645
Biological,2021-03-08,2021,3,Spring,37917,36.001581,-83.91265
Biological,2021-08-17,2021,8,Summer,37917,36.001581,-83.91265
Biological,2021-04-15,2021,4,Spring,37917,36.001581,-83.91265
Biological,2021-08-17,2021,8,Summer,37917,36.001581,-83.91265
Biological,2021-03-19,2021,3,Spring,46204,39.770593,-86.157054
Biological,2021-08-18,2021,8,Summer,46204,39.770593,-86.157054
Biological,2020-04-11,2020,4,Spring,46204,39.770593,-86.157054
Biological,2021-02-18,2021,2,Winter,46204,39.770593,-86.157054
Biological,2021-03-30,2021,3,Spring,46402,41.61783,-87.337827
Biological,2021-10-20,2021,10,Fall,46402,41.61783,-87.337827
Biological,2020-12-04,2020,12,Winter,28139,35.348363,-81.994737
Biological,2021-03-31,2021,3,Spring,28139,35.348363,-81.994737
Biological,2021-09-13,2021,9,Fall,28139,35.348363,-81.994737
Biological,2020-04-03,2020,4,Spring,46204,39.770593,-86.157054
Biological,2020-04-13,2020,4,Spring,46204,39.770593,-86.157054
Biological,2020-04-24,2020,4,Spring,46204,39.770593,-86.157054
Biological,2020-05-08,2020,5,Spring,46204,39.770593,-86.157054
Biological,2020-05-14,2020,5,Spring,46204,39.770593,-86.157054
Biological,2020-06-05,2020,6,Summer,46204,39.770593,-86.157054
Biological,2020-07-21,2020,7,Summer,46204,39.770593,-86.157054
Biological,2021-08-23,2021,8,Summer,46204,39.770593,-86.157054
Biological,2022-02-07,2022,2,Winter,46204,39.770593,-86.157054
Biological,2022-10-24,2022,10,Fall,46204,39.770593,-86.157054
Biological,2020-08-11,2020,8,Summer,46204,39.770593,-86.157054
Biological,2020-09-02,2020,9,Fall,46204,39.770593,-86.157054
Biological,2020-09-02,2020,9,Fall,46204,39.770593,-86.157054
Biological,2020-09-21,2020,9,Fall,46204,39.770593,-86.157054
Biological,2020-10-26,2020,10,Fall,46204,39.770593,-86.157054
Biological,2020-11-03,2020,11,Fall,46204,39.770593,-86.157054
Biological,2020-11-24,2020,11,Fall,46204,39.770593,-86.157054
Biological,2020-12-08,2020,12,Winter,46204,39.770593,-86.157054
Biological,2021-01-27,2021,1,Winter,46204,39.770593,-86.157054
Biological,2021-03-27,2021,3,Spring,46407,41.578413,-87.330432
Biological,2021-05-18,2021,5,Spring,46407,41.578413,-87.330432
Biological,2021-08-13,2021,8,Summer,46407,41.578413,-87.330432
Biological,2021-11-03,2021,11,Fall,46407,41.578413,-87.330432
Biological,2022-05-18,2022,5,Spring,46407,41.578413,-87.330432
Biological,2022-09-01,2022,9,Fall,46407,41.578413,-87.330432
Biological,2023-01-27,2023,1,Winter,46407,41.578413,-87.330432
Biological,2021-12-15,2021,12,Winter,46202,39.7841,-86.161616
Biological,2022-01-21,2022,1,Winter,46202,39.7841,-86.161616
Biological,2022-05-18,2022,5,Spring,46202,39.7841,-86.161616
Biological,2022-09-01,2022,9,Fall,46202,39.7841,-86.161616
Biological,2022-11-18,2022,11,Fall,46202,39.7841,-86.161616
Biological,2023-02-16,2023,2,Winter,46202,39.7841,-86.161616
Biological,2021-01-30,2021,1,Winter,46204,39.770593,-86.157054
Biological,2021-03-26,2021,3,Spring,46407,41.578413,-87.330432
Biological,2022-05-17,2022,5,Spring,46407,41.578413,-87.330432
Biological,2021-04-26,2021,4,Spring,46407,41.578413,-87.330432
Biological,2022-10-26,2022,10,Fall,46407,41.578413,-87.330432
Biological,2022-01-20,2022,1,Winter,46601,41.670274,-86.252661
Biological,2022-01-27,2022,1,Winter,46601,41.670274,-86.252661
Biological,2020-06-26,2020,6,Summer,03820,43.18636,-70.883623
Biological,2021-08-31,2021,8,Summer,03820,43.18636,-70.883623
Biological,2021-02-04,2021,2,Winter,28139,35.348363,-81.994737
Biological,2021-09-23,2021,9,Fall,28139,35.348363,-81.994737
Biological,2020-10-26,2020,10,Fall,01754,42.425955,-71.456256
Biological,2020-11-23,2020,11,Fall,01754,42.425955,-71.456256
Biological,2020-12-08,2020,12,Winter,01754,42.425955,-71.456256
Biological,2020-12-22,2020,12,Winter,01754,42.425955,-71.456256
Biological,2021-01-27,2021,1,Winter,01754,42.425955,-71.456256
Biological,2021-02-08,2021,2,Winter,01754,42.425955,-71.456256
Biological,2021-02-23,2021,2,Winter,01754,42.425955,-71.456256
Biological,2021-03-25,2021,3,Spring,01754,42.425955,-71.456256
Biological,2021-04-15,2021,4,Spring,01754,42.425955,-71.456256
Biological,2022-06-22,2022,6,Summer,01754,42.425955,-71.456256
Biological,2022-11-02,2022,11,Fall,01754,42.425955,-71.456256
Biological,2023-07-28,2023,7,Summer,01754,42.425955,-71.456256
Biological,2021-04-15,2021,4,Spring,01754,42.425955,-71.456256
Biological,2021-09-15,2021,9,Fall,01754,42.425955,-71.456256
Biological,2021-12-09,2021,12,Winter,03301,43.238596,-71.556261
Biological,2021-12-15,2021,12,Winter,03301,43.238596,-71.556261
Biological,2022-03-15,2022,3,Spring,03301,43.238596,-71.556261
Biological,2022-09-01,2022,9,Fall,03301,43.238596,-71.556261
Biological,2023-03-15,2023,3,Spring,03301,43.238596,-71.556261
Biological,2023-06-08,2023,6,Summer,03301,43.238596,-71.556261
Biological,2023-08-15,2023,8,Summer,03301,43.238596,-71.556261
Biological,2021-12-29,2021,12,Winter,03103,42.956116,-71.442385
Biological,2022-01-26,2022,1,Winter,03103,42.956116,-71.442385
Biological,2022-04-29,2022,4,Spring,03103,42.956116,-71.442385
Biological,2023-02-02,2023,2,Winter,03103,42.956116,-71.442385
Biological,2020-08-25,2020,8,Summer,21704,39.354883,-77.375902
Biological,2021-04-05,2021,4,Spring,21704,39.354883,-77.375902
Biological,2021-04-28,2021,4,Spring,21704,39.354883,-77.375902
Biological,2020-12-08,2020,12,Winter,03301,43.238596,-71.556261
Biological,2021-01-11,2021,1,Winter,03301,43.238596,-71.556261
Biological,2021-04-05,2021,4,Spring,03301,43.238596,-71.556261
Biological,2021-07-14,2021,7,Summer,03301,43.238596,-71.556261
Biological,2022-06-08,2022,6,Summer,03301,43.238596,-71.556261
Biological,2021-12-08,2021,12,Winter,03103,42.956116,-71.442385
Biological,2022-07-28,2022,7,Summer,03103,42.956116,-71.442385
Biological,2021-12-08,2021,12,Winter,03301,43.238596,-71.556261
Biological,2022-07-28,2022,7,Summer,03301,43.238596,-71.556261
Biological,2020-06-04,2020,6,Summer,03102,43.011907,-71.491063
Biological,2020-06-17,2020,6,Summer,03102,43.011907,-71.491063
Biological,2021-04-05,2021,4,Spring,03102,43.011907,-71.491063
Biological,2021-07-14,2021,7,Summer,03102,43.011907,-71.491063
Biological,2020-10-22,2020,10,Fall,03104,43.009552,-71.439782
Biological,2020-11-05,2020,11,Fall,03104,43.009552,-71.439782
Biological,2021-04-06,2021,4,Spring,03104,43.009552,-71.439782
Biological,2021-07-14,2021,7,Summer,03104,43.009552,-71.439782
Biological,2020-11-20,2020,11,Fall,03276,43.431031,-71.575998
Biological,2020-11-25,2020,11,Fall,03276,43.431031,-71.575998
Biological,2020-12-02,2020,12,Winter,03276,43.431031,-71.575998
Biological,2020-12-14,2020,12,Winter,03276,43.431031,-71.575998
Biological,2021-04-05,2021,4,Spring,03276,43.431031,-71.575998
Biological,2021-12-13,2021,12,Winter,03276,43.431031,-71.575998
Biological,2021-02-26,2021,2,Winter,25015,38.246134,-81.497258
Biological,2021-05-10,2021,5,Spring,25015,38.246134,-81.497258
Biological,2021-11-02,2021,11,Fall,25015,38.246134,-81.497258
Biological,2021-02-09,2021,2,Winter,25304,38.301561,-81.596701
Biological,2021-02-15,2021,2,Winter,25304,38.301561,-81.596701
Biological,2021-02-03,2021,2,Winter,21502,39.641477,-78.756088
Biological,2021-09-22,2021,9,Fall,21502,39.641477,-78.756088
Biological,2021-11-02,2021,11,Fall,21502,39.641477,-78.756088
Biological,2022-01-21,2022,1,Winter,21502,39.641477,-78.756088
Biological,2021-02-08,2021,2,Winter,21502,39.641477,-78.756088
Biological,2021-09-17,2021,9,Fall,21502,39.641477,-78.756088
Biological,2021-09-29,2021,9,Fall,21502,39.641477,-78.756088
Biological,2022-09-09,2022,9,Fall,21502,39.641477,-78.756088
Biological,2020-04-08,2020,4,Spring,25304,38.301561,-81.596701
Biological,2020-04-10,2020,4,Spring,25304,38.301561,-81.596701
Biological,2020-04-15,2020,4,Spring,25304,38.301561,-81.596701
Biological,2020-04-24,2020,4,Spring,25304,38.301561,-81.596701
Biological,2020-05-02,2020,5,Spring,25304,38.301561,-81.596701
Biological,2020-05-14,2020,5,Spring,25304,38.301561,-81.596701
Biological,2020-06-05,2020,6,Summer,25304,38.301561,-81.596701
Biological,2020-07-22,2020,7,Summer,25304,38.301561,-81.596701
Biological,2022-02-07,2022,2,Winter,25304,38.301561,-81.596701
Biological,2022-07-18,2022,7,Summer,25304,38.301561,-81.596701
Biological,2022-12-12,2022,12,Winter,25304,38.301561,-81.596701
Biological,2022-12-19,2022,12,Winter,25304,38.301561,-81.596701
Biological,2023-04-13,2023,4,Spring,25304,38.301561,-81.596701
Biological,2020-08-18,2020,8,Summer,25304,38.301561,-81.596701
Biological,2020-09-03,2020,9,Fall,25304,38.301561,-81.596701
Biological,2020-09-03,2020,9,Fall,25304,38.301561,-81.596701
Biological,2020-09-28,2020,9,Fall,25304,38.301561,-81.596701
Biological,2020-10-01,2020,10,Fall,25304,38.301561,-81.596701
Biological,2020-10-21,2020,10,Fall,25304,38.301561,-81.596701
Biological,2020-11-23,2020,11,Fall,25304,38.301561,-81.596701
Biological,2020-12-10,2020,12,Winter,25304,38.301561,-81.596701
Biological,2020-12-22,2020,12,Winter,25304,38.301561,-81.596701
Biological,2021-01-26,2021,1,Winter,25304,38.301561,-81.596701
Biological,2021-02-24,2021,2,Winter,25304,38.301561,-81.596701
Biological,2021-03-26,2021,3,Spring,25304,38.301561,-81.596701
Biological,2021-04-15,2021,4,Spring,25304,38.301561,-81.596701
Biological,2022-10-07,2022,10,Fall,25304,38.301561,-81.596701
Biological,2023-04-13,2023,4,Spring,25304,38.301561,-81.596701
Biological,2023-07-28,2023,7,Summer,25304,38.301561,-81.596701
Biological,2021-04-15,2021,4,Spring,25304,38.301561,-81.596701
Biological,2021-06-25,2021,6,Summer,25304,38.301561,-81.596701
Biological,2021-09-15,2021,9,Fall,25304,38.301561,-81.596701
Biological,2021-12-14,2021,12,Winter,25304,38.301561,-81.596701
Biological,2022-02-02,2022,2,Winter,25304,38.301561,-81.596701
Biological,2022-03-10,2022,3,Spring,25304,38.301561,-81.596701
Biological,2022-03-29,2022,3,Spring,25304,38.301561,-81.596701
Biological,2023-01-20,2023,1,Winter,25304,38.301561,-81.596701
Biological,2023-07-28,2023,7,Summer,25304,38.301561,-81.596701
Biological,2021-01-08,2021,1,Winter,25159,38.523611,-81.788899
Biological,2021-04-14,2021,4,Spring,25159,38.523611,-81.788899
Biological,2022-07-20,2022,7,Summer,25159,38.523611,-81.788899
Biological,2021-09-17,2021,9,Fall,25159,38.523611,-81.788899
Biological,2022-07-21,2022,7,Summer,25159,38.523611,-81.788899
Biological,2022-08-10,2022,8,Summer,25159,38.523611,-81.788899
Biological,2020-04-03,2020,4,Spring,25311,38.366863,-81.557035
Biological,2021-04-13,2021,4,Spring,25311,38.366863,-81.557035
Biological,2021-05-10,2021,5,Spring,25311,38.366863,-81.557035
Biological,2021-05-25,2021,5,Spring,25311,38.366863,-81.557035
Biological,2021-02-02,2021,2,Winter,72119,34.836907,-92.295044
Biological,2021-02-27,2021,2,Winter,72119,34.836907,-92.295044
Biological,2021-03-03,2021,3,Spring,72119,34.836907,-92.295044
Biological,2021-04-01,2021,4,Spring,72119,34.836907,-92.295044
Biological,2021-04-15,2021,4,Spring,72119,34.836907,-92.295044
Biological,2022-06-27,2022,6,Summer,72119,34.836907,-92.295044
Biological,2023-01-25,2023,1,Winter,72119,34.836907,-92.295044
Biological,2023-05-31,2023,5,Spring,72119,34.836907,-92.295044
Biological,2023-07-28,2023,7,Summer,72119,34.836907,-92.295044
Biological,2021-04-15,2021,4,Spring,72119,34.836907,-92.295044
Biological,2021-06-28,2021,6,Summer,72119,34.836907,-92.295044
Biological,2021-09-20,2021,9,Fall,72119,34.836907,-92.295044
Biological,2021-12-21,2021,12,Winter,72119,34.836907,-92.295044
Biological,2022-01-14,2022,1,Winter,72119,34.836907,-92.295044
Biological,2022-03-14,2022,3,Spring,72119,34.836907,-92.295044
Biological,2023-02-07,2023,2,Winter,72119,34.836907,-92.295044
Biological,2023-02-08,2023,2,Winter,72119,34.836907,-92.295044
Biological,2023-05-31,2023,5,Spring,72119,34.836907,-92.295044
Biological,2023-07-28,2023,7,Summer,72119,34.836907,-92.295044
Biological,2021-09-02,2021,9,Fall,72205,34.749493,-92.35144
Biological,2021-09-03,2021,9,Fall,72205,34.749493,-92.35144
Biological,2021-10-04,2021,10,Fall,72205,34.749493,-92.35144
Biological,2021-12-06,2021,12,Winter,72205,34.749493,-92.35144
Biological,2021-01-12,2021,1,Winter,72211,34.746283,-92.417157
Biological,2021-04-16,2021,4,Spring,72211,34.746283,-92.417157
Biological,2021-12-13,2021,12,Winter,72211,34.746283,-92.417157
Biological,2021-08-09,2021,8,Summer,72205,34.749493,-92.35144
Biological,2021-08-12,2021,8,Summer,72205,34.749493,-92.35144
Biological,2021-08-16,2021,8,Summer,72205,34.749493,-92.35144
Biological,2022-06-27,2022,6,Summer,72205,34.749493,-92.35144
Biological,2022-01-18,2022,1,Winter,72704,36.105647,-94.2965
Biological,2023-01-26,2023,1,Winter,72704,36.105647,-94.2965
Biological,2020-12-01,2020,12,Winter,72703,36.118051,-94.043538
Biological,2021-08-11,2021,8,Summer,72212,34.785888,-92.415028
Biological,2020-12-04,2020,12,Winter,72703,36.118051,-94.043538
Biological,2021-08-18,2021,8,Summer,72212,34.785888,-92.415028
Biological,2021-12-13,2021,12,Winter,72703,36.118051,-94.043538
Biological,2021-12-16,2021,12,Winter,72703,36.118051,-94.043538
Biological,2022-01-06,2022,1,Winter,72703,36.118051,-94.043538
Biological,2020-12-04,2020,12,Winter,72205,34.749493,-92.35144
Biological,2020-12-22,2020,12,Winter,72205,34.749493,-92.35144
Biological,2021-01-27,2021,1,Winter,72205,34.749493,-92.35144
Biological,2021-02-26,2021,2,Winter,72205,34.749493,-92.35144
Biological,2021-03-10,2021,3,Spring,72205,34.749493,-92.35144
Biological,2021-05-26,2021,5,Spring,72205,34.749493,-92.35144
Biological,2021-09-16,2021,9,Fall,72205,34.749493,-92.35144
Biological,2021-10-18,2021,10,Fall,72205,34.749493,-92.35144
Biological,2021-08-19,2021,8,Summer,72212,34.785888,-92.415028
Biological,2021-08-26,2021,8,Summer,72212,34.785888,-92.415028
Biological,2021-08-23,2021,8,Summer,72211,34.746283,-92.417157
Biological,2021-09-10,2021,9,Fall,72211,34.746283,-92.417157
Biological,2021-12-14,2021,12,Winter,72211,34.746283,-92.417157
Biological,2021-09-03,2021,9,Fall,72703,36.118051,-94.043538
Biological,2021-09-27,2021,9,Fall,72703,36.118051,-94.043538
Biological,2021-10-27,2021,10,Fall,72703,36.118051,-94.043538
Biological,2021-11-29,2021,11,Fall,72703,36.118051,-94.043538
Biological,2021-12-20,2021,12,Winter,72703,36.118051,-94.043538
Biological,2022-03-17,2022,3,Spring,72703,36.118051,-94.043538
Biological,2022-01-28,2022,1,Winter,72205,34.749493,-92.35144
Biological,2023-06-22,2023,6,Summer,72205,34.749493,-92.35144
Biological,2021-03-20,2021,3,Spring,54701,44.751984,-91.514998
Biological,2021-08-04,2021,8,Summer,54701,44.751984,-91.514998
Biological,2021-09-22,2021,9,Fall,54701,44.751984,-91.514998
Biological,2021-04-05,2021,4,Spring,54701,44.751984,-91.514998
Biological,2021-04-14,2021,4,Spring,53203,43.03807,-87.914533
Biological,2021-04-17,2021,4,Spring,53203,43.03807,-87.914533
Biological,2021-08-04,2021,8,Summer,53203,43.03807,-87.914533
Biological,2021-11-02,2021,11,Fall,53203,43.03807,-87.914533
Biological,2022-01-31,2022,1,Winter,53203,43.03807,-87.914533
Biological,2022-02-18,2022,2,Winter,53203,43.03807,-87.914533
Biological,2020-10-13,2020,10,Fall,53704,43.135832,-89.34748
Biological,2020-10-23,2020,10,Fall,53704,43.135832,-89.34748
Biological,2020-10-23,2020,10,Fall,53704,43.135832,-89.34748
Biological,2021-02-22,2021,2,Winter,53704,43.135832,-89.34748
Biological,2021-03-31,2021,3,Spring,53704,43.135832,-89.34748
Biological,2020-04-14,2020,4,Spring,53713,43.036981,-89.393248
Biological,2020-04-23,2020,4,Spring,53713,43.036981,-89.393248
Biological,2020-04-29,2020,4,Spring,53713,43.036981,-89.393248
Biological,2021-03-31,2021,3,Spring,53713,43.036981,-89.393248
Biological,2021-05-03,2021,5,Spring,53713,43.036981,-89.393248
Biological,2021-08-10,2021,8,Summer,53713,43.036981,-89.393248
Biological,2021-03-29,2021,3,Spring,53203,43.03807,-87.914533
Biological,2021-08-04,2021,8,Summer,53203,43.03807,-87.914533
Biological,2021-05-19,2021,5,Spring,54701,44.751984,-91.514998
Biological,2021-11-01,2021,11,Fall,54701,44.751984,-91.514998
Biological,2021-04-01,2021,4,Spring,54701,44.751984,-91.514998
Biological,2021-12-09,2021,12,Winter,54701,44.751984,-91.514998
Biological,2020-10-29,2020,10,Fall,28139,35.348363,-81.994737
Biological,2021-03-31,2021,3,Spring,28139,35.348363,-81.994737
Biological,2021-11-01,2021,11,Fall,28139,35.348363,-81.994737
Biological,2021-03-27,2021,3,Spring,53203,43.03807,-87.914533
Biological,2021-05-11,2021,5,Spring,53203,43.03807,-87.914533
Biological,2021-08-13,2021,8,Summer,53203,43.03807,-87.914533
Biological,2021-11-03,2021,11,Fall,53203,43.03807,-87.914533
Biological,2021-11-10,2021,11,Fall,53203,43.03807,-87.914533
Biological,2020-08-18,2020,8,Summer,21704,39.354883,-77.375902
Biological,2020-10-16,2020,10,Fall,21704,39.354883,-77.375902
Biological,2021-03-31,2021,3,Spring,21704,39.354883,-77.375902
Biological,2021-04-29,2021,4,Spring,21704,39.354883,-77.375902
Biological,2021-05-03,2021,5,Spring,21704,39.354883,-77.375902
Biological,2020-10-23,2020,10,Fall,54401,44.966821,-89.709421
Biological,2021-03-05,2021,3,Spring,53203,43.03807,-87.914533
Biological,2021-03-20,2021,3,Spring,53203,43.03807,-87.914533
Biological,2021-03-25,2021,3,Spring,53203,43.03807,-87.914533
Biological,2022-11-29,2022,11,Fall,53203,43.03807,-87.914533
Biological,2021-10-19,2021,10,Fall,54601,43.806243,-91.140632
Biological,2021-10-20,2021,10,Fall,54601,43.806243,-91.140632
Biological,2021-10-20,2021,10,Fall,54601,43.806243,-91.140632
Biological,2021-10-20,2021,10,Fall,54601,43.806243,-91.140632
Biological,2022-07-28,2022,7,Summer,54601,43.806243,-91.140632
Biological,2021-10-22,2021,10,Fall,54601,43.806243,-91.140632
Biological,2022-07-28,2022,7,Summer,54601,43.806243,-91.140632
Biological,2021-03-05,2021,3,Spring,53203,43.03807,-87.914533
Biological,2021-08-24,2021,8,Summer,53203,43.03807,-87.914533
Biological,2021-11-02,2021,11,Fall,53203,43.03807,-87.914533
Biological,2021-04-17,2021,4,Spring,53203,43.03807,-87.914533
Biological,2021-04-23,2021,4,Spring,53203,43.03807,-87.914533
Biological,2021-11-02,2021,11,Fall,53203,43.03807,-87.914533
Biological,2020-04-09,2020,4,Spring,53214,43.020328,-88.012866
Biological,2021-03-31,2021,3,Spring,53214,43.020328,-88.012866
Biological,2021-05-03,2021,5,Spring,53214,43.020328,-88.012866
Biological,2021-03-08,2021,3,Spring,53203,43.03807,-87.914533
Biological,2021-08-04,2021,8,Summer,53203,43.03807,-87.914533
Biological,2021-04-13,2021,4,Spring,53203,43.03807,-87.914533
Biological,2021-04-15,2021,4,Spring,53203,43.03807,-87.914533
Biological,2022-07-28,2022,7,Summer,53203,43.03807,-87.914533
Biological,2020-04-26,2020,4,Spring,53214,43.020328,-88.012866
Biological,2020-05-11,2020,5,Spring,53214,43.020328,-88.012866
Biological,2021-03-31,2021,3,Spring,53214,43.020328,-88.012866
Biological,2021-05-27,2021,5,Spring,53214,43.020328,-88.012866
Biological,2020-08-07,2020,8,Summer,53182,42.697723,-88.040516
Biological,2021-03-31,2021,3,Spring,53182,42.697723,-88.040516
Biological,2021-05-27,2021,5,Spring,53182,42.697723,-88.040516
Biological,2020-10-07,2020,10,Fall,54981,44.322675,-89.131481
Biological,2020-11-05,2020,11,Fall,54981,44.322675,-89.131481
Biological,2021-03-31,2021,3,Spring,54981,44.322675,-89.131481
Biological,2021-07-01,2021,7,Summer,54981,44.322675,-89.131481
Biological,2020-10-13,2020,10,Fall,53214,43.020328,-88.012866
Biological,2020-10-30,2020,10,Fall,53214,43.020328,-88.012866
Biological,2020-11-27,2020,11,Fall,53214,43.020328,-88.012866
Biological,2021-03-31,2021,3,Spring,53214,43.020328,-88.012866
Biological,2021-05-27,2021,5,Spring,53214,43.020328,-88.012866
Biological,2021-03-05,2021,3,Spring,53203,43.03807,-87.914533
Biological,2022-03-14,2022,3,Spring,53203,43.03807,-87.914533
Biological,2021-08-18,2021,8,Summer,53182,42.697723,-88.040516
Biological,2022-03-14,2022,3,Spring,53182,42.697723,-88.040516
Biological,2020-04-17,2020,4,Spring,68524,40.906992,-96.787368
Biological,2020-12-17,2020,12,Winter,68524,40.906992,-96.787368
Biological,2021-04-09,2021,4,Spring,68524,40.906992,-96.787368
Biological,2020-04-17,2020,4,Spring,68524,40.906992,-96.787368
Biological,2020-12-17,2020,12,Winter,68524,40.906992,-96.787368
Biological,2020-04-16,2020,4,Spring,68524,40.906992,-96.787368
Biological,2020-04-27,2020,4,Spring,68524,40.906992,-96.787368
Biological,2020-05-07,2020,5,Spring,68524,40.906992,-96.787368
Biological,2020-05-15,2020,5,Spring,68524,40.906992,-96.787368
Biological,2020-06-08,2020,6,Summer,68524,40.906992,-96.787368
Biological,2022-02-24,2022,2,Winter,68524,40.906992,-96.787368
Biological,2023-06-15,2023,6,Summer,68524,40.906992,-96.787368
Biological,2020-08-12,2020,8,Summer,68524,40.906992,-96.787368
Biological,2020-09-03,2020,9,Fall,68524,40.906992,-96.787368
Biological,2020-09-03,2020,9,Fall,68524,40.906992,-96.787368
Biological,2020-12-09,2020,12,Winter,68524,40.906992,-96.787368
Biological,2020-12-22,2020,12,Winter,68524,40.906992,-96.787368
Biological,2021-01-28,2021,1,Winter,68524,40.906992,-96.787368
Biological,2021-02-25,2021,2,Winter,68524,40.906992,-96.787368
Biological,2021-03-29,2021,3,Spring,68524,40.906992,-96.787368
Biological,2021-04-20,2021,4,Spring,68524,40.906992,-96.787368
Biological,2022-06-23,2022,6,Summer,68524,40.906992,-96.787368
Biological,2023-06-15,2023,6,Summer,68524,40.906992,-96.787368
Biological,2021-04-19,2021,4,Spring,68524,40.906992,-96.787368
Biological,2021-09-17,2021,9,Fall,68524,40.906992,-96.787368
Biological,2021-09-21,2021,9,Fall,68524,40.906992,-96.787368
Biological,2021-12-09,2021,12,Winter,68524,40.906992,-96.787368
Biological,2022-11-22,2022,11,Fall,68524,40.906992,-96.787368
Biological,2023-04-26,2023,4,Spring,68524,40.906992,-96.787368
Biological,2023-06-06,2023,6,Summer,68524,40.906992,-96.787368
Biological,2023-08-01,2023,8,Summer,68524,40.906992,-96.787368
Biological,2022-02-17,2022,2,Winter,68138,41.157433,-96.131116
Biological,2022-11-22,2022,11,Fall,68138,41.157433,-96.131116
Biological,2020-10-14,2020,10,Fall,64131,38.959809,-94.571951
Biological,2021-05-05,2021,5,Spring,64131,38.959809,-94.571951
Biological,2021-08-10,2021,8,Summer,64131,38.959809,-94.571951
Biological,2021-04-20,2021,4,Spring,64131,38.959809,-94.571951
Biological,2021-05-05,2021,5,Spring,64131,38.959809,-94.571951
Biological,2021-10-13,2021,10,Fall,64131,38.959809,-94.571951
Biological,2022-04-18,2022,4,Spring,64131,38.959809,-94.571951
Biological,2022-07-18,2022,7,Summer,64131,38.959809,-94.571951
Biological,2020-04-27,2020,4,Spring,68105,41.240735,-95.964919
Biological,2020-06-05,2020,6,Summer,68105,41.240735,-95.964919
Biological,2021-10-08,2021,10,Fall,68847,40.738532,-99.020514
Biological,2021-10-19,2021,10,Fall,68847,40.738532,-99.020514
Biological,2021-12-09,2021,12,Winter,68105,41.240735,-95.964919
Biological,2022-01-10,2022,1,Winter,68105,41.240735,-95.964919
Biological,2022-02-09,2022,2,Winter,68105,41.240735,-95.964919
Biological,2023-06-22,2023,6,Summer,68105,41.240735,-95.964919
Biological,2021-03-26,2021,3,Spring,04330,44.35191,-69.747615
Biological,2021-04-16,2021,4,Spring,04330,44.35191,-69.747615
Biological,2021-08-31,2021,8,Summer,04330,44.35191,-69.747615
Biological,2021-12-09,2021,12,Winter,04330,44.35191,-69.747615
Biological,2021-03-29,2021,3,Spring,04330,44.35191,-69.747615
Biological,2021-04-16,2021,4,Spring,04330,44.35191,-69.747615
Biological,2021-08-31,2021,8,Summer,04330,44.35191,-69.747615
Biological,2021-11-29,2021,11,Fall,04330,44.35191,-69.747615
Biological,2022-02-03,2022,2,Winter,04330,44.35191,-69.747615
Biological,2020-04-07,2020,4,Spring,04330,44.35191,-69.747615
Biological,2020-04-15,2020,4,Spring,04330,44.35191,-69.747615
Biological,2020-10-06,2020,10,Fall,04330,44.35191,-69.747615
Biological,2021-03-25,2021,3,Spring,04330,44.35191,-69.747615
Biological,2021-04-06,2021,4,Spring,04330,44.35191,-69.747615
Biological,2021-05-04,2021,5,Spring,04330,44.35191,-69.747615
Biological,2021-11-18,2021,11,Fall,04330,44.35191,-69.747615
Biological,2021-03-26,2021,3,Spring,04330,44.35191,-69.747615
Biological,2021-05-04,2021,5,Spring,04330,44.35191,-69.747615
Biological,2022-03-22,2022,3,Spring,04330,44.35191,-69.747615
Biological,2021-03-25,2021,3,Spring,04330,44.35191,-69.747615
Biological,2021-05-04,2021,5,Spring,04330,44.35191,-69.747615
Biological,2022-02-01,2022,2,Winter,04330,44.35191,-69.747615
Biological,2021-03-25,2021,3,Spring,04330,44.35191,-69.747615
Biological,2021-05-04,2021,5,Spring,04330,44.35191,-69.747615
Biological,2022-03-10,2022,3,Spring,04330,44.35191,-69.747615
Biological,2021-03-26,2021,3,Spring,04330,44.35191,-69.747615
Biological,2021-05-04,2021,5,Spring,04330,44.35191,-69.747615
Biological,2021-11-15,2021,11,Fall,04330,44.35191,-69.747615
Biological,2023-05-02,2023,5,Spring,04330,44.35191,-69.747615
Biological,2020-11-23,2020,11,Fall,01754,42.425955,-71.456256
Biological,2020-12-08,2020,12,Winter,01754,42.425955,-71.456256
Biological,2020-12-22,2020,12,Winter,01754,42.425955,-71.456256
Biological,2021-01-27,2021,1,Winter,01754,42.425955,-71.456256
Biological,2021-02-23,2021,2,Winter,01754,42.425955,-71.456256
Biological,2021-03-25,2021,3,Spring,01754,42.425955,-71.456256
Biological,2021-04-15,2021,4,Spring,01754,42.425955,-71.456256
Biological,2021-04-15,2021,4,Spring,01754,42.425955,-71.456256
Biological,2021-06-24,2021,6,Summer,01754,42.425955,-71.456256
Biological,2021-08-31,2021,8,Summer,01754,42.425955,-71.456256
Biological,2021-09-15,2021,9,Fall,01754,42.425955,-71.456256
Biological,2022-01-21,2022,1,Winter,04240,44.089513,-70.172095
Biological,2022-04-29,2022,4,Spring,04240,44.089513,-70.172095
Biological,2022-11-04,2022,11,Fall,04240,44.089513,-70.172095
Biological,2023-03-09,2023,3,Spring,04240,44.089513,-70.172095
Biological,2022-02-04,2022,2,Winter,04401,44.848517,-68.850405
Biological,2022-11-04,2022,11,Fall,04401,44.848517,-68.850405
Biological,2023-02-02,2023,2,Winter,04401,44.848517,-68.850405
Biological,2020-08-24,2020,8,Summer,21704,39.354883,-77.375902
Biological,2021-04-02,2021,4,Spring,21704,39.354883,-77.375902
Biological,2021-04-28,2021,4,Spring,21704,39.354883,-77.375902
Biological,2021-03-24,2021,3,Spring,04330,44.35191,-69.747615
Biological,2021-03-26,2021,3,Spring,04330,44.35191,-69.747615
Biological,2021-04-16,2021,4,Spring,04330,44.35191,-69.747615
Biological,2022-06-10,2022,6,Summer,04330,44.35191,-69.747615
Biological,2021-09-11,2021,9,Fall,04330,44.35191,-69.747615
Biological,2022-06-10,2022,6,Summer,04330,44.35191,-69.747615
Biological,2021-12-09,2021,12,Winter,04102,43.654353,-70.297611
Biological,2022-07-28,2022,7,Summer,04102,43.654353,-70.297611
Biological,2021-12-14,2021,12,Winter,04330,44.35191,-69.747615
Biological,2022-07-28,2022,7,Summer,04330,44.35191,-69.747615
Biological,2022-01-12,2022,1,Winter,04062,43.794689,-70.405329
Biological,2023-02-02,2023,2,Winter,04062,43.794689,-70.405329
Biological,2021-04-20,2021,4,Spring,04330,44.35191,-69.747615
Biological,2021-11-15,2021,11,Fall,04330,44.35191,-69.747615
Biological,2020-12-11,2020,12,Winter,04627,44.230534,-68.791797
Biological,2021-04-02,2021,4,Spring,04627,44.230534,-68.791797
Biological,2021-12-13,2021,12,Winter,04627,44.230534,-68.791797
Biological,2021-07-08,2021,7,Summer,89015,36.03889,-114.928316
Biological,2021-07-27,2021,7,Summer,89015,36.03889,-114.928316
Biological,2021-11-09,2021,11,Fall,89015,36.03889,-114.928316
Biological,2022-02-01,2022,2,Winter,89015,36.03889,-114.928316
Biological,2022-08-11,2022,8,Summer,89015,36.03889,-114.928316
Biological,2020-04-05,2020,4,Spring,89701,39.12893,-119.725413
Biological,2020-04-07,2020,4,Spring,89701,39.12893,-119.725413
Biological,2021-06-08,2021,6,Summer,89701,39.12893,-119.725413
Biological,2020-04-06,2020,4,Spring,89701,39.12893,-119.725413
Biological,2020-04-10,2020,4,Spring,89701,39.12893,-119.725413
Biological,2020-04-12,2020,4,Spring,89701,39.12893,-119.725413
Biological,2021-04-15,2021,4,Spring,89701,39.12893,-119.725413
Biological,2021-06-14,2021,6,Summer,89701,39.12893,-119.725413
Biological,2020-04-04,2020,4,Spring,89701,39.12893,-119.725413
Biological,2020-04-09,2020,4,Spring,89701,39.12893,-119.725413
Biological,2020-04-25,2020,4,Spring,89701,39.12893,-119.725413
Biological,2020-05-02,2020,5,Spring,89701,39.12893,-119.725413
Biological,2020-05-15,2020,5,Spring,89701,39.12893,-119.725413
Biological,2020-06-05,2020,6,Summer,89701,39.12893,-119.725413
Biological,2022-02-09,2022,2,Winter,89701,39.12893,-119.725413
Biological,2022-05-06,2022,5,Spring,89701,39.12893,-119.725413
Biological,2023-06-15,2023,6,Summer,89701,39.12893,-119.725413
Biological,2020-08-11,2020,8,Summer,89701,39.12893,-119.725413
Biological,2020-09-02,2020,9,Fall,89701,39.12893,-119.725413
Biological,2020-09-02,2020,9,Fall,89701,39.12893,-119.725413
Biological,2020-09-25,2020,9,Fall,89701,39.12893,-119.725413
Biological,2020-10-27,2020,10,Fall,89701,39.12893,-119.725413
Biological,2020-11-26,2020,11,Fall,89701,39.12893,-119.725413
Biological,2020-12-04,2020,12,Winter,89701,39.12893,-119.725413
Biological,2020-12-23,2020,12,Winter,89701,39.12893,-119.725413
Biological,2021-01-27,2021,1,Winter,89701,39.12893,-119.725413
Biological,2021-01-27,2021,1,Winter,89701,39.12893,-119.725413
Biological,2021-02-09,2021,2,Winter,89701,39.12893,-119.725413
Biological,2021-02-24,2021,2,Winter,89701,39.12893,-119.725413
Biological,2021-03-03,2021,3,Spring,89701,39.12893,-119.725413
Biological,2021-03-26,2021,3,Spring,89701,39.12893,-119.725413
Biological,2021-04-22,2021,4,Spring,89701,39.12893,-119.725413
Biological,2022-02-28,2022,2,Winter,89701,39.12893,-119.725413
Biological,2022-06-30,2022,6,Summer,89701,39.12893,-119.725413
Biological,2022-07-20,2022,7,Summer,89701,39.12893,-119.725413
Biological,2022-10-04,2022,10,Fall,89701,39.12893,-119.725413
Biological,2023-05-15,2023,5,Spring,89701,39.12893,-119.725413
Biological,2021-04-22,2021,4,Spring,89701,39.12893,-119.725413
Biological,2021-07-02,2021,7,Summer,89701,39.12893,-119.725413
Biological,2021-09-15,2021,9,Fall,89701,39.12893,-119.725413
Biological,2021-12-09,2021,12,Winter,89701,39.12893,-119.725413
Biological,2023-04-18,2023,4,Spring,89701,39.12893,-119.725413
Biological,2023-07-12,2023,7,Summer,89701,39.12893,-119.725413
Biological,2023-07-25,2023,7,Summer,89701,39.12893,-119.725413
Biological,2020-11-23,2020,11,Fall,89434,39.540617,-119.543993
Biological,2021-04-15,2021,4,Spring,89434,39.540617,-119.543993
Biological,2021-04-30,2021,4,Spring,89434,39.540617,-119.543993
Biological,2021-01-25,2021,1,Winter,89101,36.172788,-115.122324
Biological,2021-02-12,2021,2,Winter,89101,36.172788,-115.122324
Biological,2021-05-28,2021,5,Spring,31806,32.260168,-84.299506
Biological,2022-07-11,2022,7,Summer,31806,32.260168,-84.299506
Biological,2022-01-11,2022,1,Winter,89032,36.222386,-115.173585
Biological,2022-01-18,2022,1,Winter,89032,36.222386,-115.173585
Biological,2022-01-27,2022,1,Winter,89032,36.222386,-115.173585
Biological,2023-01-31,2023,1,Winter,89032,36.222386,-115.173585
Biological,2022-01-27,2022,1,Winter,89512,39.550957,-119.801071
Biological,2022-08-11,2022,8,Summer,89512,39.550957,-119.801071
Biological,2021-02-04,2021,2,Winter,89109,36.131622,-115.169932
Biological,2021-02-25,2021,2,Winter,89109,36.131622,-115.169932
Biological,2021-03-01,2021,3,Spring,89109,36.131622,-115.169932
Biological,2021-03-22,2021,3,Spring,89109,36.131622,-115.169932
Biological,2021-08-30,2021,8,Summer,89109,36.131622,-115.169932
Biological,2021-11-05,2021,11,Fall,89109,36.131622,-115.169932
Biological,2022-02-01,2022,2,Winter,89109,36.131622,-115.169932
Biological,2021-04-06,2021,4,Spring,89109,36.131622,-115.169932
Biological,2021-05-07,2021,5,Spring,89512,39.550957,-119.801071
Biological,2021-08-25,2021,8,Summer,89512,39.550957,-119.801071
Biological,2022-08-18,2022,8,Summer,89512,39.550957,-119.801071
Biological,2021-03-10,2021,3,Spring,89101,36.172788,-115.122324
Biological,2021-03-27,2021,3,Spring,89101,36.172788,-115.122324
Biological,2022-10-27,2022,10,Fall,89101,36.172788,-115.122324
Biological,2023-04-28,2023,4,Spring,89101,36.172788,-115.122324
Biological,2021-07-09,2021,7,Summer,89146,36.14325,-115.226789
Biological,2021-11-09,2021,11,Fall,89146,36.14325,-115.226789
Biological,2020-07-12,2020,7,Summer,89431,39.538324,-119.749794
Biological,2020-07-29,2020,7,Summer,89431,39.538324,-119.749794
Biological,2020-07-30,2020,7,Summer,89431,39.538324,-119.749794
Biological,2021-03-10,2021,3,Spring,89101,36.172788,-115.122324
Biological,2021-08-25,2021,8,Summer,89101,36.172788,-115.122324
Biological,2021-04-01,2021,4,Spring,89512,39.550957,-119.801071
Biological,2022-02-09,2022,2,Winter,89512,39.550957,-119.801071
Biological,2020-04-06,2020,4,Spring,85008,33.463884,-111.987763
Biological,2020-04-11,2020,4,Spring,85008,33.463884,-111.987763
Biological,2020-04-21,2020,4,Spring,85008,33.463884,-111.987763
Biological,2020-05-02,2020,5,Spring,85008,33.463884,-111.987763
Biological,2020-05-13,2020,5,Spring,85008,33.463884,-111.987763
Biological,2020-07-01,2020,7,Summer,85008,33.463884,-111.987763
Biological,2020-09-02,2020,9,Fall,85008,33.463884,-111.987763
Biological,2021-04-19,2021,4,Spring,85008,33.463884,-111.987763
Biological,2022-06-30,2022,6,Summer,85008,33.463884,-111.987763
Biological,2023-01-20,2023,1,Winter,85008,33.463884,-111.987763
Biological,2020-04-07,2020,4,Spring,85008,33.463884,-111.987763
Biological,2020-05-06,2020,5,Spring,85008,33.463884,-111.987763
Biological,2020-05-08,2020,5,Spring,85008,33.463884,-111.987763
Biological,2021-06-24,2021,6,Summer,85008,33.463884,-111.987763
Biological,2021-03-12,2021,3,Spring,85008,33.463884,-111.987763
Biological,2021-11-22,2021,11,Fall,85008,33.463884,-111.987763
Biological,2020-04-05,2020,4,Spring,85008,33.463884,-111.987763
Biological,2020-04-09,2020,4,Spring,85008,33.463884,-111.987763
Biological,2020-04-25,2020,4,Spring,85008,33.463884,-111.987763
Biological,2020-05-02,2020,5,Spring,85008,33.463884,-111.987763
Biological,2020-05-15,2020,5,Spring,85008,33.463884,-111.987763
Biological,2020-06-06,2020,6,Summer,85008,33.463884,-111.987763
Biological,2020-07-01,2020,7,Summer,85008,33.463884,-111.987763
Biological,2020-08-22,2020,8,Summer,85008,33.463884,-111.987763
Biological,2022-02-09,2022,2,Winter,85008,33.463884,-111.987763
Biological,2023-03-23,2023,3,Spring,85008,33.463884,-111.987763
Biological,2023-06-09,2023,6,Summer,85008,33.463884,-111.987763
Biological,2023-07-26,2023,7,Summer,85008,33.463884,-111.987763
Biological,2020-08-11,2020,8,Summer,85008,33.463884,-111.987763
Biological,2020-09-02,2020,9,Fall,85008,33.463884,-111.987763
Biological,2020-09-02,2020,9,Fall,85008,33.463884,-111.987763
Biological,2022-02-09,2022,2,Winter,85008,33.463884,-111.987763
Biological,2022-06-27,2022,6,Summer,85008,33.463884,-111.987763
Biological,2023-04-04,2023,4,Spring,85008,33.463884,-111.987763
Biological,2023-08-04,2023,8,Summer,85008,33.463884,-111.987763
Biological,2020-09-25,2020,9,Fall,85008,33.463884,-111.987763
Biological,2020-10-17,2020,10,Fall,85008,33.463884,-111.987763
Biological,2020-12-04,2020,12,Winter,85008,33.463884,-111.987763
Biological,2020-12-23,2020,12,Winter,85008,33.463884,-111.987763
Biological,2021-01-27,2021,1,Winter,85008,33.463884,-111.987763
Biological,2021-02-25,2021,2,Winter,85008,33.463884,-111.987763
Biological,2021-03-03,2021,3,Spring,85008,33.463884,-111.987763
Biological,2021-03-26,2021,3,Spring,85008,33.463884,-111.987763
Biological,2021-04-22,2021,4,Spring,85008,33.463884,-111.987763
Biological,2022-07-22,2022,7,Summer,85008,33.463884,-111.987763
Biological,2023-03-20,2023,3,Spring,85008,33.463884,-111.987763
Biological,2020-12-18,2020,12,Winter,85364,32.704556,-114.656304
Biological,2021-01-30,2021,1,Winter,85364,32.704556,-114.656304
Biological,2021-02-05,2021,2,Winter,85364,32.704556,-114.656304
Biological,2021-02-18,2021,2,Winter,85364,32.704556,-114.656304
Biological,2021-02-19,2021,2,Winter,86409,35.461006,-114.01806
Biological,2021-04-19,2021,4,Spring,86409,35.461006,-114.01806
Biological,2021-08-27,2021,8,Summer,86409,35.461006,-114.01806
Biological,2022-05-11,2022,5,Spring,86409,35.461006,-114.01806
Biological,2022-10-27,2022,10,Fall,86409,35.461006,-114.01806
Biological,2021-04-22,2021,4,Spring,85008,33.463884,-111.987763
Biological,2021-06-30,2021,6,Summer,85008,33.463884,-111.987763
Biological,2021-09-15,2021,9,Fall,85008,33.463884,-111.987763
Biological,2021-12-13,2021,12,Winter,85008,33.463884,-111.987763
Biological,2022-03-11,2022,3,Spring,85008,33.463884,-111.987763
Biological,2023-06-09,2023,6,Summer,85008,33.463884,-111.987763
Biological,2023-07-26,2023,7,Summer,85008,33.463884,-111.987763
Biological,2021-12-22,2021,12,Winter,85364,32.704556,-114.656304
Biological,2022-01-20,2022,1,Winter,85364,32.704556,-114.656304
Biological,2022-01-25,2022,1,Winter,85364,32.704556,-114.656304
Biological,2022-02-07,2022,2,Winter,85364,32.704556,-114.656304
Biological,2022-02-24,2022,2,Winter,85364,32.704556,-114.656304
Biological,2022-05-16,2022,5,Spring,85364,32.704556,-114.656304
Biological,2022-10-27,2022,10,Fall,85364,32.704556,-114.656304
Biological,2023-01-31,2023,1,Winter,85364,32.704556,-114.656304
Biological,2021-04-25,2021,4,Spring,85714,32.169961,-110.946558
Biological,2022-07-12,2022,7,Summer,85714,32.169961,-110.946558
Biological,2021-04-25,2021,4,Spring,85714,32.169961,-110.946558
Biological,2021-09-27,2021,9,Fall,85714,32.169961,-110.946558
Biological,2021-11-05,2021,11,Fall,85714,32.169961,-110.946558
Biological,2020-06-27,2020,6,Summer,85008,33.463884,-111.987763
Biological,2020-07-17,2020,7,Summer,85008,33.463884,-111.987763
Biological,2021-04-19,2021,4,Spring,85008,33.463884,-111.987763
Biological,2021-08-29,2021,8,Summer,85008,33.463884,-111.987763
Biological,2022-07-21,2022,7,Summer,85008,33.463884,-111.987763
Biological,2020-09-15,2020,9,Fall,85043,33.433065,-112.197172
Biological,2021-04-19,2021,4,Spring,85043,33.433065,-112.197172
Biological,2021-08-29,2021,8,Summer,85043,33.433065,-112.197172
Biological,2021-01-21,2021,1,Winter,85009,33.444546,-112.128675
Biological,2021-01-22,2021,1,Winter,85009,33.444546,-112.128675
Biological,2021-04-19,2021,4,Spring,85009,33.444546,-112.128675
Biological,2021-01-30,2021,1,Winter,85007,33.446529,-112.090319
Biological,2021-02-03,2021,2,Winter,85007,33.446529,-112.090319
Biological,2021-02-12,2021,2,Winter,85007,33.446529,-112.090319
Biological,2021-04-25,2021,4,Spring,85714,32.169961,-110.946558
Biological,2021-04-29,2021,4,Spring,85714,32.169961,-110.946558
Biological,2021-04-28,2021,4,Spring,85714,32.169961,-110.946558
Biological,2022-10-27,2022,10,Fall,85714,32.169961,-110.946558
Biological,2021-07-30,2021,7,Summer,86401,35.113668,-113.738093
Biological,2021-08-13,2021,8,Summer,86401,35.113668,-113.738093
Biological,2022-07-21,2022,7,Summer,86401,35.113668,-113.738093
Biological,2021-08-10,2021,8,Summer,86409,35.461006,-114.01806
Biological,2021-09-09,2021,9,Fall,86409,35.461006,-114.01806
Biological,2021-09-13,2021,9,Fall,86409,35.461006,-114.01806
Biological,2021-09-28,2021,9,Fall,86409,35.461006,-114.01806
Biological,2022-07-21,2022,7,Summer,86409,35.461006,-114.01806
Biological,2021-09-07,2021,9,Fall,86401,35.113668,-113.738093
Biological,2021-09-08,2021,9,Fall,86401,35.113668,-113.738093
Biological,2022-07-21,2022,7,Summer,86401,35.113668,-113.738093
Biological,2022-12-05,2022,12,Winter,86401,35.113668,-113.738093
Biological,2022-01-10,2022,1,Winter,85714,32.169961,-110.946558
Biological,2022-01-19,2022,1,Winter,85714,32.169961,-110.946558
Biological,2022-01-20,2022,1,Winter,85042,33.355545,-112.052242
Biological,2022-09-19,2022,9,Fall,85042,33.355545,-112.052242
Biological,2022-01-26,2022,1,Winter,85635,31.553108,-110.171088
Biological,2022-01-28,2022,1,Winter,85635,31.553108,-110.171088
Biological,2022-08-05,2022,8,Summer,85635,31.553108,-110.171088
Biological,2022-06-14,2022,6,Summer,85701,32.217037,-110.971338
Biological,2022-07-01,2022,7,Summer,85701,32.217037,-110.971338
Biological,2022-06-30,2022,6,Summer,85701,32.217037,-110.971338
Biological,2022-07-15,2022,7,Summer,85701,32.217037,-110.971338
Biological,2022-08-08,2022,8,Summer,85701,32.217037,-110.971338
Biological,2021-02-03,2021,2,Winter,85007,33.446529,-112.090319
Biological,2021-03-22,2021,3,Spring,85007,33.446529,-112.090319
Biological,2022-05-17,2022,5,Spring,85007,33.446529,-112.090319
Biological,2022-07-21,2022,7,Summer,85007,33.446529,-112.090319
Biological,2021-05-04,2021,5,Spring,85008,33.463884,-111.987763
Biological,2021-05-13,2021,5,Spring,85008,33.463884,-111.987763
Biological,2021-08-16,2021,8,Summer,85008,33.463884,-111.987763
Biological,2020-06-27,2020,6,Summer,85007,33.446529,-112.090319
Biological,2020-07-06,2020,7,Summer,85007,33.446529,-112.090319
Biological,2020-07-15,2020,7,Summer,85007,33.446529,-112.090319
Biological,2020-08-14,2020,8,Summer,85007,33.446529,-112.090319
Biological,2021-04-19,2021,4,Spring,85007,33.446529,-112.090319
Biological,2021-08-30,2021,8,Summer,85007,33.446529,-112.090319
Biological,2020-07-08,2020,7,Summer,85008,33.463884,-111.987763
Biological,2021-04-19,2021,4,Spring,85008,33.463884,-111.987763
Biological,2021-08-18,2021,8,Summer,85008,33.463884,-111.987763
Biological,2020-07-12,2020,7,Summer,85007,33.446529,-112.090319
Biological,2021-04-19,2021,4,Spring,85007,33.446529,-112.090319
Biological,2021-08-30,2021,8,Summer,85007,33.446529,-112.090319
Biological,2020-11-20,2020,11,Fall,85007,33.446529,-112.090319
Biological,2020-12-23,2020,12,Winter,85007,33.446529,-112.090319
Biological,2021-01-13,2021,1,Winter,85007,33.446529,-112.090319
Biological,2021-01-22,2021,1,Winter,85007,33.446529,-112.090319
Biological,2021-04-19,2021,4,Spring,85007,33.446529,-112.090319
Biological,2021-12-27,2021,12,Winter,85007,33.446529,-112.090319
Biological,2021-10-28,2021,10,Fall,85007,33.446529,-112.090319
Biological,2021-11-28,2021,11,Fall,85007,33.446529,-112.090319
Biological,2021-12-21,2021,12,Winter,85007,33.446529,-112.090319
Biological,2022-01-26,2022,1,Winter,85007,33.446529,-112.090319
Biological,2023-02-10,2023,2,Winter,85007,33.446529,-112.090319
Biological,2021-06-22,2021,6,Summer,85201,33.433545,-111.8504
Biological,2021-06-24,2021,6,Summer,85201,33.433545,-111.8504
Biological,2020-04-06,2020,4,Spring,84114,40.777946,-111.888256
Biological,2020-08-26,2020,8,Summer,84114,40.777946,-111.888256
Biological,2021-04-27,2021,4,Spring,84114,40.777946,-111.888256
Biological,2020-10-27,2020,10,Fall,84104,40.749441,-111.981537
Biological,2021-04-27,2021,4,Spring,84104,40.749441,-111.981537
Biological,2022-01-19,2022,1,Winter,84104,40.749441,-111.981537
Biological,2020-05-21,2020,5,Spring,84118,40.656001,-112.038127
Biological,2020-06-05,2020,6,Summer,84118,40.656001,-112.038127
Biological,2022-03-02,2022,3,Spring,84118,40.656001,-112.038127
Biological,2023-04-19,2023,4,Spring,84118,40.656001,-112.038127
Biological,2023-06-21,2023,6,Summer,84118,40.656001,-112.038127
Biological,2020-08-18,2020,8,Summer,84114,40.777946,-111.888256
Biological,2020-09-02,2020,9,Fall,84114,40.777946,-111.888256
Biological,2020-09-03,2020,9,Fall,84114,40.777946,-111.888256
Biological,2020-09-18,2020,9,Fall,84114,40.777946,-111.888256
Biological,2020-10-27,2020,10,Fall,84114,40.777946,-111.888256
Biological,2020-11-19,2020,11,Fall,84114,40.777946,-111.888256
Biological,2020-11-23,2020,11,Fall,84114,40.777946,-111.888256
Biological,2020-12-10,2020,12,Winter,84114,40.777946,-111.888256
Biological,2020-12-22,2020,12,Winter,84114,40.777946,-111.888256
Biological,2021-01-28,2021,1,Winter,84114,40.777946,-111.888256
Biological,2021-02-25,2021,2,Winter,84114,40.777946,-111.888256
Biological,2021-03-29,2021,3,Spring,84114,40.777946,-111.888256
Biological,2021-04-19,2021,4,Spring,84114,40.777946,-111.888256
Biological,2022-06-28,2022,6,Summer,84114,40.777946,-111.888256
Biological,2022-10-20,2022,10,Fall,84114,40.777946,-111.888256
Biological,2023-06-21,2023,6,Summer,84114,40.777946,-111.888256
Biological,2023-08-28,2023,8,Summer,84114,40.777946,-111.888256
Biological,2021-04-19,2021,4,Spring,84114,40.777946,-111.888256
Biological,2021-09-16,2021,9,Fall,84114,40.777946,-111.888256
Biological,2021-12-09,2021,12,Winter,84114,40.777946,-111.888256
Biological,2023-02-22,2023,2,Winter,84114,40.777946,-111.888256
Biological,2023-03-28,2023,3,Spring,84114,40.777946,-111.888256
Biological,2023-06-28,2023,6,Summer,84114,40.777946,-111.888256
Biological,2023-08-29,2023,8,Summer,84114,40.777946,-111.888256
Biological,2021-10-27,2021,10,Fall,84770,37.13839,-113.629601
Biological,2022-06-09,2022,6,Summer,84770,37.13839,-113.629601
Biological,2022-12-19,2022,12,Winter,84770,37.13839,-113.629601
Biological,2021-10-27,2021,10,Fall,84770,37.13839,-113.629601
Biological,2021-11-23,2021,11,Fall,84770,37.13839,-113.629601
Biological,2022-08-10,2022,8,Summer,84770,37.13839,-113.629601
Biological,2022-01-14,2022,1,Winter,84108,40.80904,-111.727516
Biological,2021-02-15,2021,2,Winter,19901,39.181542,-75.47352
Biological,2021-05-10,2021,5,Spring,19901,39.181542,-75.47352
Biological,2021-02-11,2021,2,Winter,19901,39.181542,-75.47352
Biological,2021-03-01,2021,3,Spring,19901,39.181542,-75.47352
Biological,2021-04-05,2021,4,Spring,19901,39.181542,-75.47352
Biological,2021-11-02,2021,11,Fall,19901,39.181542,-75.47352
Biological,2020-04-21,2020,4,Spring,19977,39.298946,-75.546122
Biological,2020-04-22,2020,4,Spring,19977,39.298946,-75.546122
Biological,2020-05-16,2020,5,Spring,19977,39.298946,-75.546122
Biological,2020-06-05,2020,6,Summer,19977,39.298946,-75.546122
Biological,2022-02-07,2022,2,Winter,19977,39.298946,-75.546122
Biological,2023-06-06,2023,6,Summer,19977,39.298946,-75.546122
Biological,2020-08-18,2020,8,Summer,19977,39.298946,-75.546122
Biological,2020-09-03,2020,9,Fall,19977,39.298946,-75.546122
Biological,2020-09-03,2020,9,Fall,19977,39.298946,-75.546122
Biological,2020-11-03,2020,11,Fall,19977,39.298946,-75.546122
Biological,2020-12-10,2020,12,Winter,19977,39.298946,-75.546122
Biological,2020-12-22,2020,12,Winter,19977,39.298946,-75.546122
Biological,2021-01-26,2021,1,Winter,19977,39.298946,-75.546122
Biological,2021-02-02,2021,2,Winter,19977,39.298946,-75.546122
Biological,2021-03-26,2021,3,Spring,19977,39.298946,-75.546122
Biological,2021-04-15,2021,4,Spring,19977,39.298946,-75.546122
Biological,2022-06-28,2022,6,Summer,19977,39.298946,-75.546122
Biological,2022-11-16,2022,11,Fall,19977,39.298946,-75.546122
Biological,2021-04-15,2021,4,Spring,19977,39.298946,-75.546122
Biological,2021-06-24,2021,6,Summer,19977,39.298946,-75.546122
Biological,2021-09-15,2021,9,Fall,19977,39.298946,-75.546122
Biological,2021-12-14,2021,12,Winter,19977,39.298946,-75.546122
Biological,2021-12-27,2021,12,Winter,19977,39.298946,-75.546122
Biological,2022-01-13,2022,1,Winter,19977,39.298946,-75.546122
Biological,2022-02-07,2022,2,Winter,19977,39.298946,-75.546122
Biological,2022-03-10,2022,3,Spring,19977,39.298946,-75.546122
Biological,2023-01-03,2023,1,Winter,19977,39.298946,-75.546122
Biological,2023-01-04,2023,1,Winter,19977,39.298946,-75.546122
Biological,2023-05-22,2023,5,Spring,19977,39.298946,-75.546122
Biological,2023-06-06,2023,6,Summer,19977,39.298946,-75.546122
Biological,2023-07-28,2023,7,Summer,19977,39.298946,-75.546122
Biological,2021-02-12,2021,2,Winter,19901,39.181542,-75.47352
Biological,2021-02-14,2021,2,Winter,19901,39.181542,-75.47352
Biological,2021-03-04,2021,3,Spring,19901,39.181542,-75.47352
Biological,2021-03-06,2021,3,Spring,19901,39.181542,-75.47352
Biological,2021-03-27,2021,3,Spring,19901,39.181542,-75.47352
Biological,2021-03-30,2021,3,Spring,19901,39.181542,-75.47352
Biological,2022-07-21,2022,7,Summer,19901,39.181542,-75.47352
Biological,2022-08-10,2022,8,Summer,19901,39.181542,-75.47352
Biological,2021-02-17,2021,2,Winter,19901,39.181542,-75.47352
Biological,2022-07-21,2022,7,Summer,19901,39.181542,-75.47352
Biological,2022-08-10,2022,8,Summer,19901,39.181542,-75.47352
Biological,2021-02-06,2021,2,Winter,19901,39.181542,-75.47352
Biological,2021-02-08,2021,2,Winter,19901,39.181542,-75.47352
Biological,2021-02-06,2021,2,Winter,19901,39.181542,-75.47352
Biological,2021-02-08,2021,2,Winter,19901,39.181542,-75.47352
Biological,2021-02-12,2021,2,Winter,19901,39.181542,-75.47352
Biological,2021-02-15,2021,2,Winter,19901,39.181542,-75.47352
Biological,2021-02-17,2021,2,Winter,19901,39.181542,-75.47352
Biological,2021-02-06,2021,2,Winter,19901,39.181542,-75.47352
Biological,2021-02-08,2021,2,Winter,19901,39.181542,-75.47352
Biological,2021-02-14,2021,2,Winter,19901,39.181542,-75.47352
Biological,2021-02-16,2021,2,Winter,19901,39.181542,-75.47352
Biological,2022-07-20,2022,7,Summer,19901,39.181542,-75.47352
Biological,2022-01-05,2022,1,Winter,19977,39.298946,-75.546122
Biological,2022-06-15,2022,6,Summer,19977,39.298946,-75.546122
Biological,2021-03-04,2021,3,Spring,19901,39.181542,-75.47352
Biological,2021-03-05,2021,3,Spring,19901,39.181542,-75.47352
Biological,2021-03-22,2021,3,Spring,19901,39.181542,-75.47352
Biological,2021-03-25,2021,3,Spring,19901,39.181542,-75.47352
Biological,2021-03-30,2021,3,Spring,19901,39.181542,-75.47352
Biological,2021-08-24,2021,8,Summer,19901,39.181542,-75.47352
Biological,2021-02-16,2021,2,Winter,19901,39.181542,-75.47352
Biological,2022-06-01,2022,6,Summer,19901,39.181542,-75.47352
Biological,2022-09-15,2022,9,Fall,19901,39.181542,-75.47352
Biological,2021-02-12,2021,2,Winter,19901,39.181542,-75.47352
Biological,2020-04-23,2020,4,Spring,19904,39.171279,-75.587619
Biological,2021-07-06,2021,7,Summer,19901,39.181542,-75.47352
Biological,2020-04-24,2020,4,Spring,19904,39.171279,-75.587619
Biological,2022-02-23,2022,2,Winter,19901,39.181542,-75.47352
Biological,2020-04-24,2020,4,Spring,19904,39.171279,-75.587619
Biological,2020-05-28,2020,5,Spring,19904,39.171279,-75.587619
Biological,2021-06-30,2021,6,Summer,19904,39.171279,-75.587619
Biological,2022-02-23,2022,2,Winter,19904,39.171279,-75.587619
Biological,2020-11-04,2020,11,Fall,19977,39.298946,-75.546122
Biological,2020-12-03,2020,12,Winter,19977,39.298946,-75.546122
Biological,2021-04-19,2021,4,Spring,19977,39.298946,-75.546122
Biological,2022-02-23,2022,2,Winter,19977,39.298946,-75.546122
Biological,2020-04-06,2020,4,Spring,57501,44.527632,-100.309123
Biological,2020-04-10,2020,4,Spring,57501,44.527632,-100.309123
Biological,2021-02-12,2021,2,Winter,57501,44.527632,-100.309123
Biological,2021-04-27,2021,4,Spring,57501,44.527632,-100.309123
Biological,2020-10-27,2020,10,Fall,57339,44.126676,-99.463922
Biological,2021-04-27,2021,4,Spring,57339,44.126676,-99.463922
Biological,2021-11-10,2021,11,Fall,57339,44.126676,-99.463922
Biological,2020-12-03,2020,12,Winter,57501,44.527632,-100.309123
Biological,2021-03-02,2021,3,Spring,57501,44.527632,-100.309123
Biological,2021-04-27,2021,4,Spring,57501,44.527632,-100.309123
Biological,2020-12-03,2020,12,Winter,57570,43.252173,-100.885154
Biological,2021-04-27,2021,4,Spring,57570,43.252173,-100.885154
Biological,2020-05-09,2020,5,Spring,57501,44.527632,-100.309123
Biological,2020-06-05,2020,6,Summer,57501,44.527632,-100.309123
Biological,2022-02-24,2022,2,Winter,57501,44.527632,-100.309123
Biological,2023-06-22,2023,6,Summer,57501,44.527632,-100.309123
Biological,2020-08-13,2020,8,Summer,57501,44.527632,-100.309123
Biological,2020-09-02,2020,9,Fall,57501,44.527632,-100.309123
Biological,2020-04-05,2020,4,Spring,39208,32.25973,-90.091888
Biological,2020-04-07,2020,4,Spring,39208,32.25973,-90.091888
Biological,2021-01-21,2021,1,Winter,39208,32.25973,-90.091888
Biological,2021-04-02,2021,4,Spring,39208,32.25973,-90.091888
Biological,2020-04-06,2020,4,Spring,39208,32.25973,-90.091888
Biological,2021-01-22,2021,1,Winter,39208,32.25973,-90.091888
Biological,2020-04-08,2020,4,Spring,39208,32.25973,-90.091888
Biological,2020-04-11,2020,4,Spring,39208,32.25973,-90.091888
Biological,2020-04-25,2020,4,Spring,39208,32.25973,-90.091888
Biological,2020-05-05,2020,5,Spring,39208,32.25973,-90.091888
Biological,2020-05-20,2020,5,Spring,39208,32.25973,-90.091888
Biological,2020-06-10,2020,6,Summer,39208,32.25973,-90.091888
Biological,2020-07-24,2020,7,Summer,39208,32.25973,-90.091888
Biological,2021-11-02,2021,11,Fall,39208,32.25973,-90.091888
Biological,2022-02-08,2022,2,Winter,39208,32.25973,-90.091888
Biological,2023-05-18,2023,5,Spring,39208,32.25973,-90.091888
Biological,2023-06-15,2023,6,Summer,39208,32.25973,-90.091888
Biological,2020-10-22,2020,10,Fall,39208,32.25973,-90.091888
Biological,2020-11-23,2020,11,Fall,39208,32.25973,-90.091888
Biological,2020-12-14,2020,12,Winter,39208,32.25973,-90.091888
Biological,2020-12-22,2020,12,Winter,39208,32.25973,-90.091888
Biological,2021-01-29,2021,1,Winter,39208,32.25973,-90.091888
Biological,2021-02-24,2021,2,Winter,39208,32.25973,-90.091888
Biological,2021-03-26,2021,3,Spring,39208,32.25973,-90.091888
Biological,2021-04-16,2021,4,Spring,39208,32.25973,-90.091888
Biological,2022-06-22,2022,6,Summer,39208,32.25973,-90.091888
Biological,2022-09-20,2022,9,Fall,39208,32.25973,-90.091888
Biological,2023-05-09,2023,5,Spring,39208,32.25973,-90.091888
Biological,2023-06-27,2023,6,Summer,39208,32.25973,-90.091888
Biological,2021-08-10,2021,8,Summer,39216,32.335241,-90.161417
Biological,2021-08-12,2021,8,Summer,39216,32.335241,-90.161417
Biological,2022-05-04,2022,5,Spring,39216,32.335241,-90.161417
Biological,2021-08-17,2021,8,Summer,39208,32.25973,-90.091888
Biological,2022-05-04,2022,5,Spring,39208,32.25973,-90.091888
Biological,2020-05-22,2020,5,Spring,39208,32.25973,-90.091888
Biological,2020-07-31,2020,7,Summer,39208,32.25973,-90.091888
Biological,2020-08-07,2020,8,Summer,39208,32.25973,-90.091888
Biological,2020-08-28,2020,8,Summer,39208,32.25973,-90.091888
Biological,2020-11-23,2020,11,Fall,38665,34.583273,-90.166012
Biological,2020-11-30,2020,11,Fall,38665,34.583273,-90.166012
Biological,2020-12-04,2020,12,Winter,39090,33.012936,-89.543606
Biological,2020-12-21,2020,12,Winter,38655,34.329772,-89.487118
Biological,2021-04-02,2021,4,Spring,38655,34.329772,-89.487118
Biological,2021-04-29,2021,4,Spring,38655,34.329772,-89.487118
Biological,2021-05-04,2021,5,Spring,38655,34.329772,-89.487118
Biological,2021-05-25,2021,5,Spring,38655,34.329772,-89.487118
Biological,2021-09-20,2021,9,Fall,38655,34.329772,-89.487118
Biological,2021-09-23,2021,9,Fall,38655,34.329772,-89.487118
Biological,2022-01-28,2022,1,Winter,38655,34.329772,-89.487118
Biological,2020-07-23,2020,7,Summer,39208,32.25973,-90.091888
Biological,2020-08-24,2020,8,Summer,39208,32.25973,-90.091888
Biological,2021-04-02,2021,4,Spring,39208,32.25973,-90.091888
Biological,2021-05-18,2021,5,Spring,39208,32.25973,-90.091888
Biological,2021-01-12,2021,1,Winter,39216,32.335241,-90.161417
Biological,2021-04-02,2021,4,Spring,39216,32.335241,-90.161417
Biological,2021-10-14,2021,10,Fall,39216,32.335241,-90.161417
Biological,2021-07-19,2021,7,Summer,39120,31.508801,-91.357371
Biological,2021-12-09,2021,12,Winter,39120,31.508801,-91.357371
Biological,2022-01-28,2022,1,Winter,39120,31.508801,-91.357371
Biological,2021-08-10,2021,8,Summer,39216,32.335241,-90.161417
Biological,2021-09-10,2021,9,Fall,39216,32.335241,-90.161417
Biological,2021-12-09,2021,12,Winter,39216,32.335241,-90.161417
Biological,2020-04-08,2020,4,Spring,87108,35.072343,-106.578318
Biological,2020-04-10,2020,4,Spring,87108,35.072343,-106.578318
Biological,2020-09-18,2020,9,Fall,87108,35.072343,-106.578318
Biological,2021-03-23,2021,3,Spring,87108,35.072343,-106.578318
Biological,2022-04-20,2022,4,Spring,87108,35.072343,-106.578318
Biological,2022-01-05,2022,1,Winter,87508,35.52063,-105.945842
Biological,2022-02-22,2022,2,Winter,87508,35.52063,-105.945842
Biological,2022-05-11,2022,5,Spring,87508,35.52063,-105.945842
Biological,2021-03-24,2021,3,Spring,87508,35.52063,-105.945842
Biological,2021-07-20,2021,7,Summer,87508,35.52063,-105.945842
Biological,2020-04-07,2020,4,Spring,87508,35.52063,-105.945842
Biological,2020-04-16,2020,4,Spring,87508,35.52063,-105.945842
Biological,2020-04-24,2020,4,Spring,87508,35.52063,-105.945842
Biological,2020-05-02,2020,5,Spring,87508,35.52063,-105.945842
Biological,2020-05-14,2020,5,Spring,87508,35.52063,-105.945842
Biological,2020-06-05,2020,6,Summer,87508,35.52063,-105.945842
Biological,2022-02-08,2022,2,Winter,87508,35.52063,-105.945842
Biological,2022-06-22,2022,6,Summer,87508,35.52063,-105.945842
Biological,2022-06-24,2022,6,Summer,87508,35.52063,-105.945842
Biological,2022-10-19,2022,10,Fall,87508,35.52063,-105.945842
Biological,2020-04-10,2020,4,Spring,87508,35.52063,-105.945842
Biological,2020-04-23,2020,4,Spring,87508,35.52063,-105.945842
Biological,2020-09-10,2020,9,Fall,87508,35.52063,-105.945842
Biological,2020-09-21,2020,9,Fall,87508,35.52063,-105.945842
Biological,2020-10-15,2020,10,Fall,87508,35.52063,-105.945842
Biological,2020-10-30,2020,10,Fall,87508,35.52063,-105.945842
Biological,2020-11-24,2020,11,Fall,87508,35.52063,-105.945842
Biological,2020-12-08,2020,12,Winter,87508,35.52063,-105.945842
Biological,2020-12-22,2020,12,Winter,87508,35.52063,-105.945842
Biological,2021-01-29,2021,1,Winter,87508,35.52063,-105.945842
Biological,2021-04-16,2021,4,Spring,87508,35.52063,-105.945842
Biological,2022-12-14,2022,12,Winter,87508,35.52063,-105.945842
Biological,2023-06-20,2023,6,Summer,87508,35.52063,-105.945842
Biological,2021-04-15,2021,4,Spring,87508,35.52063,-105.945842
Biological,2021-06-28,2021,6,Summer,87508,35.52063,-105.945842
Biological,2021-09-20,2021,9,Fall,87508,35.52063,-105.945842
Biological,2021-12-14,2021,12,Winter,87508,35.52063,-105.945842
Biological,2022-03-09,2022,3,Spring,87508,35.52063,-105.945842
Biological,2023-03-29,2023,3,Spring,87508,35.52063,-105.945842
Biological,2023-06-05,2023,6,Summer,87508,35.52063,-105.945842
Biological,2023-06-08,2023,6,Summer,87508,35.52063,-105.945842
Biological,2020-08-18,2020,8,Summer,87508,35.52063,-105.945842
Biological,2020-09-15,2020,9,Fall,87508,35.52063,-105.945842
Biological,2021-11-24,2021,11,Fall,87401,36.738158,-108.183294
Biological,2021-11-26,2021,11,Fall,87401,36.738158,-108.183294
Biological,2021-12-03,2021,12,Winter,87401,36.738158,-108.183294
Biological,2021-12-01,2021,12,Winter,87401,36.738158,-108.183294
Biological,2021-12-02,2021,12,Winter,87401,36.738158,-108.183294
Biological,2021-12-29,2021,12,Winter,87401,36.738158,-108.183294
Biological,2022-01-05,2022,1,Winter,87401,36.738158,-108.183294
Biological,2022-12-01,2022,12,Winter,87401,36.738158,-108.183294
Biological,2022-12-14,2022,12,Winter,87401,36.738158,-108.183294
Biological,2022-01-13,2022,1,Winter,87106,35.007139,-106.60982
Biological,2022-01-14,2022,1,Winter,87106,35.007139,-106.60982
Biological,2022-01-14,2022,1,Winter,87106,35.007139,-106.60982
Biological,2022-02-14,2022,2,Winter,87106,35.007139,-106.60982
Biological,2022-12-01,2022,12,Winter,87106,35.007139,-106.60982
Biological,2020-04-10,2020,4,Spring,87301,35.521594,-108.765319
Biological,2021-04-29,2021,4,Spring,87301,35.521594,-108.765319
Biological,2021-11-16,2021,11,Fall,87301,35.521594,-108.765319
Biological,2020-05-13,2020,5,Spring,87508,35.52063,-105.945842
Biological,2021-04-29,2021,4,Spring,87508,35.52063,-105.945842
Biological,2021-11-16,2021,11,Fall,87508,35.52063,-105.945842
Biological,2020-10-30,2020,10,Fall,87508,35.52063,-105.945842
Biological,2020-11-25,2020,11,Fall,87508,35.52063,-105.945842
Biological,2020-12-23,2020,12,Winter,87508,35.52063,-105.945842
Biological,2021-02-01,2021,2,Winter,87508,35.52063,-105.945842
Biological,2021-04-29,2021,4,Spring,87508,35.52063,-105.945842
Biological,2023-05-24,2023,5,Spring,87508,35.52063,-105.945842
Biological,2021-09-03,2021,9,Fall,87109,35.151667,-106.574947
Biological,2021-09-06,2021,9,Fall,87109,35.151667,-106.574947
Biological,2022-06-28,2022,6,Summer,87109,35.151667,-106.574947
Biological,2021-11-02,2021,11,Fall,87401,36.738158,-108.183294
Biological,2021-11-24,2021,11,Fall,87401,36.738158,-108.183294
Biological,2021-12-01,2021,12,Winter,87401,36.738158,-108.183294
Biological,2022-08-08,2022,8,Summer,87401,36.738158,-108.183294
Biological,2021-12-17,2021,12,Winter,87507,35.621812,-106.108636
Biological,2022-08-08,2022,8,Summer,87507,35.621812,-106.108636
Biological,2022-01-28,2022,1,Winter,87102,35.082357,-106.646768
Biological,2022-02-25,2022,2,Winter,87106,35.007139,-106.60982
Biological,2020-04-15,2020,4,Spring,87508,35.52063,-105.945842
Biological,2020-05-04,2020,5,Spring,87508,35.52063,-105.945842
Biological,2020-05-28,2020,5,Spring,87508,35.52063,-105.945842
Biological,2020-06-30,2020,6,Summer,87508,35.52063,-105.945842
Biological,2020-07-24,2020,7,Summer,87508,35.52063,-105.945842
Biological,2020-09-08,2020,9,Fall,87508,35.52063,-105.945842
Biological,2020-09-30,2020,9,Fall,87508,35.52063,-105.945842
Biological,2020-11-03,2020,11,Fall,87508,35.52063,-105.945842
Biological,2020-11-19,2020,11,Fall,87508,35.52063,-105.945842
Biological,2020-12-01,2020,12,Winter,87508,35.52063,-105.945842
Biological,2021-05-10,2021,5,Spring,87508,35.52063,-105.945842
Biological,2022-04-20,2022,4,Spring,87508,35.52063,-105.945842
Biological,2020-12-04,2020,12,Winter,87508,35.52063,-105.945842
Biological,2021-01-05,2021,1,Winter,87508,35.52063,-105.945842
Biological,2021-03-11,2021,3,Spring,87508,35.52063,-105.945842
Biological,2021-10-13,2021,10,Fall,87508,35.52063,-105.945842
Biological,2020-04-06,2020,4,Spring,87508,35.52063,-105.945842
Biological,2020-04-13,2020,4,Spring,87508,35.52063,-105.945842
Biological,2020-04-14,2020,4,Spring,87508,35.52063,-105.945842
Biological,2020-04-29,2020,4,Spring,87508,35.52063,-105.945842
Biological,2020-05-28,2020,5,Spring,87508,35.52063,-105.945842
Biological,2021-03-03,2021,3,Spring,87508,35.52063,-105.945842
Biological,2021-11-08,2021,11,Fall,87508,35.52063,-105.945842
Biological,2020-04-23,2020,4,Spring,73012,35.673673,-97.592444
Biological,2020-05-02,2020,5,Spring,73012,35.673673,-97.592444
Biological,2020-05-22,2020,5,Spring,73012,35.673673,-97.592444
Biological,2020-06-03,2020,6,Summer,73012,35.673673,-97.592444
Biological,2021-08-05,2021,8,Summer,73012,35.673673,-97.592444
Biological,2021-12-13,2021,12,Winter,73012,35.673673,-97.592444
Biological,2021-04-09,2021,4,Spring,74115,36.199308,-95.90889
Biological,2021-08-12,2021,8,Summer,74115,36.199308,-95.90889
Biological,2020-04-16,2020,4,Spring,73111,35.519496,-97.477422
Biological,2020-04-17,2020,4,Spring,73111,35.519496,-97.477422
Biological,2020-04-24,2020,4,Spring,73111,35.519496,-97.477422
Biological,2020-05-02,2020,5,Spring,73111,35.519496,-97.477422
Biological,2020-05-15,2020,5,Spring,73111,35.519496,-97.477422
Biological,2020-06-05,2020,6,Summer,73111,35.519496,-97.477422
Biological,2022-02-24,2022,2,Winter,73111,35.519496,-97.477422
Biological,2023-06-16,2023,6,Summer,73111,35.519496,-97.477422
Biological,2023-06-22,2023,6,Summer,73111,35.519496,-97.477422
Biological,2020-08-18,2020,8,Summer,73111,35.519496,-97.477422
Biological,2020-09-17,2020,9,Fall,73111,35.519496,-97.477422
Biological,2020-09-10,2020,9,Fall,73111,35.519496,-97.477422
Biological,2020-10-27,2020,10,Fall,73111,35.519496,-97.477422
Biological,2020-11-23,2020,11,Fall,73111,35.519496,-97.477422
Biological,2020-12-08,2020,12,Winter,73111,35.519496,-97.477422
Biological,2020-12-22,2020,12,Winter,73111,35.519496,-97.477422
Biological,2021-01-26,2021,1,Winter,73111,35.519496,-97.477422
Biological,2021-02-08,2021,2,Winter,73111,35.519496,-97.477422
Biological,2021-02-23,2021,2,Winter,73111,35.519496,-97.477422
Biological,2021-04-01,2021,4,Spring,73111,35.519496,-97.477422
Biological,2021-04-19,2021,4,Spring,73111,35.519496,-97.477422
Biological,2022-06-27,2022,6,Summer,73111,35.519496,-97.477422
Biological,2022-10-24,2022,10,Fall,73111,35.519496,-97.477422
Biological,2023-01-19,2023,1,Winter,73111,35.519496,-97.477422
Biological,2023-05-09,2023,5,Spring,73111,35.519496,-97.477422
Biological,2023-06-22,2023,6,Summer,73111,35.519496,-97.477422
Biological,2021-04-02,2021,4,Spring,74115,36.199308,-95.90889
Biological,2021-11-16,2021,11,Fall,74115,36.199308,-95.90889
Biological,2022-03-21,2022,3,Spring,74115,36.199308,-95.90889
Biological,2022-10-26,2022,10,Fall,74115,36.199308,-95.90889
Biological,2021-04-16,2021,4,Spring,73111,35.519496,-97.477422
Biological,2021-04-20,2021,4,Spring,73111,35.519496,-97.477422
Biological,2021-06-30,2021,6,Summer,73111,35.519496,-97.477422
Biological,2021-09-21,2021,9,Fall,73111,35.519496,-97.477422
Biological,2021-12-22,2021,12,Winter,73111,35.519496,-97.477422
Biological,2022-03-10,2022,3,Spring,73111,35.519496,-97.477422
Biological,2023-02-02,2023,2,Winter,73111,35.519496,-97.477422
Biological,2023-06-16,2023,6,Summer,73111,35.519496,-97.477422
Biological,2023-07-28,2023,7,Summer,73111,35.519496,-97.477422
Biological,2022-01-28,2022,1,Winter,73104,35.475123,-97.5038
Biological,2022-10-26,2022,10,Fall,73104,35.475123,-97.5038
Biological,2023-01-27,2023,1,Winter,73104,35.475123,-97.5038
Biological,2021-03-11,2021,3,Spring,73105,35.519523,-97.503225
Biological,2021-03-16,2021,3,Spring,73105,35.519523,-97.503225
Biological,2021-05-05,2021,5,Spring,73105,35.519523,-97.503225
Biological,2022-10-26,2022,10,Fall,73105,35.519523,-97.503225
Biological,2021-04-15,2021,4,Spring,74115,36.199308,-95.90889
Biological,2022-06-22,2022,6,Summer,74115,36.199308,-95.90889
Biological,2021-09-02,2021,9,Fall,73127,35.477618,-97.648683
Biological,2022-06-22,2022,6,Summer,73127,35.477618,-97.648683
Biological,2021-02-04,2021,2,Winter,73105,35.519523,-97.503225
Biological,2021-03-30,2021,3,Spring,73105,35.519523,-97.503225
Biological,2021-08-18,2021,8,Summer,73105,35.519523,-97.503225
Biological,2021-11-08,2021,11,Fall,73105,35.519523,-97.503225
Biological,2022-04-20,2022,4,Spring,73105,35.519523,-97.503225
Biological,2021-04-14,2021,4,Spring,74115,36.199308,-95.90889
Biological,2021-04-16,2021,4,Spring,74115,36.199308,-95.90889
Biological,2021-04-15,2021,4,Spring,74115,36.199308,-95.90889
Biological,2021-08-18,2021,8,Summer,74115,36.199308,-95.90889
Biological,2021-11-08,2021,11,Fall,74115,36.199308,-95.90889
Biological,2020-08-05,2020,8,Summer,74017,36.390927,-95.587689
Biological,2020-08-14,2020,8,Summer,74017,36.390927,-95.587689
Biological,2020-08-25,2020,8,Summer,74017,36.390927,-95.587689
Biological,2021-09-29,2021,9,Fall,74017,36.390927,-95.587689
Biological,2021-12-13,2021,12,Winter,74017,36.390927,-95.587689
Biological,2022-12-08,2022,12,Winter,74017,36.390927,-95.587689
Biological,2020-04-13,2020,4,Spring,55101,44.950764,-93.087571
Biological,2020-04-13,2020,4,Spring,55101,44.950764,-93.087571
Biological,2020-04-16,2020,4,Spring,55101,44.950764,-93.087571
Biological,2020-04-16,2020,4,Spring,55101,44.950764,-93.087571
Biological,2020-04-16,2020,4,Spring,55101,44.950764,-93.087571
Biological,2020-09-22,2020,9,Fall,55101,44.950764,-93.087571
Biological,2021-04-02,2021,4,Spring,55101,44.950764,-93.087571
Biological,2021-04-02,2021,4,Spring,55108,44.982322,-93.174657
Biological,2021-08-04,2021,8,Summer,55108,44.982322,-93.174657
Biological,2021-04-06,2021,4,Spring,55108,44.982322,-93.174657
Biological,2021-05-05,2021,5,Spring,55108,44.982322,-93.174657
Biological,2021-08-03,2021,8,Summer,55108,44.982322,-93.174657
Biological,2022-04-21,2022,4,Spring,55108,44.982322,-93.174657
Biological,2022-12-06,2022,12,Winter,55108,44.982322,-93.174657
Biological,2023-04-13,2023,4,Spring,55108,44.982322,-93.174657
Biological,2020-12-07,2020,12,Winter,55101,44.950764,-93.087571
Biological,2021-01-27,2021,1,Winter,55101,44.950764,-93.087571
Biological,2021-04-02,2021,4,Spring,55108,44.982322,-93.174657
Biological,2021-08-13,2021,8,Summer,55108,44.982322,-93.174657
Biological,2021-11-03,2021,11,Fall,55108,44.982322,-93.174657
Biological,2022-05-03,2022,5,Spring,55108,44.982322,-93.174657
Biological,2022-10-26,2022,10,Fall,55108,44.982322,-93.174657
Biological,2021-11-16,2021,11,Fall,56303,45.574017,-94.215271
Biological,2021-12-15,2021,12,Winter,56303,45.574017,-94.215271
Biological,2022-05-03,2022,5,Spring,56303,45.574017,-94.215271
Biological,2022-06-10,2022,6,Summer,56303,45.574017,-94.215271
Biological,2022-11-18,2022,11,Fall,56303,45.574017,-94.215271
Biological,2021-11-16,2021,11,Fall,56303,45.574017,-94.215271
Biological,2021-12-15,2021,12,Winter,56303,45.574017,-94.215271
Biological,2022-05-03,2022,5,Spring,56303,45.574017,-94.215271
Biological,2022-06-10,2022,6,Summer,56303,45.574017,-94.215271
Biological,2021-11-16,2021,11,Fall,55102,44.931901,-93.121291
Biological,2021-11-18,2021,11,Fall,55102,44.931901,-93.121291
Biological,2022-01-20,2022,1,Winter,55407,44.935036,-93.253029
Biological,2022-02-18,2022,2,Winter,55407,44.935036,-93.253029
Biological,2022-05-03,2022,5,Spring,55407,44.935036,-93.253029
Biological,2022-08-10,2022,8,Summer,55407,44.935036,-93.253029
Biological,2023-01-27,2023,1,Winter,55407,44.935036,-93.253029
Biological,2023-04-25,2023,4,Spring,55407,44.935036,-93.253029
Biological,2021-01-30,2021,1,Winter,55101,44.950764,-93.087571
Biological,2021-12-01,2021,12,Winter,55435,44.873981,-93.335255
Biological,2021-12-03,2021,12,Winter,55435,44.873981,-93.335255
Biological,2021-12-06,2021,12,Winter,55435,44.873981,-93.335255
Biological,2022-07-28,2022,7,Summer,55435,44.873981,-93.335255
Biological,2022-01-13,2022,1,Winter,55155,44.951919,-93.099363
Biological,2022-02-09,2022,2,Winter,55155,44.951919,-93.099363
Biological,2023-01-25,2023,1,Winter,55155,44.951919,-93.099363
Biological,2022-05-28,2022,5,Spring,56560,46.835221,-96.734828
Biological,2022-05-28,2022,5,Spring,55428,45.064039,-93.383509
Biological,2022-05-28,2022,5,Spring,55111,44.890094,-93.190164
Biological,2022-05-28,2022,5,Spring,55802,46.764173,-92.082422
Biological,2020-05-15,2020,5,Spring,05456,44.21389,-73.262094
Biological,2020-06-10,2020,6,Summer,05456,44.21389,-73.262094
Biological,2022-02-07,2022,2,Winter,05456,44.21389,-73.262094
Biological,2022-06-30,2022,6,Summer,05456,44.21389,-73.262094
Biological,2020-08-13,2020,8,Summer,05456,44.21389,-73.262094
Biological,2020-09-03,2020,9,Fall,05456,44.21389,-73.262094
Biological,2020-09-03,2020,9,Fall,05456,44.21389,-73.262094
Biological,2020-09-24,2020,9,Fall,05456,44.21389,-73.262094
Biological,2020-10-26,2020,10,Fall,01754,42.425955,-71.456256
Biological,2020-11-23,2020,11,Fall,01754,42.425955,-71.456256
Biological,2020-12-08,2020,12,Winter,01754,42.425955,-71.456256
Biological,2020-12-22,2020,12,Winter,01754,42.425955,-71.456256
Biological,2020-12-23,2020,12,Winter,05456,44.21389,-73.262094
Biological,2021-01-20,2021,1,Winter,05456,44.21389,-73.262094
Biological,2021-01-27,2021,1,Winter,01754,42.425955,-71.456256
Biological,2021-02-23,2021,2,Winter,01754,42.425955,-71.456256
Biological,2021-03-25,2021,3,Spring,01754,42.425955,-71.456256
Biological,2021-04-15,2021,4,Spring,01754,42.425955,-71.456256
Biological,2022-06-22,2022,6,Summer,01754,42.425955,-71.456256
Biological,2022-11-01,2022,11,Fall,01754,42.425955,-71.456256
Biological,2022-12-13,2022,12,Winter,01754,42.425955,-71.456256
Biological,2023-07-28,2023,7,Summer,01754,42.425955,-71.456256
Biological,2021-04-15,2021,4,Spring,01754,42.425955,-71.456256
Biological,2021-06-24,2021,6,Summer,01754,42.425955,-71.456256
Biological,2021-09-15,2021,9,Fall,01754,42.425955,-71.456256
Biological,2021-12-08,2021,12,Winter,05456,44.21389,-73.262094
Biological,2020-08-25,2020,8,Summer,21704,39.354883,-77.375902
Biological,2021-04-02,2021,4,Spring,21704,39.354883,-77.375902
Biological,2021-04-28,2021,4,Spring,21704,39.354883,-77.375902
Biological,2021-04-01,2021,4,Spring,05404,44.495587,-73.184857
Biological,2021-04-09,2021,4,Spring,05404,44.495587,-73.184857
Biological,2020-04-24,2020,4,Spring,83687,43.609972,-116.529149
Biological,2020-07-07,2020,7,Summer,98021,47.792571,-122.208429
Biological,2021-04-13,2021,4,Spring,98021,47.792571,-122.208429
Biological,2020-11-28,2020,11,Fall,83705,43.554774,-116.221422
Biological,2020-12-01,2020,12,Winter,83705,43.554774,-116.221422
Biological,2021-04-05,2021,4,Spring,83705,43.554774,-116.221422
Biological,2021-09-28,2021,9,Fall,83705,43.554774,-116.221422
Biological,2020-12-05,2020,12,Winter,83705,43.554774,-116.221422
Biological,2020-12-23,2020,12,Winter,83705,43.554774,-116.221422
Biological,2021-01-26,2021,1,Winter,83705,43.554774,-116.221422
Biological,2021-02-25,2021,2,Winter,83705,43.554774,-116.221422
Biological,2021-03-30,2021,3,Spring,83705,43.554774,-116.221422
Biological,2021-04-20,2021,4,Spring,83705,43.554774,-116.221422
Biological,2022-06-29,2022,6,Summer,83705,43.554774,-116.221422
Biological,2022-12-16,2022,12,Winter,83705,43.554774,-116.221422
Biological,2021-04-20,2021,4,Spring,83705,43.554774,-116.221422
Biological,2021-07-06,2021,7,Summer,83705,43.554774,-116.221422
Biological,2021-09-17,2021,9,Fall,83705,43.554774,-116.221422
Biological,2023-01-12,2023,1,Winter,83705,43.554774,-116.221422
Biological,2023-06-22,2023,6,Summer,83705,43.554774,-116.221422
Biological,2023-08-24,2023,8,Summer,83705,43.554774,-116.221422
Biological,2021-08-28,2021,8,Summer,83705,43.554774,-116.221422
Biological,2021-09-21,2021,9,Fall,83705,43.554774,-116.221422
Biological,2021-10-27,2021,10,Fall,83705,43.554774,-116.221422
Biological,2022-05-03,2022,5,Spring,83705,43.554774,-116.221422
Biological,2022-12-28,2022,12,Winter,83705,43.554774,-116.221422
Biological,2022-01-24,2022,1,Winter,83705,43.554774,-116.221422
Biological,2022-03-14,2022,3,Spring,83705,43.554774,-116.221422
Biological,2023-04-13,2023,4,Spring,83705,43.554774,-116.221422
Biological,2023-06-22,2023,6,Summer,83705,43.554774,-116.221422
Biological,2021-08-28,2021,8,Summer,83705,43.554774,-116.221422
Biological,2022-12-28,2022,12,Winter,83705,43.554774,-116.221422
Biological,2020-04-25,2020,4,Spring,83705,43.554774,-116.221422
Biological,2021-04-05,2021,4,Spring,83705,43.554774,-116.221422
Biological,2021-05-11,2021,5,Spring,83705,43.554774,-116.221422
Biological,2020-04-25,2020,4,Spring,83705,43.554774,-116.221422
Biological,2021-03-05,2021,3,Spring,83705,43.554774,-116.221422
Biological,2021-04-05,2021,4,Spring,83705,43.554774,-116.221422
Biological,2020-04-25,2020,4,Spring,83669,43.724752,-116.488562
Biological,2020-07-02,2020,7,Summer,83669,43.724752,-116.488562
Biological,2020-10-08,2020,10,Fall,83669,43.724752,-116.488562
Biological,2021-01-27,2021,1,Winter,83669,43.724752,-116.488562
Biological,2021-02-17,2021,2,Winter,83669,43.724752,-116.488562
Biological,2021-04-05,2021,4,Spring,83669,43.724752,-116.488562
Biological,2021-04-28,2021,4,Spring,83669,43.724752,-116.488562
Biological,2022-01-31,2022,1,Winter,83669,43.724752,-116.488562
Biological,2020-10-28,2020,10,Fall,83404,43.426779,-112.015502
Biological,2020-12-28,2020,12,Winter,83404,43.426779,-112.015502
Biological,2021-04-05,2021,4,Spring,83404,43.426779,-112.015502
Biological,2020-11-02,2020,11,Fall,83702,43.665484,-116.14435
Biological,2020-11-12,2020,11,Fall,83702,43.665484,-116.14435
Biological,2020-12-02,2020,12,Winter,83702,43.665484,-116.14435
Biological,2020-12-15,2020,12,Winter,83702,43.665484,-116.14435
Biological,2021-01-20,2021,1,Winter,83702,43.665484,-116.14435
Biological,2021-03-25,2021,3,Spring,83702,43.665484,-116.14435
Biological,2021-04-05,2021,4,Spring,83702,43.665484,-116.14435
Biological,2021-11-24,2021,11,Fall,83702,43.665484,-116.14435
Biological,2021-04-22,2021,4,Spring,83669,43.724752,-116.488562
Biological,2021-07-22,2021,7,Summer,83669,43.724752,-116.488562
Biological,2021-08-31,2021,8,Summer,83669,43.724752,-116.488562
Biological,2021-09-16,2021,9,Fall,83669,43.724752,-116.488562
Biological,2023-01-12,2023,1,Winter,83669,43.724752,-116.488562
Biological,2021-08-25,2021,8,Summer,83702,43.665484,-116.14435
Biological,2021-09-15,2021,9,Fall,83702,43.665484,-116.14435
Biological,2021-10-07,2021,10,Fall,83702,43.665484,-116.14435
Biological,2022-03-22,2022,3,Spring,83702,43.665484,-116.14435
Biological,2021-08-27,2021,8,Summer,99205,47.696825,-117.444879
Biological,2021-09-21,2021,9,Fall,99205,47.696825,-117.444879
Biological,2022-01-27,2022,1,Winter,99205,47.696825,-117.444879
Biological,2021-09-16,2021,9,Fall,99205,47.696825,-117.444879
Biological,2021-10-14,2021,10,Fall,99205,47.696825,-117.444879
Biological,2021-11-22,2021,11,Fall,99205,47.696825,-117.444879
Biological,2021-12-21,2021,12,Winter,99205,47.696825,-117.444879
Biological,2022-01-21,2022,1,Winter,99205,47.696825,-117.444879
Biological,2023-01-06,2023,1,Winter,99205,47.696825,-117.444879
Biological,2021-10-04,2021,10,Fall,83501,46.251696,-116.925017
Biological,2021-11-22,2021,11,Fall,83501,46.251696,-116.925017
Biological,2021-12-21,2021,12,Winter,83501,46.251696,-116.925017
Biological,2023-01-06,2023,1,Winter,83501,46.251696,-116.925017
Biological,2021-10-07,2021,10,Fall,83702,43.665484,-116.14435
Biological,2021-11-22,2021,11,Fall,83702,43.665484,-116.14435
Biological,2021-12-21,2021,12,Winter,83702,43.665484,-116.14435
Biological,2022-01-21,2022,1,Winter,83702,43.665484,-116.14435
Biological,2022-11-01,2022,11,Fall,83702,43.665484,-116.14435
Biological,2020-11-18,2020,11,Fall,82009,41.383479,-104.853477
Biological,2020-11-27,2020,11,Fall,82009,41.383479,-104.853477
Biological,2021-04-27,2021,4,Spring,82009,41.383479,-104.853477
Biological,2022-07-21,2022,7,Summer,82009,41.383479,-104.853477
Biological,2021-09-29,2021,9,Fall,82410,44.351803,-108.155391
Biological,2021-09-30,2021,9,Fall,82410,44.351803,-108.155391
Biological,2021-09-30,2021,9,Fall,82410,44.351803,-108.155391
Biological,2022-07-21,2022,7,Summer,82410,44.351803,-108.155391
Biological,2020-04-14,2020,4,Spring,82941,42.933762,-109.690898
Biological,2020-07-16,2020,7,Summer,82941,42.933762,-109.690898
Biological,2021-03-05,2021,3,Spring,82941,42.933762,-109.690898
Biological,2021-11-08,2021,11,Fall,82941,42.933762,-109.690898
Biological,2021-09-13,2021,9,Fall,82001,41.100082,-104.924884
Biological,2021-10-12,2021,10,Fall,82001,41.100082,-104.924884
Biological,2021-11-04,2021,11,Fall,82001,41.100082,-104.924884
Biological,2021-12-07,2021,12,Winter,82001,41.100082,-104.924884
Biological,2022-01-10,2022,1,Winter,82001,41.100082,-104.924884
Biological,2022-02-10,2022,2,Winter,82001,41.100082,-104.924884
Biological,2023-02-13,2023,2,Winter,82001,41.100082,-104.924884
Severe Storm,2020-04-24,2020,4,Spring,39046,32.629563,-89.993488
Severe Storm,2020-05-18,2020,5,Spring,39046,32.629563,-89.993488
Severe Storm,2020-06-15,2020,6,Summer,39046,32.629563,-89.993488
Severe Storm,2020-10-02,2020,10,Fall,39046,32.629563,-89.993488
Severe Storm,2020-09-09,2020,9,Fall,39046,32.629563,-89.993488
Severe Storm,2021-02-18,2021,2,Winter,39046,32.629563,-89.993488
Severe Storm,2021-06-23,2021,6,Summer,39046,32.629563,-89.993488
Severe Storm,2022-01-20,2022,1,Winter,39046,32.629563,-89.993488
Dam/Levee Break,2020-07-10,2020,7,Summer,60605,41.867566,-87.617228
Dam/Levee Break,2020-10-07,2020,10,Fall,60605,41.867566,-87.617228
Severe Storm,2020-09-15,2020,9,Fall,50315,41.545367,-93.619184
Severe Storm,2021-06-10,2021,6,Summer,50315,41.545367,-93.619184
Severe Storm,2021-11-17,2021,11,Fall,50315,41.545367,-93.619184
Severe Storm,2022-04-19,2022,4,Spring,50315,41.545367,-93.619184
Severe Storm,2022-05-10,2022,5,Spring,50315,41.545367,-93.619184
Severe Storm,2020-08-19,2020,8,Summer,64131,38.959809,-94.571951
Severe Storm,2020-08-24,2020,8,Summer,64131,38.959809,-94.571951
Severe Storm,2020-08-28,2020,8,Summer,64131,38.959809,-94.571951
Severe Storm,2021-02-18,2021,2,Winter,64131,38.959809,-94.571951
Severe Storm,2020-08-29,2020,8,Summer,52404,41.923046,-91.688501
Severe Storm,2021-02-18,2021,2,Winter,52404,41.923046,-91.688501
Severe Storm,2020-08-19,2020,8,Summer,64131,38.959809,-94.571951
Severe Storm,2021-08-12,2021,8,Summer,64131,38.959809,-94.571951
Severe Storm,2021-11-17,2021,11,Fall,64131,38.959809,-94.571951
Severe Storm,2020-08-18,2020,8,Summer,64131,38.959809,-94.571951
Severe Storm,2020-11-04,2020,11,Fall,64131,38.959809,-94.571951
Severe Storm,2021-02-18,2021,2,Winter,64131,38.959809,-94.571951
Severe Storm,2022-12-14,2022,12,Winter,64131,38.959809,-94.571951
Severe Storm,2020-08-19,2020,8,Summer,64131,38.959809,-94.571951
Severe Storm,2020-09-02,2020,9,Fall,64131,38.959809,-94.571951
Severe Storm,2021-02-18,2021,2,Winter,64131,38.959809,-94.571951
Fire,2020-08-23,2020,8,Summer,95655,38.549228,-121.278598
Fire,2020-12-15,2020,12,Winter,95655,38.549228,-121.278598
Fire,2021-03-08,2021,3,Spring,95655,38.549228,-121.278598
Fire,2020-08-23,2020,8,Summer,95655,38.549228,-121.278598
Fire,2020-08-29,2020,8,Summer,95655,38.549228,-121.278598
Fire,2021-01-27,2021,1,Winter,95655,38.549228,-121.278598
Fire,2021-07-15,2021,7,Summer,95655,38.549228,-121.278598
Fire,2020-08-23,2020,8,Summer,95655,38.549228,-121.278598
Fire,2020-09-17,2020,9,Fall,95655,38.549228,-121.278598
Fire,2020-10-27,2020,10,Fall,95655,38.549228,-121.278598
Fire,2020-12-21,2020,12,Winter,95655,38.549228,-121.278598
Fire,2021-02-05,2021,2,Winter,95655,38.549228,-121.278598
Fire,2021-04-27,2021,4,Spring,95655,38.549228,-121.278598
Fire,2021-05-25,2021,5,Spring,95655,38.549228,-121.278598
Fire,2021-07-30,2021,7,Summer,95655,38.549228,-121.278598
Fire,2021-08-30,2021,8,Summer,95655,38.549228,-121.278598
Fire,2022-07-21,2022,7,Summer,95655,38.549228,-121.278598
Fire,2020-10-16,2020,10,Fall,95670,38.604268,-121.280327
Fire,2021-01-22,2021,1,Winter,95670,38.604268,-121.280327
Fire,2021-02-22,2021,2,Winter,95670,38.604268,-121.280327
Fire,2021-05-25,2021,5,Spring,95670,38.604268,-121.280327
Fire,2021-06-25,2021,6,Summer,95670,38.604268,-121.280327
Fire,2021-07-30,2021,7,Summer,95670,38.604268,-121.280327
Fire,2021-08-30,2021,8,Summer,95670,38.604268,-121.280327
Fire,2021-12-21,2021,12,Winter,95670,38.604268,-121.280327
Fire,2022-02-07,2022,2,Winter,95670,38.604268,-121.280327
Fire,2022-05-03,2022,5,Spring,95670,38.604268,-121.280327
Fire,2022-05-05,2022,5,Spring,95670,38.604268,-121.280327
Fire,2020-08-25,2020,8,Summer,95827,38.54836,-121.327497
Fire,2020-08-27,2020,8,Summer,95827,38.54836,-121.327497
Fire,2020-09-05,2020,9,Fall,95827,38.54836,-121.327497
Fire,2020-09-17,2020,9,Fall,95827,38.54836,-121.327497
Fire,2020-10-05,2020,10,Fall,95827,38.54836,-121.327497
Fire,2020-11-30,2020,11,Fall,95827,38.54836,-121.327497
Fire,2020-12-04,2020,12,Winter,95827,38.54836,-121.327497
Fire,2021-09-24,2021,9,Fall,95827,38.54836,-121.327497
Fire,2022-11-09,2022,11,Fall,95827,38.54836,-121.327497
Fire,2023-05-16,2023,5,Spring,95827,38.54836,-121.327497
Fire,2020-08-23,2020,8,Summer,95655,38.549228,-121.278598
Fire,2020-09-16,2020,9,Fall,95655,38.549228,-121.278598
Fire,2020-10-21,2020,10,Fall,95655,38.549228,-121.278598
Fire,2022-03-21,2022,3,Spring,95655,38.549228,-121.278598
Fire,2020-08-23,2020,8,Summer,95655,38.549228,-121.278598
Fire,2020-08-25,2020,8,Summer,95655,38.549228,-121.278598
Fire,2020-09-17,2020,9,Fall,95655,38.549228,-121.278598
Fire,2021-07-26,2021,7,Summer,95655,38.549228,-121.278598
Fire,2020-08-23,2020,8,Summer,95655,38.549228,-121.278598
Fire,2021-08-03,2021,8,Summer,95655,38.549228,-121.278598
Fire,2020-08-23,2020,8,Summer,95655,38.549228,-121.278598
Fire,2020-09-04,2020,9,Fall,95655,38.549228,-121.278598
Fire,2021-05-25,2021,5,Spring,95655,38.549228,-121.278598
Fire,2020-08-23,2020,8,Summer,95655,38.549228,-121.278598
Fire,2020-08-25,2020,8,Summer,95655,38.549228,-121.278598
Fire,2020-09-17,2020,9,Fall,95655,38.549228,-121.278598
Fire,2020-10-17,2020,10,Fall,95655,38.549228,-121.278598
Fire,2021-03-09,2021,3,Spring,95655,38.549228,-121.278598
Fire,2021-11-12,2021,11,Fall,95655,38.549228,-121.278598
Fire,2023-02-16,2023,2,Winter,95655,38.549228,-121.278598
Fire,2020-09-08,2020,9,Fall,93908,36.626044,-121.602121
Fire,2020-10-09,2020,10,Fall,93908,36.626044,-121.602121
Fire,2020-10-17,2020,10,Fall,93908,36.626044,-121.602121
Fire,2020-10-20,2020,10,Fall,93908,36.626044,-121.602121
Fire,2020-11-19,2020,11,Fall,93908,36.626044,-121.602121
Fire,2020-12-18,2020,12,Winter,93908,36.626044,-121.602121
Fire,2021-01-21,2021,1,Winter,93908,36.626044,-121.602121
Fire,2021-03-09,2021,3,Spring,93908,36.626044,-121.602121
Fire,2021-11-12,2021,11,Fall,93908,36.626044,-121.602121
Fire,2022-04-12,2022,4,Spring,93908,36.626044,-121.602121
Fire,2022-05-03,2022,5,Spring,93908,36.626044,-121.602121
Fire,2022-08-03,2022,8,Summer,93908,36.626044,-121.602121
Fire,2023-02-16,2023,2,Winter,93908,36.626044,-121.602121
Fire,2023-07-12,2023,7,Summer,93908,36.626044,-121.602121
Fire,2020-08-23,2020,8,Summer,95655,38.549228,-121.278598
Fire,2020-08-25,2020,8,Summer,95655,38.549228,-121.278598
Fire,2020-09-16,2020,9,Fall,95655,38.549228,-121.278598
Fire,2020-10-29,2020,10,Fall,95655,38.549228,-121.278598
Fire,2021-02-11,2021,2,Winter,95655,38.549228,-121.278598
Fire,2022-04-21,2022,4,Spring,95655,38.549228,-121.278598
Fire,2022-07-22,2022,7,Summer,95655,38.549228,-121.278598
Fire,2022-09-23,2022,9,Fall,95655,38.549228,-121.278598
Fire,2020-08-23,2020,8,Summer,95655,38.549228,-121.278598
Fire,2020-11-09,2020,11,Fall,95655,38.549228,-121.278598
Fire,2021-05-01,2021,5,Spring,95568,41.484857,-123.491487
Fire,2021-06-27,2021,6,Summer,95568,41.484857,-123.491487
Fire,2021-07-01,2021,7,Summer,95568,41.484857,-123.491487
Fire,2021-09-03,2021,9,Fall,95568,41.484857,-123.491487
Fire,2021-10-29,2021,10,Fall,95568,41.484857,-123.491487
Fire,2022-04-05,2022,4,Spring,95568,41.484857,-123.491487
Fire,2020-08-24,2020,8,Summer,95655,38.549228,-121.278598
Fire,2020-09-09,2020,9,Fall,95655,38.549228,-121.278598
Fire,2020-08-23,2020,8,Summer,95655,38.549228,-121.278598
Fire,2020-08-26,2020,8,Summer,95655,38.549228,-121.278598
Fire,2020-09-17,2020,9,Fall,95655,38.549228,-121.278598
Fire,2020-10-30,2020,10,Fall,95655,38.549228,-121.278598
Fire,2021-02-11,2021,2,Winter,95655,38.549228,-121.278598
Fire,2020-09-27,2020,9,Fall,95555,41.302551,-123.977637
Fire,2021-06-03,2021,6,Summer,95555,41.302551,-123.977637
Fire,2021-06-30,2021,6,Summer,95555,41.302551,-123.977637
Fire,2022-04-12,2022,4,Spring,95555,41.302551,-123.977637
Fire,2020-08-23,2020,8,Summer,95655,38.549228,-121.278598
Fire,2021-02-11,2021,2,Winter,95655,38.549228,-121.278598
Fire,2021-09-09,2021,9,Fall,95655,38.549228,-121.278598
Fire,2021-11-12,2021,11,Fall,95655,38.549228,-121.278598
Fire,2020-08-23,2020,8,Summer,95655,38.549228,-121.278598
Fire,2020-09-01,2020,9,Fall,95655,38.549228,-121.278598
Fire,2020-09-17,2020,9,Fall,95655,38.549228,-121.278598
Fire,2020-09-29,2020,9,Fall,95655,38.549228,-121.278598
Fire,2020-10-29,2020,10,Fall,95655,38.549228,-121.278598
Fire,2021-05-25,2021,5,Spring,95655,38.549228,-121.278598
Fire,2020-08-23,2020,8,Summer,95655,38.549228,-121.278598
Fire,2020-08-24,2020,8,Summer,95655,38.549228,-121.278598
Hurricane,2020-08-30,2020,8,Summer,70806,30.448797,-91.124704
Hurricane,2020-09-26,2020,9,Fall,70806,30.448797,-91.124704
Hurricane,2020-08-30,2020,8,Summer,76209,33.2315,-97.109986
Hurricane,2020-09-10,2020,9,Fall,76209,33.2315,-97.109986
Hurricane,2021-12-06,2021,12,Winter,76209,33.2315,-97.109986
Hurricane,2020-09-08,2020,9,Fall,76209,33.2315,-97.109986
Hurricane,2020-12-15,2020,12,Winter,76209,33.2315,-97.109986
Hurricane,2020-10-28,2020,10,Fall,70802,30.445471,-91.17527
Hurricane,2020-12-24,2020,12,Winter,70802,30.445471,-91.17527
Hurricane,2021-02-02,2021,2,Winter,70802,30.445471,-91.17527
Hurricane,2021-03-31,2021,3,Spring,70802,30.445471,-91.17527
Hurricane,2021-05-12,2021,5,Spring,70802,30.445471,-91.17527
Hurricane,2021-06-17,2021,6,Summer,70802,30.445471,-91.17527
Hurricane,2020-10-09,2020,10,Fall,70601,30.226792,-93.215443
Hurricane,2020-10-13,2020,10,Fall,70601,30.226792,-93.215443
Hurricane,2020-10-23,2020,10,Fall,70601,30.226792,-93.215443
Hurricane,2021-03-19,2021,3,Spring,70601,30.226792,-93.215443
Hurricane,2021-05-03,2021,5,Spring,70601,30.226792,-93.215443
Hurricane,2021-11-08,2021,11,Fall,70601,30.226792,-93.215443
Hurricane,2022-05-05,2022,5,Spring,70601,30.226792,-93.215443
Hurricane,2020-08-29,2020,8,Summer,70802,30.445471,-91.17527
Hurricane,2020-09-03,2020,9,Fall,70802,30.445471,-91.17527
Hurricane,2020-09-10,2020,9,Fall,70802,30.445471,-91.17527
Hurricane,2021-03-23,2021,3,Spring,70802,30.445471,-91.17527
Hurricane,2020-08-30,2020,8,Summer,70802,30.445471,-91.17527
Hurricane,2021-02-08,2021,2,Winter,70802,30.445471,-91.17527
Hurricane,2021-08-11,2021,8,Summer,70802,30.445471,-91.17527
Hurricane,2021-11-03,2021,11,Fall,70802,30.445471,-91.17527
Hurricane,2020-08-30,2020,8,Summer,76209,33.2315,-97.109986
Hurricane,2020-09-04,2020,9,Fall,76209,33.2315,-97.109986
Hurricane,2020-09-13,2020,9,Fall,76209,33.2315,-97.109986
Hurricane,2020-10-08,2020,10,Fall,70802,30.445471,-91.17527
Hurricane,2020-11-17,2020,11,Fall,70802,30.445471,-91.17527
Hurricane,2021-01-19,2021,1,Winter,70802,30.445471,-91.17527
Hurricane,2021-02-11,2021,2,Winter,70802,30.445471,-91.17527
Hurricane,2021-04-02,2021,4,Spring,70802,30.445471,-91.17527
Hurricane,2021-11-03,2021,11,Fall,70802,30.445471,-91.17527
Hurricane,2021-11-08,2021,11,Fall,70802,30.445471,-91.17527
Hurricane,2020-08-30,2020,8,Summer,70802,30.445471,-91.17527
Hurricane,2021-03-22,2021,3,Spring,70802,30.445471,-91.17527
Hurricane,2020-08-30,2020,8,Summer,70802,30.445471,-91.17527
Hurricane,2021-03-22,2021,3,Spring,70802,30.445471,-91.17527
Hurricane,2020-08-30,2020,8,Summer,70802,30.445471,-91.17527
Hurricane,2020-09-03,2020,9,Fall,70802,30.445471,-91.17527
Hurricane,2020-09-16,2020,9,Fall,70802,30.445471,-91.17527
Hurricane,2020-10-06,2020,10,Fall,70802,30.445471,-91.17527
Hurricane,2020-11-05,2020,11,Fall,70802,30.445471,-91.17527
Hurricane,2020-12-16,2020,12,Winter,70802,30.445471,-91.17527
Hurricane,2021-01-27,2021,1,Winter,70802,30.445471,-91.17527
Hurricane,2021-08-24,2021,8,Summer,70802,30.445471,-91.17527
Hurricane,2020-08-30,2020,8,Summer,70806,30.448797,-91.124704
Hurricane,2020-09-09,2020,9,Fall,70806,30.448797,-91.124704
Hurricane,2020-09-28,2020,9,Fall,70802,30.445471,-91.17527
Hurricane,2021-02-08,2021,2,Winter,70802,30.445471,-91.17527
Hurricane,2021-03-19,2021,3,Spring,70802,30.445471,-91.17527
Hurricane,2021-08-24,2021,8,Summer,70802,30.445471,-91.17527
Hurricane,2020-08-31,2020,8,Summer,70802,30.445471,-91.17527
Hurricane,2020-09-16,2020,9,Fall,70806,30.448797,-91.124704
Hurricane,2020-09-21,2020,9,Fall,70806,30.448797,-91.124704
Hurricane,2020-10-29,2020,10,Fall,70806,30.448797,-91.124704
Hurricane,2021-03-19,2021,3,Spring,70806,30.448797,-91.124704
Hurricane,2021-05-03,2021,5,Spring,70806,30.448797,-91.124704
Hurricane,2021-05-17,2021,5,Spring,70806,30.448797,-91.124704
Hurricane,2021-09-07,2021,9,Fall,70806,30.448797,-91.124704
Hurricane,2022-05-11,2022,5,Spring,70806,30.448797,-91.124704
Hurricane,2020-09-02,2020,9,Fall,70802,30.445471,-91.17527
Hurricane,2020-09-04,2020,9,Fall,70802,30.445471,-91.17527
Hurricane,2020-09-06,2020,9,Fall,70802,30.445471,-91.17527
Hurricane,2021-06-09,2021,6,Summer,70802,30.445471,-91.17527
Hurricane,2020-09-02,2020,9,Fall,70806,30.448797,-91.124704
Hurricane,2021-03-19,2021,3,Spring,70806,30.448797,-91.124704
Hurricane,2021-03-22,2021,3,Spring,70806,30.448797,-91.124704
Hurricane,2020-09-04,2020,9,Fall,70802,30.445471,-91.17527
Hurricane,2021-03-22,2021,3,Spring,70802,30.445471,-91.17527
Hurricane,2020-09-09,2020,9,Fall,70802,30.445471,-91.17527
Hurricane,2020-10-06,2020,10,Fall,70802,30.445471,-91.17527
Hurricane,2020-10-29,2020,10,Fall,70802,30.445471,-91.17527
Hurricane,2020-12-02,2020,12,Winter,70802,30.445471,-91.17527
Hurricane,2021-02-01,2021,2,Winter,70802,30.445471,-91.17527
Hurricane,2021-03-08,2021,3,Spring,70802,30.445471,-91.17527
Hurricane,2021-03-30,2021,3,Spring,70802,30.445471,-91.17527
Hurricane,2021-04-29,2021,4,Spring,70802,30.445471,-91.17527
Hurricane,2021-05-28,2021,5,Spring,70802,30.445471,-91.17527
Hurricane,2021-07-26,2021,7,Summer,70802,30.445471,-91.17527
Hurricane,2021-11-03,2021,11,Fall,70802,30.445471,-91.17527
Hurricane,2022-02-10,2022,2,Winter,70802,30.445471,-91.17527
Hurricane,2022-05-11,2022,5,Spring,70802,30.445471,-91.17527
Hurricane,2022-06-21,2022,6,Summer,70802,30.445471,-91.17527
Hurricane,2022-11-07,2022,11,Fall,70802,30.445471,-91.17527
Hurricane,2020-10-15,2020,10,Fall,70802,30.445471,-91.17527
Hurricane,2021-06-09,2021,6,Summer,70802,30.445471,-91.17527
Hurricane,2022-02-10,2022,2,Winter,70802,30.445471,-91.17527
Hurricane,2020-11-06,2020,11,Fall,70802,30.445471,-91.17527
Hurricane,2021-01-04,2021,1,Winter,70802,30.445471,-91.17527
Hurricane,2021-02-23,2021,2,Winter,70802,30.445471,-91.17527
Hurricane,2021-03-30,2021,3,Spring,70802,30.445471,-91.17527
Hurricane,2021-04-23,2021,4,Spring,70802,30.445471,-91.17527
Hurricane,2021-08-24,2021,8,Summer,70802,30.445471,-91.17527
Hurricane,2021-09-21,2021,9,Fall,70802,30.445471,-91.17527
Hurricane,2021-11-03,2021,11,Fall,70802,30.445471,-91.17527
Hurricane,2021-12-20,2021,12,Winter,70802,30.445471,-91.17527
Hurricane,2020-09-01,2020,9,Fall,70802,30.445471,-91.17527
Hurricane,2020-09-14,2020,9,Fall,70802,30.445471,-91.17527
Hurricane,2020-10-16,2020,10,Fall,70802,30.445471,-91.17527
Hurricane,2020-11-29,2020,11,Fall,70802,30.445471,-91.17527
Hurricane,2021-03-25,2021,3,Spring,70802,30.445471,-91.17527
Hurricane,2021-12-23,2021,12,Winter,70802,30.445471,-91.17527
Hurricane,2023-02-21,2023,2,Winter,70802,30.445471,-91.17527
Hurricane,2020-08-31,2020,8,Summer,70802,30.445471,-91.17527
Hurricane,2020-09-18,2020,9,Fall,70802,30.445471,-91.17527
Hurricane,2020-10-30,2020,10,Fall,70802,30.445471,-91.17527
Hurricane,2020-12-17,2020,12,Winter,70802,30.445471,-91.17527
Hurricane,2021-01-16,2021,1,Winter,70802,30.445471,-91.17527
Hurricane,2021-02-05,2021,2,Winter,70802,30.445471,-91.17527
Hurricane,2023-03-13,2023,3,Spring,70802,30.445471,-91.17527
Hurricane,2020-10-20,2020,10,Fall,70802,30.445471,-91.17527
Hurricane,2020-12-24,2020,12,Winter,70802,30.445471,-91.17527
Hurricane,2021-02-02,2021,2,Winter,70802,30.445471,-91.17527
Hurricane,2021-03-31,2021,3,Spring,70802,30.445471,-91.17527
Hurricane,2021-04-02,2021,4,Spring,70802,30.445471,-91.17527
Hurricane,2021-05-12,2021,5,Spring,70802,30.445471,-91.17527
Hurricane,2021-06-04,2021,6,Summer,70802,30.445471,-91.17527
Hurricane,2021-08-09,2021,8,Summer,70802,30.445471,-91.17527
Hurricane,2022-11-29,2022,11,Fall,70802,30.445471,-91.17527
Hurricane,2020-09-01,2020,9,Fall,76544,31.330254,-97.689632
Hurricane,2021-01-21,2021,1,Winter,76544,31.330254,-97.689632
Hurricane,2021-03-19,2021,3,Spring,76544,31.330254,-97.689632
Hurricane,2020-09-05,2020,9,Fall,36701,32.496332,-87.057391
Hurricane,2021-02-01,2021,2,Winter,36701,32.496332,-87.057391
Hurricane,2021-02-16,2021,2,Winter,36701,32.496332,-87.057391
Hurricane,2021-03-19,2021,3,Spring,36701,32.496332,-87.057391
Hurricane,2020-10-14,2020,10,Fall,70501,30.239007,-91.991284
Hurricane,2020-11-13,2020,11,Fall,70501,30.239007,-91.991284
Hurricane,2021-03-19,2021,3,Spring,70501,30.239007,-91.991284
Hurricane,2021-09-17,2021,9,Fall,70501,30.239007,-91.991284
Hurricane,2020-11-02,2020,11,Fall,70802,30.445471,-91.17527
Hurricane,2020-12-24,2020,12,Winter,70802,30.445471,-91.17527
Hurricane,2021-01-02,2021,1,Winter,70802,30.445471,-91.17527
Hurricane,2021-02-02,2021,2,Winter,70802,30.445471,-91.17527
Hurricane,2021-08-05,2021,8,Summer,70802,30.445471,-91.17527
Hurricane,2021-11-04,2021,11,Fall,70802,30.445471,-91.17527
Hurricane,2020-08-29,2020,8,Summer,76209,33.2315,-97.109986
Hurricane,2021-06-03,2021,6,Summer,76209,33.2315,-97.109986
Hurricane,2020-08-31,2020,8,Summer,71446,31.157403,-93.173885
Hurricane,2021-02-18,2021,2,Winter,71446,31.157403,-93.173885
Hurricane,2021-03-19,2021,3,Spring,71446,31.157403,-93.173885
Hurricane,2020-08-30,2020,8,Summer,76209,33.2315,-97.109986
Hurricane,2020-09-09,2020,9,Fall,76209,33.2315,-97.109986
Hurricane,2020-09-21,2020,9,Fall,70802,30.445471,-91.17527
Hurricane,2021-08-05,2021,8,Summer,70802,30.445471,-91.17527
Hurricane,2023-08-01,2023,8,Summer,70802,30.445471,-91.17527
Hurricane,2020-10-27,2020,10,Fall,70802,30.445471,-91.17527
Hurricane,2020-12-24,2020,12,Winter,70802,30.445471,-91.17527
Hurricane,2020-12-31,2020,12,Winter,70802,30.445471,-91.17527
Hurricane,2021-02-03,2021,2,Winter,70802,30.445471,-91.17527
Hurricane,2021-03-31,2021,3,Spring,70802,30.445471,-91.17527
Hurricane,2021-06-04,2021,6,Summer,70802,30.445471,-91.17527
Hurricane,2022-11-29,2022,11,Fall,70802,30.445471,-91.17527
Hurricane,2020-08-29,2020,8,Summer,76209,33.2315,-97.109986
Hurricane,2021-08-05,2021,8,Summer,76209,33.2315,-97.109986
Hurricane,2020-08-31,2020,8,Summer,76209,33.2315,-97.109986
Hurricane,2021-05-04,2021,5,Spring,76209,33.2315,-97.109986
Hurricane,2020-08-30,2020,8,Summer,76209,33.2315,-97.109986
Hurricane,2020-09-01,2020,9,Fall,76209,33.2315,-97.109986
Hurricane,2021-08-05,2021,8,Summer,76209,33.2315,-97.109986
Hurricane,2020-09-01,2020,9,Fall,70802,30.445471,-91.17527
Hurricane,2021-08-06,2021,8,Summer,70802,30.445471,-91.17527
Hurricane,2020-09-10,2020,9,Fall,70601,30.226792,-93.215443
Hurricane,2020-09-16,2020,9,Fall,70601,30.226792,-93.215443
Hurricane,2021-03-12,2021,3,Spring,70601,30.226792,-93.215443
Hurricane,2021-03-19,2021,3,Spring,70601,30.226792,-93.215443
Hurricane,2021-04-07,2021,4,Spring,70601,30.226792,-93.215443
Hurricane,2020-11-10,2020,11,Fall,70802,30.445471,-91.17527
Hurricane,2020-12-24,2020,12,Winter,70802,30.445471,-91.17527
Hurricane,2021-02-02,2021,2,Winter,70802,30.445471,-91.17527
Hurricane,2021-03-31,2021,3,Spring,70802,30.445471,-91.17527
Hurricane,2021-05-07,2021,5,Spring,70802,30.445471,-91.17527
Hurricane,2021-06-04,2021,6,Summer,70802,30.445471,-91.17527
Hurricane,2021-11-04,2021,11,Fall,70802,30.445471,-91.17527
Hurricane,2020-08-29,2020,8,Summer,70802,30.445471,-91.17527
Hurricane,2021-02-08,2021,2,Winter,70802,30.445471,-91.17527
Hurricane,2021-12-06,2021,12,Winter,70802,30.445471,-91.17527
Hurricane,2020-09-02,2020,9,Fall,70806,30.448797,-91.124704
Hurricane,2021-02-08,2021,2,Winter,70806,30.448797,-91.124704
Hurricane,2021-08-18,2021,8,Summer,70806,30.448797,-91.124704
Hurricane,2020-08-29,2020,8,Summer,76209,33.2315,-97.109986
Hurricane,2020-09-23,2020,9,Fall,76209,33.2315,-97.109986
Hurricane,2021-06-24,2021,6,Summer,76209,33.2315,-97.109986
Hurricane,2021-09-22,2021,9,Fall,76209,33.2315,-97.109986
Hurricane,2022-01-12,2022,1,Winter,76209,33.2315,-97.109986
Hurricane,2022-12-20,2022,12,Winter,76209,33.2315,-97.109986
Hurricane,2023-04-20,2023,4,Spring,76209,33.2315,-97.109986
Hurricane,2023-06-16,2023,6,Summer,76209,33.2315,-97.109986
Hurricane,2023-08-01,2023,8,Summer,76209,33.2315,-97.109986
Hurricane,2023-09-19,2023,9,Fall,76209,33.2315,-97.109986
Hurricane,2020-08-30,2020,8,Summer,70806,30.448797,-91.124704
Hurricane,2020-09-02,2020,9,Fall,70806,30.448797,-91.124704
Hurricane,2020-09-12,2020,9,Fall,70806,30.448797,-91.124704
Hurricane,2020-10-26,2020,10,Fall,70806,30.448797,-91.124704
Hurricane,2021-03-19,2021,3,Spring,70806,30.448797,-91.124704
Hurricane,2022-06-27,2022,6,Summer,70806,30.448797,-91.124704
Hurricane,2020-08-30,2020,8,Summer,76209,33.2315,-97.109986
Hurricane,2020-11-14,2020,11,Fall,76209,33.2315,-97.109986
Hurricane,2020-10-16,2020,10,Fall,70802,30.445471,-91.17527
Hurricane,2021-04-21,2021,4,Spring,70802,30.445471,-91.17527
Hurricane,2020-09-17,2020,9,Fall,70806,30.448797,-91.124704
Hurricane,2020-11-14,2020,11,Fall,70806,30.448797,-91.124704
Hurricane,2021-03-19,2021,3,Spring,70806,30.448797,-91.124704
Hurricane,2020-10-20,2020,10,Fall,70802,30.445471,-91.17527
Hurricane,2020-12-24,2020,12,Winter,70802,30.445471,-91.17527
Hurricane,2021-02-03,2021,2,Winter,70802,30.445471,-91.17527
Hurricane,2021-04-21,2021,4,Spring,70802,30.445471,-91.17527
Hurricane,2021-04-29,2021,4,Spring,70802,30.445471,-91.17527
Hurricane,2021-05-26,2021,5,Spring,70802,30.445471,-91.17527
Hurricane,2021-06-04,2021,6,Summer,70802,30.445471,-91.17527
Hurricane,2021-08-06,2021,8,Summer,70802,30.445471,-91.17527
Hurricane,2023-07-12,2023,7,Summer,70802,30.445471,-91.17527
Hurricane,2020-10-09,2020,10,Fall,70806,30.448797,-91.124704
Hurricane,2020-10-27,2020,10,Fall,70806,30.448797,-91.124704
Hurricane,2020-11-06,2020,11,Fall,70806,30.448797,-91.124704
Hurricane,2021-03-19,2021,3,Spring,70806,30.448797,-91.124704
Hurricane,2021-04-29,2021,4,Spring,70806,30.448797,-91.124704
Hurricane,2020-10-15,2020,10,Fall,70802,30.445471,-91.17527
Hurricane,2020-12-12,2020,12,Winter,70802,30.445471,-91.17527
Hurricane,2021-05-13,2021,5,Spring,70802,30.445471,-91.17527
Hurricane,2020-08-30,2020,8,Summer,76208,33.208706,-97.05541
Hurricane,2021-07-20,2021,7,Summer,76208,33.208706,-97.05541
Hurricane,2020-09-06,2020,9,Fall,70802,30.445471,-91.17527
Hurricane,2021-02-08,2021,2,Winter,70802,30.445471,-91.17527
Hurricane,2021-02-24,2021,2,Winter,70802,30.445471,-91.17527
Hurricane,2021-05-04,2021,5,Spring,70802,30.445471,-91.17527
Hurricane,2020-08-29,2020,8,Summer,76209,33.2315,-97.109986
Hurricane,2020-09-04,2020,9,Fall,70806,30.448797,-91.124704
Hurricane,2021-02-08,2021,2,Winter,70806,30.448797,-91.124704
Hurricane,2020-09-15,2020,9,Fall,70806,30.448797,-91.124704
Hurricane,2020-10-07,2020,10,Fall,70806,30.448797,-91.124704
Hurricane,2020-11-10,2020,11,Fall,70806,30.448797,-91.124704
Hurricane,2021-02-12,2021,2,Winter,70806,30.448797,-91.124704
Hurricane,2021-03-04,2021,3,Spring,70806,30.448797,-91.124704
Hurricane,2021-03-19,2021,3,Spring,70806,30.448797,-91.124704
Hurricane,2021-08-11,2021,8,Summer,70806,30.448797,-91.124704
Hurricane,2022-02-09,2022,2,Winter,70806,30.448797,-91.124704
Hurricane,2020-08-29,2020,8,Summer,76209,33.2315,-97.109986
Hurricane,2021-05-04,2021,5,Spring,76209,33.2315,-97.109986
Hurricane,2020-10-27,2020,10,Fall,70802,30.445471,-91.17527
Hurricane,2020-12-24,2020,12,Winter,70802,30.445471,-91.17527
Hurricane,2021-02-02,2021,2,Winter,70802,30.445471,-91.17527
Hurricane,2021-03-09,2021,3,Spring,70802,30.445471,-91.17527
Hurricane,2022-02-09,2022,2,Winter,70802,30.445471,-91.17527
Hurricane,2020-11-10,2020,11,Fall,70802,30.445471,-91.17527
Hurricane,2020-12-24,2020,12,Winter,70802,30.445471,-91.17527
Hurricane,2021-03-09,2021,3,Spring,70802,30.445471,-91.17527
Hurricane,2020-08-30,2020,8,Summer,76209,33.2315,-97.109986
Hurricane,2021-05-04,2021,5,Spring,76209,33.2315,-97.109986
Hurricane,2020-08-30,2020,8,Summer,70810,30.345423,-91.094293
Hurricane,2020-08-31,2020,8,Summer,70810,30.345423,-91.094293
Hurricane,2021-02-08,2021,2,Winter,70810,30.345423,-91.094293
Hurricane,2021-08-11,2021,8,Summer,70810,30.345423,-91.094293
Hurricane,2023-02-21,2023,2,Winter,70810,30.345423,-91.094293
Hurricane,2023-07-20,2023,7,Summer,70810,30.345423,-91.094293
Hurricane,2020-08-30,2020,8,Summer,76209,33.2315,-97.109986
Hurricane,2021-02-08,2021,2,Winter,76209,33.2315,-97.109986
Hurricane,2020-09-03,2020,9,Fall,70605,30.129276,-93.273527
Hurricane,2020-09-16,2020,9,Fall,70605,30.129276,-93.273527
Fire,2020-09-16,2020,9,Fall,97301,44.951839,-123.006246
Fire,2021-01-26,2021,1,Winter,97301,44.951839,-123.006246
Fire,2020-09-16,2020,9,Fall,97301,44.951839,-123.006246
Fire,2021-06-21,2021,6,Summer,97301,44.951839,-123.006246
Fire,2020-09-16,2020,9,Fall,97301,44.951839,-123.006246
Fire,2021-01-27,2021,1,Winter,97301,44.951839,-123.006246
Fire,2022-05-24,2022,5,Spring,97301,44.951839,-123.006246
Fire,2020-09-16,2020,9,Fall,97301,44.951839,-123.006246
Fire,2020-09-18,2020,9,Fall,97301,44.951839,-123.006246
Fire,2020-09-18,2020,9,Fall,97301,44.951839,-123.006246
Fire,2020-09-21,2020,9,Fall,97301,44.951839,-123.006246
Fire,2020-09-23,2020,9,Fall,97301,44.951839,-123.006246
Fire,2020-10-06,2020,10,Fall,97301,44.951839,-123.006246
Fire,2020-11-11,2020,11,Fall,97301,44.951839,-123.006246
Fire,2020-11-18,2020,11,Fall,97301,44.951839,-123.006246
Fire,2020-12-15,2020,12,Winter,97301,44.951839,-123.006246
Fire,2021-01-12,2021,1,Winter,97301,44.951839,-123.006246
Fire,2021-02-02,2021,2,Winter,97301,44.951839,-123.006246
Fire,2021-04-05,2021,4,Spring,97301,44.951839,-123.006246
Fire,2021-06-02,2021,6,Summer,97301,44.951839,-123.006246
Fire,2021-08-30,2021,8,Summer,97301,44.951839,-123.006246
Fire,2020-10-02,2020,10,Fall,97301,44.951839,-123.006246
Fire,2020-10-08,2020,10,Fall,97301,44.951839,-123.006246
Fire,2020-10-31,2020,10,Fall,97303,45.030354,-123.023689
Fire,2020-11-03,2020,11,Fall,97303,45.030354,-123.023689
Fire,2020-11-23,2020,11,Fall,97303,45.030354,-123.023689
Fire,2021-01-12,2021,1,Winter,97303,45.030354,-123.023689
Fire,2021-02-02,2021,2,Winter,97303,45.030354,-123.023689
Fire,2021-04-05,2021,4,Spring,97303,45.030354,-123.023689
Fire,2021-06-08,2021,6,Summer,97303,45.030354,-123.023689
Fire,2021-08-23,2021,8,Summer,97303,45.030354,-123.023689
Fire,2022-07-27,2022,7,Summer,97303,45.030354,-123.023689
Fire,2020-11-16,2020,11,Fall,97303,45.030354,-123.023689
Fire,2020-11-17,2020,11,Fall,97303,45.030354,-123.023689
Fire,2020-11-17,2020,11,Fall,97303,45.030354,-123.023689
Fire,2020-12-05,2020,12,Winter,97303,45.030354,-123.023689
Fire,2020-12-12,2020,12,Winter,97303,45.030354,-123.023689
Fire,2021-01-12,2021,1,Winter,97303,45.030354,-123.023689
Fire,2021-01-14,2021,1,Winter,97303,45.030354,-123.023689
Fire,2021-02-03,2021,2,Winter,97303,45.030354,-123.023689
Fire,2021-02-27,2021,2,Winter,97303,45.030354,-123.023689
Fire,2021-03-05,2021,3,Spring,97303,45.030354,-123.023689
Fire,2021-03-26,2021,3,Spring,97303,45.030354,-123.023689
Fire,2021-03-31,2021,3,Spring,97303,45.030354,-123.023689
Fire,2021-05-12,2021,5,Spring,97303,45.030354,-123.023689
Fire,2021-07-12,2021,7,Summer,97303,45.030354,-123.023689
Fire,2021-10-14,2021,10,Fall,97303,45.030354,-123.023689
Fire,2021-10-29,2021,10,Fall,97303,45.030354,-123.023689
Fire,2021-11-10,2021,11,Fall,97303,45.030354,-123.023689
Fire,2021-12-20,2021,12,Winter,97303,45.030354,-123.023689
Fire,2022-01-25,2022,1,Winter,97303,45.030354,-123.023689
Fire,2022-03-23,2022,3,Spring,97303,45.030354,-123.023689
Fire,2022-05-24,2022,5,Spring,97303,45.030354,-123.023689
Fire,2022-07-28,2022,7,Summer,97303,45.030354,-123.023689
Fire,2022-08-11,2022,8,Summer,97303,45.030354,-123.023689
Fire,2021-02-02,2021,2,Winter,97303,45.030354,-123.023689
Fire,2021-03-11,2021,3,Spring,97303,45.030354,-123.023689
Fire,2021-06-02,2021,6,Summer,97303,45.030354,-123.023689
Fire,2021-08-20,2021,8,Summer,97303,45.030354,-123.023689
Fire,2022-12-12,2022,12,Winter,97303,45.030354,-123.023689
Fire,2023-05-03,2023,5,Spring,97303,45.030354,-123.023689
Fire,2020-09-16,2020,9,Fall,98021,47.792571,-122.208429
Fire,2020-09-18,2020,9,Fall,97301,44.951839,-123.006246
Fire,2020-10-06,2020,10,Fall,97301,44.951839,-123.006246
Fire,2020-11-04,2020,11,Fall,97301,44.951839,-123.006246
Fire,2020-12-09,2020,12,Winter,97301,44.951839,-123.006246
Fire,2021-01-11,2021,1,Winter,97303,45.030354,-123.023689
Fire,2021-03-08,2021,3,Spring,97303,45.030354,-123.023689
Fire,2022-03-15,2022,3,Spring,97303,45.030354,-123.023689
Fire,2020-11-04,2020,11,Fall,97303,45.030354,-123.023689
Fire,2021-01-25,2021,1,Winter,97303,45.030354,-123.023689
Fire,2021-02-10,2021,2,Winter,97303,45.030354,-123.023689
Fire,2021-03-30,2021,3,Spring,97303,45.030354,-123.023689
Fire,2022-08-29,2022,8,Summer,97303,45.030354,-123.023689
Fire,2020-09-16,2020,9,Fall,97301,44.951839,-123.006246
Fire,2021-03-13,2021,3,Spring,97301,44.951839,-123.006246
Fire,2020-09-16,2020,9,Fall,98433,47.092304,-122.608054
Fire,2021-03-13,2021,3,Spring,98433,47.092304,-122.608054
Fire,2022-03-07,2022,3,Spring,97301,44.951839,-123.006246
Fire,2022-03-10,2022,3,Spring,97301,44.951839,-123.006246
Fire,2022-04-12,2022,4,Spring,97301,44.951839,-123.006246
Fire,2023-02-06,2023,2,Winter,97301,44.951839,-123.006246
Fire,2020-09-16,2020,9,Fall,97301,44.951839,-123.006246
Fire,2020-09-21,2020,9,Fall,97301,44.951839,-123.006246
Fire,2021-08-13,2021,8,Summer,97301,44.951839,-123.006246
Fire,2020-12-01,2020,12,Winter,97303,45.030354,-123.023689
Fire,2021-05-07,2021,5,Spring,97303,45.030354,-123.023689
Fire,2022-06-09,2022,6,Summer,97303,45.030354,-123.023689
Fire,2022-12-27,2022,12,Winter,97303,45.030354,-123.023689
Fire,2021-07-20,2021,7,Summer,97303,45.030354,-123.023689
Fire,2021-10-14,2021,10,Fall,97303,45.030354,-123.023689
Fire,2021-11-15,2021,11,Fall,97303,45.030354,-123.023689
Fire,2022-01-31,2022,1,Winter,97303,45.030354,-123.023689
Fire,2022-07-21,2022,7,Summer,97303,45.030354,-123.023689
Fire,2022-12-12,2022,12,Winter,97303,45.030354,-123.023689
Fire,2023-05-09,2023,5,Spring,97303,45.030354,-123.023689
Fire,2020-09-16,2020,9,Fall,97301,44.951839,-123.006246
Fire,2021-05-06,2021,5,Spring,97301,44.951839,-123.006246
Fire,2020-09-16,2020,9,Fall,97301,44.951839,-123.006246
Fire,2020-09-22,2020,9,Fall,97301,44.951839,-123.006246
Fire,2021-11-01,2021,11,Fall,97301,44.951839,-123.006246
Fire,2020-09-16,2020,9,Fall,97301,44.951839,-123.006246
Fire,2020-09-18,2020,9,Fall,97301,44.951839,-123.006246
Fire,2020-09-23,2020,9,Fall,97301,44.951839,-123.006246
Fire,2020-10-08,2020,10,Fall,97301,44.951839,-123.006246
Fire,2021-03-05,2021,3,Spring,97301,44.951839,-123.006246
Fire,2020-09-24,2020,9,Fall,97301,44.951839,-123.006246
Fire,2020-11-03,2020,11,Fall,97301,44.951839,-123.006246
Fire,2020-12-02,2020,12,Winter,97303,45.030354,-123.023689
Fire,2021-03-05,2021,3,Spring,97303,45.030354,-123.023689
Fire,2021-06-25,2021,6,Summer,97303,45.030354,-123.023689
Fire,2021-08-24,2021,8,Summer,97303,45.030354,-123.023689
Fire,2022-02-17,2022,2,Winter,97303,45.030354,-123.023689
Fire,2022-04-12,2022,4,Spring,97303,45.030354,-123.023689
Fire,2022-06-23,2022,6,Summer,97303,45.030354,-123.023689
Fire,2023-01-18,2023,1,Winter,97303,45.030354,-123.023689
Fire,2020-10-23,2020,10,Fall,97303,45.030354,-123.023689
Fire,2021-02-10,2021,2,Winter,97303,45.030354,-123.023689
Fire,2021-05-20,2021,5,Spring,97303,45.030354,-123.023689
Fire,2021-06-16,2021,6,Summer,97303,45.030354,-123.023689
Fire,2021-08-26,2021,8,Summer,97303,45.030354,-123.023689
Fire,2021-10-07,2021,10,Fall,97303,45.030354,-123.023689
Fire,2021-12-06,2021,12,Winter,97303,45.030354,-123.023689
Fire,2022-01-04,2022,1,Winter,97303,45.030354,-123.023689
Fire,2022-01-25,2022,1,Winter,97303,45.030354,-123.023689
Fire,2022-04-07,2022,4,Spring,97303,45.030354,-123.023689
Fire,2022-06-07,2022,6,Summer,97303,45.030354,-123.023689
Fire,2022-08-23,2022,8,Summer,97303,45.030354,-123.023689
Fire,2020-10-31,2020,10,Fall,97301,44.951839,-123.006246
Fire,2020-11-20,2020,11,Fall,97301,44.951839,-123.006246
Fire,2021-03-05,2021,3,Spring,97301,44.951839,-123.006246
Fire,2022-04-12,2022,4,Spring,97301,44.951839,-123.006246
Fire,2022-02-17,2022,2,Winter,97303,45.030354,-123.023689
Fire,2023-02-24,2023,2,Winter,97303,45.030354,-123.023689
Fire,2020-09-16,2020,9,Fall,97301,44.951839,-123.006246
Fire,2020-10-13,2020,10,Fall,97301,44.951839,-123.006246
Fire,2020-11-12,2020,11,Fall,97301,44.951839,-123.006246
Fire,2020-09-16,2020,9,Fall,97301,44.951839,-123.006246
Fire,2021-04-29,2021,4,Spring,97301,44.951839,-123.006246
Fire,2020-09-16,2020,9,Fall,97301,44.951839,-123.006246
Fire,2021-04-29,2021,4,Spring,97301,44.951839,-123.006246
Fire,2020-09-17,2020,9,Fall,97322,44.627553,-123.017613
Fire,2021-10-28,2021,10,Fall,97322,44.627553,-123.017613
Fire,2023-02-02,2023,2,Winter,97322,44.627553,-123.017613
Fire,2020-11-27,2020,11,Fall,97303,45.030354,-123.023689
Fire,2021-02-24,2021,2,Winter,97303,45.030354,-123.023689
Fire,2021-04-19,2021,4,Spring,97303,45.030354,-123.023689
Fire,2020-11-18,2020,11,Fall,97303,45.030354,-123.023689
Fire,2020-12-21,2020,12,Winter,97303,45.030354,-123.023689
Fire,2021-05-12,2021,5,Spring,97303,45.030354,-123.023689
Fire,2020-09-16,2020,9,Fall,97301,44.951839,-123.006246
Fire,2020-10-06,2020,10,Fall,97301,44.951839,-123.006246
Fire,2020-11-12,2020,11,Fall,97303,45.030354,-123.023689
Fire,2021-02-24,2021,2,Winter,97303,45.030354,-123.023689
Fire,2020-09-21,2020,9,Fall,97301,44.951839,-123.006246
Fire,2020-11-18,2020,11,Fall,97301,44.951839,-123.006246
Fire,2020-10-21,2020,10,Fall,97303,45.030354,-123.023689
Fire,2020-11-20,2020,11,Fall,97303,45.030354,-123.023689
Fire,2020-10-08,2020,10,Fall,97301,44.951839,-123.006246
Fire,2020-11-27,2020,11,Fall,97303,45.030354,-123.023689
Fire,2021-02-02,2021,2,Winter,97303,45.030354,-123.023689
Fire,2021-06-02,2021,6,Summer,97303,45.030354,-123.023689
Fire,2021-08-17,2021,8,Summer,97303,45.030354,-123.023689
Fire,2021-11-30,2021,11,Fall,97303,45.030354,-123.023689
Fire,2022-01-05,2022,1,Winter,97303,45.030354,-123.023689
Fire,2022-03-10,2022,3,Spring,97303,45.030354,-123.023689
Fire,2022-04-20,2022,4,Spring,97303,45.030354,-123.023689
Fire,2022-06-08,2022,6,Summer,97303,45.030354,-123.023689
Fire,2022-07-15,2022,7,Summer,97303,45.030354,-123.023689
Fire,2022-08-12,2022,8,Summer,97303,45.030354,-123.023689
Fire,2022-09-27,2022,9,Fall,97303,45.030354,-123.023689
Fire,2023-04-14,2023,4,Spring,97303,45.030354,-123.023689
Fire,2020-09-16,2020,9,Fall,97301,44.951839,-123.006246
Fire,2020-09-19,2020,9,Fall,97301,44.951839,-123.006246
Fire,2021-05-07,2021,5,Spring,97301,44.951839,-123.006246
Fire,2021-11-10,2021,11,Fall,97301,44.951839,-123.006246
Fire,2020-09-22,2020,9,Fall,97301,44.951839,-123.006246
Fire,2020-09-29,2020,9,Fall,97301,44.951839,-123.006246
Fire,2021-05-10,2021,5,Spring,97301,44.951839,-123.006246
Fire,2022-03-07,2022,3,Spring,97301,44.951839,-123.006246
Fire,2020-09-16,2020,9,Fall,97301,44.951839,-123.006246
Fire,2020-11-03,2020,11,Fall,97301,44.951839,-123.006246
Fire,2020-09-16,2020,9,Fall,97301,44.951839,-123.006246
Fire,2020-10-03,2020,10,Fall,97301,44.951839,-123.006246
Fire,2021-06-08,2021,6,Summer,97301,44.951839,-123.006246
Fire,2022-01-31,2022,1,Winter,97301,44.951839,-123.006246
Fire,2022-12-05,2022,12,Winter,97301,44.951839,-123.006246
Fire,2020-09-16,2020,9,Fall,97301,44.951839,-123.006246
Fire,2020-10-05,2020,10,Fall,97301,44.951839,-123.006246
Fire,2021-03-30,2021,3,Spring,97301,44.951839,-123.006246
Fire,2022-03-10,2022,3,Spring,97301,44.951839,-123.006246
Fire,2020-10-03,2020,10,Fall,97301,44.951839,-123.006246
Fire,2021-03-30,2021,3,Spring,97301,44.951839,-123.006246
Fire,2022-03-10,2022,3,Spring,97301,44.951839,-123.006246
Fire,2020-09-16,2020,9,Fall,97301,44.951839,-123.006246
Fire,2021-03-05,2021,3,Spring,97301,44.951839,-123.006246
Fire,2021-08-13,2021,8,Summer,97301,44.951839,-123.006246
Fire,2020-09-16,2020,9,Fall,97301,44.951839,-123.006246
Fire,2020-11-04,2020,11,Fall,97301,44.951839,-123.006246
Fire,2021-03-11,2021,3,Spring,97301,44.951839,-123.006246
Fire,2021-08-13,2021,8,Summer,97301,44.951839,-123.006246
Fire,2022-01-10,2022,1,Winter,97301,44.951839,-123.006246
Fire,2020-09-16,2020,9,Fall,97301,44.951839,-123.006246
Fire,2020-09-22,2020,9,Fall,97301,44.951839,-123.006246
Fire,2020-10-14,2020,10,Fall,97301,44.951839,-123.006246
Fire,2020-10-29,2020,10,Fall,97303,45.030354,-123.023689
Fire,2020-11-04,2020,11,Fall,97303,45.030354,-123.023689
Fire,2020-11-20,2020,11,Fall,97303,45.030354,-123.023689
Fire,2021-08-13,2021,8,Summer,97303,45.030354,-123.023689
Fire,2020-10-03,2020,10,Fall,97301,44.951839,-123.006246
Fire,2020-10-14,2020,10,Fall,97301,44.951839,-123.006246
Fire,2020-10-29,2020,10,Fall,97303,45.030354,-123.023689
Fire,2020-11-18,2020,11,Fall,97303,45.030354,-123.023689
Fire,2021-03-06,2021,3,Spring,97303,45.030354,-123.023689
Fire,2021-03-19,2021,3,Spring,97303,45.030354,-123.023689
Fire,2021-04-21,2021,4,Spring,97303,45.030354,-123.023689
Fire,2020-10-21,2020,10,Fall,97303,45.030354,-123.023689
Fire,2020-11-19,2020,11,Fall,97303,45.030354,-123.023689
Fire,2021-05-10,2021,5,Spring,97303,45.030354,-123.023689
Fire,2022-04-12,2022,4,Spring,97303,45.030354,-123.023689
Hurricane,2020-10-15,2020,10,Fall,35117,33.667778,-86.892599
Hurricane,2020-11-13,2020,11,Fall,35117,33.667778,-86.892599
Hurricane,2020-12-16,2020,12,Winter,35117,33.667778,-86.892599
Hurricane,2021-01-26,2021,1,Winter,35117,33.667778,-86.892599
Hurricane,2021-04-28,2021,4,Spring,35117,33.667778,-86.892599
Hurricane,2021-07-27,2021,7,Summer,35117,33.667778,-86.892599
Hurricane,2020-09-23,2020,9,Fall,36117,32.377903,-86.148907
Hurricane,2020-09-28,2020,9,Fall,36117,32.377903,-86.148907
Hurricane,2020-10-21,2020,10,Fall,36117,32.377903,-86.148907
Hurricane,2020-11-23,2020,11,Fall,36117,32.377903,-86.148907
Hurricane,2021-03-24,2021,3,Spring,36117,32.377903,-86.148907
Hurricane,2021-06-23,2021,6,Summer,36117,32.377903,-86.148907
Hurricane,2020-09-29,2020,9,Fall,32401,30.158374,-85.637996
Hurricane,2020-10-20,2020,10,Fall,32401,30.158374,-85.637996
Hurricane,2020-11-23,2020,11,Fall,32401,30.158374,-85.637996
Hurricane,2021-01-14,2021,1,Winter,32401,30.158374,-85.637996
Hurricane,2021-02-17,2021,2,Winter,32401,30.158374,-85.637996
Hurricane,2020-10-14,2020,10,Fall,70401,30.533553,-90.455443
Hurricane,2021-02-05,2021,2,Winter,70401,30.533553,-90.455443
Hurricane,2020-09-25,2020,9,Fall,32401,30.158374,-85.637996
Hurricane,2021-03-24,2021,3,Spring,32401,30.158374,-85.637996
Hurricane,2020-09-25,2020,9,Fall,32399,30.383268,-84.231203
Hurricane,2020-11-03,2020,11,Fall,32399,30.383268,-84.231203
Fire,2020-11-12,2020,11,Fall,95670,38.604268,-121.280327
Fire,2021-01-28,2021,1,Winter,95670,38.604268,-121.280327
Fire,2021-04-27,2021,4,Spring,95670,38.604268,-121.280327
Fire,2021-06-25,2021,6,Summer,95670,38.604268,-121.280327
Fire,2021-07-30,2021,7,Summer,95670,38.604268,-121.280327
Fire,2021-08-30,2021,8,Summer,95670,38.604268,-121.280327
Fire,2021-12-20,2021,12,Winter,95670,38.604268,-121.280327
Fire,2022-05-03,2022,5,Spring,95670,38.604268,-121.280327
Fire,2022-05-05,2022,5,Spring,95670,38.604268,-121.280327
Fire,2022-08-11,2022,8,Summer,95670,38.604268,-121.280327
Fire,2022-08-17,2022,8,Summer,95670,38.604268,-121.280327
Fire,2022-12-28,2022,12,Winter,95670,38.604268,-121.280327
Fire,2020-11-14,2020,11,Fall,95670,38.604268,-121.280327
Fire,2021-05-25,2021,5,Spring,95670,38.604268,-121.280327
Fire,2020-10-21,2020,10,Fall,95827,38.54836,-121.327497
Fire,2020-10-30,2020,10,Fall,95827,38.54836,-121.327497
Fire,2020-11-04,2020,11,Fall,95827,38.54836,-121.327497
Fire,2020-11-17,2020,11,Fall,95827,38.54836,-121.327497
Fire,2021-11-18,2021,11,Fall,95827,38.54836,-121.327497
Fire,2022-11-09,2022,11,Fall,95827,38.54836,-121.327497
Fire,2020-10-21,2020,10,Fall,95655,38.549228,-121.278598
Fire,2021-04-14,2021,4,Spring,95655,38.549228,-121.278598
Fire,2020-11-20,2020,11,Fall,95670,38.604268,-121.280327
Fire,2021-03-05,2021,3,Spring,95670,38.604268,-121.280327
Fire,2021-03-29,2021,3,Spring,95670,38.604268,-121.280327
Fire,2021-12-03,2021,12,Winter,95670,38.604268,-121.280327
Fire,2020-10-20,2020,10,Fall,95670,38.604268,-121.280327
Fire,2020-11-13,2020,11,Fall,95670,38.604268,-121.280327
Fire,2020-12-21,2020,12,Winter,95670,38.604268,-121.280327
Fire,2021-01-21,2021,1,Winter,95670,38.604268,-121.280327
Fire,2021-03-09,2021,3,Spring,95670,38.604268,-121.280327
Fire,2021-11-09,2021,11,Fall,95670,38.604268,-121.280327
Fire,2022-04-12,2022,4,Spring,95670,38.604268,-121.280327
Fire,2022-08-03,2022,8,Summer,95670,38.604268,-121.280327
Fire,2023-03-20,2023,3,Spring,95670,38.604268,-121.280327
Fire,2020-10-21,2020,10,Fall,95655,38.549228,-121.278598
Fire,2021-05-26,2021,5,Spring,95655,38.549228,-121.278598
Fire,2020-10-27,2020,10,Fall,95568,41.484857,-123.491487
Fire,2021-05-01,2021,5,Spring,95568,41.484857,-123.491487
Fire,2021-06-27,2021,6,Summer,95568,41.484857,-123.491487
Fire,2021-07-01,2021,7,Summer,95568,41.484857,-123.491487
Fire,2021-09-03,2021,9,Fall,95568,41.484857,-123.491487
Fire,2021-10-06,2021,10,Fall,95568,41.484857,-123.491487
Fire,2021-10-29,2021,10,Fall,95568,41.484857,-123.491487
Fire,2022-04-05,2022,4,Spring,95568,41.484857,-123.491487
Fire,2020-10-21,2020,10,Fall,95655,38.549228,-121.278598
Fire,2021-05-28,2021,5,Spring,95655,38.549228,-121.278598
Hurricane,2020-11-04,2020,11,Fall,70806,30.448797,-91.124704
Hurricane,2021-01-27,2021,1,Winter,70806,30.448797,-91.124704
Hurricane,2021-08-24,2021,8,Summer,70806,30.448797,-91.124704
Hurricane,2020-11-05,2020,11,Fall,70802,30.445471,-91.17527
Hurricane,2021-05-03,2021,5,Spring,70802,30.445471,-91.17527
Hurricane,2021-09-07,2021,9,Fall,70802,30.445471,-91.17527
Hurricane,2021-12-13,2021,12,Winter,70802,30.445471,-91.17527
Hurricane,2020-11-08,2020,11,Fall,70802,30.445471,-91.17527
Hurricane,2021-05-10,2021,5,Spring,70802,30.445471,-91.17527
Hurricane,2020-11-08,2020,11,Fall,70802,30.445471,-91.17527
Hurricane,2021-11-03,2021,11,Fall,70802,30.445471,-91.17527
Hurricane,2022-06-27,2022,6,Summer,70802,30.445471,-91.17527
Hurricane,2020-11-06,2020,11,Fall,70802,30.445471,-91.17527
Hurricane,2021-05-26,2021,5,Spring,70802,30.445471,-91.17527
Hurricane,2020-11-18,2020,11,Fall,70806,30.448797,-91.124704
Hurricane,2021-05-19,2021,5,Spring,70806,30.448797,-91.124704
Hurricane,2022-04-25,2022,4,Spring,70806,30.448797,-91.124704
Hurricane,2020-10-20,2020,10,Fall,70802,30.445471,-91.17527
Hurricane,2020-10-22,2020,10,Fall,70802,30.445471,-91.17527
Hurricane,2021-06-24,2021,6,Summer,70802,30.445471,-91.17527
Hurricane,2021-07-22,2021,7,Summer,70802,30.445471,-91.17527
Hurricane,2021-11-09,2021,11,Fall,70802,30.445471,-91.17527
Hurricane,2022-07-21,2022,7,Summer,70802,30.445471,-91.17527
Hurricane,2020-10-22,2020,10,Fall,70802,30.445471,-91.17527
Hurricane,2021-03-25,2021,3,Spring,70802,30.445471,-91.17527
Hurricane,2021-02-19,2021,2,Winter,70665,30.121881,-93.451224
Hurricane,2021-10-20,2021,10,Fall,70665,30.121881,-93.451224
Hurricane,2021-11-08,2021,11,Fall,70665,30.121881,-93.451224
Hurricane,2020-10-20,2020,10,Fall,70806,30.448797,-91.124704
Hurricane,2020-10-22,2020,10,Fall,70806,30.448797,-91.124704
Hurricane,2021-01-27,2021,1,Winter,70806,30.448797,-91.124704
Hurricane,2021-05-25,2021,5,Spring,70806,30.448797,-91.124704
Hurricane,2022-04-25,2022,4,Spring,70806,30.448797,-91.124704
Hurricane,2020-11-14,2020,11,Fall,76209,33.2315,-97.109986
Hurricane,2020-11-19,2020,11,Fall,76209,33.2315,-97.109986
Hurricane,2020-10-19,2020,10,Fall,76209,33.2315,-97.109986
Hurricane,2020-10-22,2020,10,Fall,76209,33.2315,-97.109986
Hurricane,2021-08-24,2021,8,Summer,76209,33.2315,-97.109986
Hurricane,2020-11-13,2020,11,Fall,76209,33.2315,-97.109986
Hurricane,2021-01-27,2021,1,Winter,76209,33.2315,-97.109986
Hurricane,2020-11-11,2020,11,Fall,76209,33.2315,-97.109986
Hurricane,2021-08-05,2021,8,Summer,76209,33.2315,-97.109986
Hurricane,2022-02-10,2022,2,Winter,76209,33.2315,-97.109986
Hurricane,2020-10-20,2020,10,Fall,70806,30.448797,-91.124704
Hurricane,2020-10-22,2020,10,Fall,70806,30.448797,-91.124704
Hurricane,2021-02-08,2021,2,Winter,70806,30.448797,-91.124704
Hurricane,2021-04-13,2021,4,Spring,70802,30.445471,-91.17527
Hurricane,2020-10-20,2020,10,Fall,76209,33.2315,-97.109986
Hurricane,2020-10-22,2020,10,Fall,76209,33.2315,-97.109986
Hurricane,2021-08-06,2021,8,Summer,76209,33.2315,-97.109986
Hurricane,2021-09-24,2021,9,Fall,70806,30.448797,-91.124704
Hurricane,2021-09-24,2021,9,Fall,70806,30.448797,-91.124704
Hurricane,2021-02-11,2021,2,Winter,76209,33.2315,-97.109986
Hurricane,2021-10-29,2021,10,Fall,76209,33.2315,-97.109986
Hurricane,2022-03-30,2022,3,Spring,76209,33.2315,-97.109986
Hurricane,2022-03-31,2022,3,Spring,76209,33.2315,-97.109986
Hurricane,2020-11-10,2020,11,Fall,75050,32.773069,-97.005227
Hurricane,2022-06-27,2022,6,Summer,75050,32.773069,-97.005227
Hurricane,2020-11-12,2020,11,Fall,76209,33.2315,-97.109986
Hurricane,2020-11-19,2020,11,Fall,76209,33.2315,-97.109986
Hurricane,2020-11-12,2020,11,Fall,75050,32.773069,-97.005227
Hurricane,2021-02-08,2021,2,Winter,75050,32.773069,-97.005227
Hurricane,2020-10-20,2020,10,Fall,70806,30.448797,-91.124704
Hurricane,2020-10-22,2020,10,Fall,70806,30.448797,-91.124704
Hurricane,2021-02-08,2021,2,Winter,70806,30.448797,-91.124704
Hurricane,2020-11-10,2020,11,Fall,70806,30.448797,-91.124704
Hurricane,2021-05-04,2021,5,Spring,70806,30.448797,-91.124704
Hurricane,2021-10-19,2021,10,Fall,70806,30.448797,-91.124704
Hurricane,2020-11-08,2020,11,Fall,70806,30.448797,-91.124704
Hurricane,2021-02-08,2021,2,Winter,70806,30.448797,-91.124704
Hurricane,2021-02-24,2021,2,Winter,70806,30.448797,-91.124704
Hurricane,2020-11-12,2020,11,Fall,76209,33.2315,-97.109986
Hurricane,2021-02-08,2021,2,Winter,76209,33.2315,-97.109986
Hurricane,2020-11-10,2020,11,Fall,70810,30.345423,-91.094293
Hurricane,2021-02-08,2021,2,Winter,70810,30.345423,-91.094293
Hurricane,2021-04-26,2021,4,Spring,70810,30.345423,-91.094293
Hurricane,2021-08-11,2021,8,Summer,70810,30.345423,-91.094293
Hurricane,2022-05-11,2022,5,Spring,70810,30.345423,-91.094293
Hurricane,2023-05-01,2023,5,Spring,70810,30.345423,-91.094293
Hurricane,2020-11-10,2020,11,Fall,76209,33.2315,-97.109986
Hurricane,2021-06-17,2021,6,Summer,76209,33.2315,-97.109986
Hurricane,2020-11-10,2020,11,Fall,76209,33.2315,-97.109986
Hurricane,2021-03-29,2021,3,Spring,76209,33.2315,-97.109986
Hurricane,2021-09-07,2021,9,Fall,76209,33.2315,-97.109986
Hurricane,2020-12-21,2020,12,Winter,78753,30.383591,-97.673349
Hurricane,2021-01-29,2021,1,Winter,78753,30.383591,-97.673349
Hurricane,2021-02-01,2021,2,Winter,78753,30.383591,-97.673349
Hurricane,2021-11-10,2021,11,Fall,78753,30.383591,-97.673349
Hurricane,2020-12-21,2020,12,Winter,78753,30.383591,-97.673349
Hurricane,2021-01-29,2021,1,Winter,78753,30.383591,-97.673349
Hurricane,2021-03-18,2021,3,Spring,78753,30.383591,-97.673349
Hurricane,2020-12-21,2020,12,Winter,78753,30.383591,-97.673349
Hurricane,2021-01-29,2021,1,Winter,78753,30.383591,-97.673349
Hurricane,2021-05-06,2021,5,Spring,78753,30.383591,-97.673349
Hurricane,2021-11-10,2021,11,Fall,78753,30.383591,-97.673349
Hurricane,2020-12-21,2020,12,Winter,76209,33.2315,-97.109986
Hurricane,2021-05-05,2021,5,Spring,76209,33.2315,-97.109986
Hurricane,2020-12-21,2020,12,Winter,76209,33.2315,-97.109986
Hurricane,2021-05-05,2021,5,Spring,76209,33.2315,-97.109986
Hurricane,2021-01-26,2021,1,Winter,76209,33.2315,-97.109986
Hurricane,2021-05-05,2021,5,Spring,76209,33.2315,-97.109986
Hurricane,2021-11-08,2021,11,Fall,76209,33.2315,-97.109986
Hurricane,2022-03-15,2022,3,Spring,76209,33.2315,-97.109986
Hurricane,2022-03-16,2022,3,Spring,76209,33.2315,-97.109986
Hurricane,2020-12-21,2020,12,Winter,77703,30.114058,-94.109271
Hurricane,2021-12-07,2021,12,Winter,77703,30.114058,-94.109271
Hurricane,2022-02-09,2022,2,Winter,77703,30.114058,-94.109271
Hurricane,2022-04-12,2022,4,Spring,77703,30.114058,-94.109271
Hurricane,2022-04-13,2022,4,Spring,77703,30.114058,-94.109271
Hurricane,2022-05-03,2022,5,Spring,77703,30.114058,-94.109271
Hurricane,2022-06-22,2022,6,Summer,77703,30.114058,-94.109271
Hurricane,2022-06-27,2022,6,Summer,77703,30.114058,-94.109271
Hurricane,2020-12-21,2020,12,Winter,76209,33.2315,-97.109986
Hurricane,2021-05-05,2021,5,Spring,76209,33.2315,-97.109986
Hurricane,2021-12-21,2021,12,Winter,76209,33.2315,-97.109986
Hurricane,2020-12-21,2020,12,Winter,77380,30.136972,-95.46836
Hurricane,2021-03-16,2021,3,Spring,77380,30.136972,-95.46836
Hurricane,2022-05-03,2022,5,Spring,77380,30.136972,-95.46836
Hurricane,2022-09-16,2022,9,Fall,77380,30.136972,-95.46836
Hurricane,2020-12-21,2020,12,Winter,77705,29.908454,-94.175243
Hurricane,2021-05-06,2021,5,Spring,77705,29.908454,-94.175243
Hurricane,2022-04-26,2022,4,Spring,77705,29.908454,-94.175243
Hurricane,2021-01-15,2021,1,Winter,70806,30.448797,-91.124704
Hurricane,2021-08-24,2021,8,Summer,70806,30.448797,-91.124704
Hurricane,2021-01-22,2021,1,Winter,70802,30.445471,-91.17527
Hurricane,2021-08-24,2021,8,Summer,70802,30.445471,-91.17527
Hurricane,2021-01-22,2021,1,Winter,70806,30.448797,-91.124704
Hurricane,2021-08-24,2021,8,Summer,70806,30.448797,-91.124704
Hurricane,2021-01-22,2021,1,Winter,70806,30.448797,-91.124704
Hurricane,2021-05-03,2021,5,Spring,70806,30.448797,-91.124704
Hurricane,2021-01-22,2021,1,Winter,70802,30.445471,-91.17527
Hurricane,2021-08-05,2021,8,Summer,70802,30.445471,-91.17527
Hurricane,2021-01-22,2021,1,Winter,70806,30.448797,-91.124704
Hurricane,2021-08-05,2021,8,Summer,70806,30.448797,-91.124704
Hurricane,2021-11-04,2021,11,Fall,70806,30.448797,-91.124704
Hurricane,2022-02-23,2022,2,Winter,70806,30.448797,-91.124704
Hurricane,2021-01-22,2021,1,Winter,70806,30.448797,-91.124704
Hurricane,2021-12-06,2021,12,Winter,70806,30.448797,-91.124704
Hurricane,2021-01-22,2021,1,Winter,70806,30.448797,-91.124704
Hurricane,2021-12-06,2021,12,Winter,70806,30.448797,-91.124704
Hurricane,2021-01-19,2021,1,Winter,70806,30.448797,-91.124704
Hurricane,2021-11-04,2021,11,Fall,70806,30.448797,-91.124704
Hurricane,2021-01-15,2021,1,Winter,70806,30.448797,-91.124704
Hurricane,2021-05-06,2021,5,Spring,70806,30.448797,-91.124704
Hurricane,2021-01-21,2021,1,Winter,70810,30.345423,-91.094293
Hurricane,2021-08-11,2021,8,Summer,70810,30.345423,-91.094293
Hurricane,2022-02-10,2022,2,Winter,70810,30.345423,-91.094293
Hurricane,2022-05-11,2022,5,Spring,70810,30.345423,-91.094293
Hurricane,2022-09-15,2022,9,Fall,70810,30.345423,-91.094293
Hurricane,2021-05-07,2021,5,Spring,06095,41.873832,-72.676805
Hurricane,2021-08-04,2021,8,Summer,06095,41.873832,-72.676805
Hurricane,2021-10-20,2021,10,Fall,06095,41.873832,-72.676805
Hurricane,2021-12-13,2021,12,Winter,06095,41.873832,-72.676805
Hurricane,2022-11-03,2022,11,Fall,06095,41.873832,-72.676805
Hurricane,2023-08-15,2023,8,Summer,06095,41.873832,-72.676805
Hurricane,2021-02-12,2021,2,Winter,01754,42.425955,-71.456256
Hurricane,2021-11-01,2021,11,Fall,06095,41.873832,-72.676805
Hurricane,2021-11-08,2021,11,Fall,06095,41.873832,-72.676805
Hurricane,2022-11-02,2022,11,Fall,01754,42.425955,-71.456256
Hurricane,2023-03-22,2023,3,Spring,01754,42.425955,-71.456256
Hurricane,2023-04-05,2023,4,Spring,01754,42.425955,-71.456256
Hurricane,2021-11-09,2021,11,Fall,06095,41.873832,-72.676805
Hurricane,2023-05-18,2023,5,Spring,06095,41.873832,-72.676805
Biological,2021-02-05,2021,2,Winter,86045,36.141967,-111.123676
Biological,2021-02-20,2021,2,Winter,86045,36.141967,-111.123676
Biological,2021-05-21,2021,5,Spring,86045,36.141967,-111.123676
Biological,2021-09-22,2021,9,Fall,86045,36.141967,-111.123676
Biological,2021-11-05,2021,11,Fall,86045,36.141967,-111.123676
Biological,2022-10-27,2022,10,Fall,86045,36.141967,-111.123676
Biological,2021-12-07,2021,12,Winter,86504,35.860391,-109.139361
Biological,2021-12-17,2021,12,Winter,86504,35.860391,-109.139361
Biological,2022-01-25,2022,1,Winter,86504,35.860391,-109.139361
Biological,2022-02-22,2022,2,Winter,86504,35.860391,-109.139361
Biological,2022-03-03,2022,3,Spring,86504,35.860391,-109.139361
Biological,2022-03-22,2022,3,Spring,86045,36.141967,-111.123676
Biological,2022-03-30,2022,3,Spring,86045,36.141967,-111.123676
Biological,2022-02-17,2022,2,Winter,86505,35.623754,-109.706962
Biological,2021-12-19,2021,12,Winter,86504,35.860391,-109.139361
Biological,2022-08-05,2022,8,Summer,86504,35.860391,-109.139361
Biological,2021-04-01,2021,4,Spring,86045,36.141967,-111.123676
Biological,2021-04-14,2021,4,Spring,86045,36.141967,-111.123676
Biological,2022-05-17,2022,5,Spring,86045,36.141967,-111.123676
Severe Ice Storm,2021-02-21,2021,2,Winter,76209,33.2315,-97.109986
Severe Ice Storm,2021-12-07,2021,12,Winter,76209,33.2315,-97.109986
Severe Ice Storm,2021-02-22,2021,2,Winter,76209,33.2315,-97.109986
Severe Ice Storm,2021-02-23,2021,2,Winter,76209,33.2315,-97.109986
Severe Ice Storm,2021-04-29,2021,4,Spring,76209,33.2315,-97.109986
Severe Ice Storm,2021-05-07,2021,5,Spring,76209,33.2315,-97.109986
Severe Ice Storm,2021-02-21,2021,2,Winter,76209,33.2315,-97.109986
Severe Ice Storm,2021-02-22,2021,2,Winter,76209,33.2315,-97.109986
Severe Ice Storm,2021-02-20,2021,2,Winter,76209,33.2315,-97.109986
Severe Ice Storm,2021-03-22,2021,3,Spring,76209,33.2315,-97.109986
Severe Ice Storm,2021-10-01,2021,10,Fall,76209,33.2315,-97.109986
Severe Ice Storm,2021-12-17,2021,12,Winter,76209,33.2315,-97.109986
Severe Ice Storm,2022-01-26,2022,1,Winter,76209,33.2315,-97.109986
Severe Ice Storm,2022-05-04,2022,5,Spring,76209,33.2315,-97.109986
Severe Ice Storm,2022-05-16,2022,5,Spring,76209,33.2315,-97.109986
Severe Ice Storm,2022-06-15,2022,6,Summer,76209,33.2315,-97.109986
Severe Ice Storm,2021-10-07,2021,10,Fall,78155,29.537496,-97.936596
Severe Ice Storm,2021-12-03,2021,12,Winter,78155,29.537496,-97.936596
Severe Ice Storm,2022-05-10,2022,5,Spring,78155,29.537496,-97.936596
Severe Ice Storm,2021-02-20,2021,2,Winter,78155,29.537496,-97.936596
Severe Ice Storm,2022-11-17,2022,11,Fall,78155,29.537496,-97.936596
Severe Ice Storm,2023-01-26,2023,1,Winter,78155,29.537496,-97.936596
Severe Ice Storm,2021-02-21,2021,2,Winter,76115,32.6785,-97.330511
Severe Ice Storm,2021-02-21,2021,2,Winter,76115,32.6785,-97.330511
Severe Ice Storm,2022-08-22,2022,8,Summer,76115,32.6785,-97.330511
Severe Ice Storm,2021-02-20,2021,2,Winter,78752,30.331428,-97.703643
Severe Ice Storm,2021-02-24,2021,2,Winter,78752,30.331428,-97.703643
Severe Ice Storm,2021-08-13,2021,8,Summer,78752,30.331428,-97.703643
Severe Ice Storm,2022-04-26,2022,4,Spring,78752,30.331428,-97.703643
Severe Ice Storm,2021-02-20,2021,2,Winter,78155,29.537496,-97.936596
Severe Ice Storm,2021-09-14,2021,9,Fall,78155,29.537496,-97.936596
Severe Ice Storm,2021-02-20,2021,2,Winter,76102,32.757779,-97.328872
Severe Ice Storm,2021-09-14,2021,9,Fall,76102,32.757779,-97.328872
Severe Ice Storm,2021-02-20,2021,2,Winter,76209,33.2315,-97.109986
Severe Ice Storm,2021-02-23,2021,2,Winter,76209,33.2315,-97.109986
Severe Ice Storm,2021-08-05,2021,8,Summer,76209,33.2315,-97.109986
Severe Ice Storm,2021-11-03,2021,11,Fall,76209,33.2315,-97.109986
Severe Ice Storm,2021-02-20,2021,2,Winter,76209,33.2315,-97.109986
Severe Ice Storm,2021-08-05,2021,8,Summer,76209,33.2315,-97.109986
Severe Ice Storm,2021-02-20,2021,2,Winter,76209,33.2315,-97.109986
Severe Ice Storm,2021-08-05,2021,8,Summer,76209,33.2315,-97.109986
Severe Ice Storm,2021-02-27,2021,2,Winter,78753,30.383591,-97.673349
Severe Ice Storm,2021-03-05,2021,3,Spring,78753,30.383591,-97.673349
Severe Ice Storm,2021-11-03,2021,11,Fall,78753,30.383591,-97.673349
Severe Ice Storm,2021-11-08,2021,11,Fall,78753,30.383591,-97.673349
Severe Ice Storm,2021-11-23,2021,11,Fall,78753,30.383591,-97.673349
Severe Ice Storm,2021-11-30,2021,11,Fall,78753,30.383591,-97.673349
Severe Ice Storm,2021-02-21,2021,2,Winter,78218,29.494749,-98.396559
Severe Ice Storm,2021-02-21,2021,2,Winter,78724,30.292709,-97.617945
Severe Ice Storm,2021-04-16,2021,4,Spring,78724,30.292709,-97.617945
Severe Ice Storm,2021-10-01,2021,10,Fall,76209,33.2315,-97.109986
Severe Ice Storm,2021-12-17,2021,12,Winter,76209,33.2315,-97.109986
Severe Ice Storm,2022-06-21,2022,6,Summer,76209,33.2315,-97.109986
Severe Ice Storm,2021-02-21,2021,2,Winter,76209,33.2315,-97.109986
Severe Ice Storm,2021-05-05,2021,5,Spring,76209,33.2315,-97.109986
Severe Ice Storm,2021-02-22,2021,2,Winter,78229,29.505502,-98.577033
Severe Ice Storm,2021-02-23,2021,2,Winter,78229,29.505502,-98.577033
Severe Ice Storm,2021-09-21,2021,9,Fall,78229,29.505502,-98.577033
Severe Storm,2021-03-15,2021,3,Spring,27607,35.817784,-78.727509
Severe Storm,2021-06-11,2021,6,Summer,27607,35.817784,-78.727509
Severe Storm,2021-09-03,2021,9,Fall,27607,35.817784,-78.727509
Severe Storm,2021-12-09,2021,12,Winter,27607,35.817784,-78.727509
Severe Storm,2022-03-04,2022,3,Spring,27607,35.817784,-78.727509
Severe Storm,2022-07-01,2022,7,Summer,27607,35.817784,-78.727509
Severe Storm,2022-08-19,2022,8,Summer,27607,35.817784,-78.727509
Severe Storm,2021-03-29,2021,3,Spring,98021,47.792571,-122.208429
Severe Storm,2021-06-24,2021,6,Summer,98021,47.792571,-122.208429
Severe Storm,2021-10-28,2021,10,Fall,98021,47.792571,-122.208429
Severe Storm,2021-11-04,2021,11,Fall,98503,47.02332,-122.793549
Severe Storm,2021-11-23,2021,11,Fall,98503,47.02332,-122.793549
Severe Storm,2021-12-21,2021,12,Winter,98503,47.02332,-122.793549
Severe Storm,2022-05-19,2022,5,Spring,98503,47.02332,-122.793549
Severe Storm,2021-08-09,2021,8,Summer,98021,47.792571,-122.208429
Severe Storm,2021-09-27,2021,9,Fall,98021,47.792571,-122.208429
Severe Storm,2021-11-04,2021,11,Fall,98021,47.792571,-122.208429
Severe Storm,2021-11-18,2021,11,Fall,98021,47.792571,-122.208429
Severe Storm,2022-01-06,2022,1,Winter,98021,47.792571,-122.208429
Severe Storm,2022-02-24,2022,2,Winter,98021,47.792571,-122.208429
Severe Storm,2022-04-19,2022,4,Spring,98021,47.792571,-122.208429
Severe Storm,2022-12-07,2022,12,Winter,98021,47.792571,-122.208429
Severe Storm,2022-06-06,2022,6,Summer,98503,47.02332,-122.793549
Severe Storm,2022-09-28,2022,9,Fall,98503,47.02332,-122.793549
Severe Storm,2023-02-22,2023,2,Winter,98503,47.02332,-122.793549
Flood,2021-11-18,2021,11,Fall,40061,37.70974,-85.264093
Flood,2022-07-25,2022,7,Summer,40061,37.70974,-85.264093
Flood,2021-08-10,2021,8,Summer,76209,33.2315,-97.109986
Flood,2022-06-29,2022,6,Summer,76209,33.2315,-97.109986
Severe Storm,2021-07-21,2021,7,Summer,48135,42.324383,-83.341192
Severe Storm,2021-08-16,2021,8,Summer,48135,42.324383,-83.341192
Severe Storm,2021-09-30,2021,9,Fall,48135,42.324383,-83.341192
Severe Storm,2023-07-28,2023,7,Summer,48135,42.324383,-83.341192
Severe Storm,2021-07-20,2021,7,Summer,60605,41.867566,-87.617228
Severe Storm,2021-08-13,2021,8,Summer,60605,41.867566,-87.617228
Severe Storm,2023-01-27,2023,1,Winter,60605,41.867566,-87.617228
Flood,2021-08-24,2021,8,Summer,37027,35.999288,-86.785062
Flood,2021-09-10,2021,9,Fall,37027,35.999288,-86.785062
Flood,2022-04-21,2022,4,Spring,37027,35.999288,-86.785062
Flood,2021-08-25,2021,8,Summer,37101,36.078905,-87.62675
Flood,2021-09-10,2021,9,Fall,37101,36.078905,-87.62675
Flood,2021-10-22,2021,10,Fall,37101,36.078905,-87.62675
Flood,2022-05-04,2022,5,Spring,37101,36.078905,-87.62675
Flood,2022-05-04,2022,5,Spring,37101,36.078905,-87.62675
Flood,2021-10-08,2021,10,Fall,37185,36.062922,-87.865036
Flood,2022-01-21,2022,1,Winter,37185,36.062922,-87.865036
Flood,2022-05-04,2022,5,Spring,37185,36.062922,-87.865036
Flood,2021-08-28,2021,8,Summer,37185,36.062922,-87.865036
Flood,2022-02-01,2022,2,Winter,37185,36.062922,-87.865036
Flood,2021-09-08,2021,9,Fall,37027,35.999288,-86.785062
Flood,2021-10-21,2021,10,Fall,37027,35.999288,-86.785062
Flood,2021-12-07,2021,12,Winter,37204,36.106676,-86.774575
Flood,2022-03-25,2022,3,Spring,37204,36.106676,-86.774575
Flood,2022-09-20,2022,9,Fall,37204,36.106676,-86.774575
Flood,2022-09-20,2022,9,Fall,37204,36.106676,-86.774575
Flood,2023-01-11,2023,1,Winter,37204,36.106676,-86.774575
Fire,2021-08-25,2021,8,Summer,95655,38.549228,-121.278598
Fire,2021-09-02,2021,9,Fall,95655,38.549228,-121.278598
Fire,2021-09-15,2021,9,Fall,95655,38.549228,-121.278598
Fire,2021-10-27,2021,10,Fall,95655,38.549228,-121.278598
Fire,2022-01-11,2022,1,Winter,95655,38.549228,-121.278598
Fire,2022-03-29,2022,3,Spring,95655,38.549228,-121.278598
Fire,2022-05-19,2022,5,Spring,95655,38.549228,-121.278598
Fire,2022-08-18,2022,8,Summer,95655,38.549228,-121.278598
Fire,2023-03-28,2023,3,Spring,95655,38.549228,-121.278598
Fire,2021-08-27,2021,8,Summer,95655,38.549228,-121.278598
Fire,2021-11-03,2021,11,Fall,95655,38.549228,-121.278598
Fire,2021-08-30,2021,8,Summer,95655,38.549228,-121.278598
Fire,2021-09-10,2021,9,Fall,95655,38.549228,-121.278598
Fire,2021-10-27,2021,10,Fall,95655,38.549228,-121.278598
Fire,2021-12-16,2021,12,Winter,95655,38.549228,-121.278598
Fire,2022-04-25,2022,4,Spring,95655,38.549228,-121.278598
Fire,2021-09-09,2021,9,Fall,95655,38.549228,-121.278598
Fire,2022-02-11,2022,2,Winter,95655,38.549228,-121.278598
Fire,2022-04-01,2022,4,Spring,95655,38.549228,-121.278598
Fire,2022-04-12,2022,4,Spring,95655,38.549228,-121.278598
Fire,2021-09-28,2021,9,Fall,95655,38.549228,-121.278598
Fire,2021-10-19,2021,10,Fall,95655,38.549228,-121.278598
Fire,2021-10-27,2021,10,Fall,95655,38.549228,-121.278598
Fire,2021-12-20,2021,12,Winter,95655,38.549228,-121.278598
Fire,2022-01-26,2022,1,Winter,95655,38.549228,-121.278598
Fire,2022-02-28,2022,2,Winter,95655,38.549228,-121.278598
Fire,2022-03-14,2022,3,Spring,95655,38.549228,-121.278598
Fire,2022-04-25,2022,4,Spring,95655,38.549228,-121.278598
Fire,2022-05-23,2022,5,Spring,95655,38.549228,-121.278598
Fire,2022-12-12,2022,12,Winter,95655,38.549228,-121.278598
Fire,2023-03-23,2023,3,Spring,95655,38.549228,-121.278598
Fire,2023-05-17,2023,5,Spring,95655,38.549228,-121.278598
Fire,2021-08-25,2021,8,Summer,95655,38.549228,-121.278598
Fire,2021-12-01,2021,12,Winter,95655,38.549228,-121.278598
Fire,2021-09-02,2021,9,Fall,95655,38.549228,-121.278598
Fire,2021-09-08,2021,9,Fall,95655,38.549228,-121.278598
Fire,2021-10-06,2021,10,Fall,95655,38.549228,-121.278598
Fire,2022-11-09,2022,11,Fall,95655,38.549228,-121.278598
Fire,2021-08-25,2021,8,Summer,95655,38.549228,-121.278598
Fire,2021-09-01,2021,9,Fall,95655,38.549228,-121.278598
Fire,2022-11-01,2022,11,Fall,95655,38.549228,-121.278598
Fire,2021-08-25,2021,8,Summer,95655,38.549228,-121.278598
Fire,2021-09-01,2021,9,Fall,95655,38.549228,-121.278598
Fire,2021-11-30,2021,11,Fall,95655,38.549228,-121.278598
Fire,2022-02-24,2022,2,Winter,95655,38.549228,-121.278598
Fire,2021-08-25,2021,8,Summer,95655,38.549228,-121.278598
Fire,2022-02-11,2022,2,Winter,95655,38.549228,-121.278598
Fire,2021-09-14,2021,9,Fall,95655,38.549228,-121.278598
Fire,2021-10-14,2021,10,Fall,95655,38.549228,-121.278598
Fire,2022-02-11,2022,2,Winter,95655,38.549228,-121.278598
Fire,2022-04-12,2022,4,Spring,95655,38.549228,-121.278598
Fire,2021-08-25,2021,8,Summer,95655,38.549228,-121.278598
Fire,2022-02-11,2022,2,Winter,95655,38.549228,-121.278598
Fire,2021-08-28,2021,8,Summer,95947,40.159399,-120.844084
Fire,2021-10-06,2021,10,Fall,95947,40.159399,-120.844084
Fire,2021-12-13,2021,12,Winter,95947,40.159399,-120.844084
Fire,2022-01-14,2022,1,Winter,95947,40.159399,-120.844084
Fire,2022-04-12,2022,4,Spring,95947,40.159399,-120.844084
Fire,2022-08-03,2022,8,Summer,95947,40.159399,-120.844084
Fire,2021-08-25,2021,8,Summer,95655,38.549228,-121.278598
Fire,2021-09-03,2021,9,Fall,95655,38.549228,-121.278598
Fire,2022-11-03,2022,11,Fall,95655,38.549228,-121.278598
Fire,2021-11-30,2021,11,Fall,95655,38.549228,-121.278598
Fire,2022-02-24,2022,2,Winter,95655,38.549228,-121.278598
Fire,2022-05-16,2022,5,Spring,95655,38.549228,-121.278598
Fire,2022-07-21,2022,7,Summer,95655,38.549228,-121.278598
Fire,2021-08-25,2021,8,Summer,95655,38.549228,-121.278598
Fire,2022-05-03,2022,5,Spring,95655,38.549228,-121.278598
Fire,2021-09-01,2021,9,Fall,95655,38.549228,-121.278598
Fire,2021-09-14,2021,9,Fall,95655,38.549228,-121.278598
Fire,2022-11-01,2022,11,Fall,95655,38.549228,-121.278598
Fire,2023-01-06,2023,1,Winter,95655,38.549228,-121.278598
Fire,2021-08-25,2021,8,Summer,95655,38.549228,-121.278598
Fire,2021-09-02,2021,9,Fall,95655,38.549228,-121.278598
Fire,2021-09-10,2021,9,Fall,95655,38.549228,-121.278598
Fire,2021-10-13,2021,10,Fall,95655,38.549228,-121.278598
Fire,2022-02-11,2022,2,Winter,95655,38.549228,-121.278598
Fire,2022-05-03,2022,5,Spring,95655,38.549228,-121.278598
Fire,2021-08-25,2021,8,Summer,95655,38.549228,-121.278598
Fire,2021-09-03,2021,9,Fall,95655,38.549228,-121.278598
Fire,2021-10-01,2021,10,Fall,95655,38.549228,-121.278598
Fire,2022-03-17,2022,3,Spring,95655,38.549228,-121.278598
Hurricane,2021-08-31,2021,8,Summer,70802,30.445471,-91.17527
Hurricane,2021-09-02,2021,9,Fall,70802,30.445471,-91.17527
Hurricane,2021-09-01,2021,9,Fall,70802,30.445471,-91.17527
Hurricane,2021-09-25,2021,9,Fall,70802,30.445471,-91.17527
Hurricane,2021-09-29,2021,9,Fall,70802,30.445471,-91.17527
Hurricane,2021-11-04,2021,11,Fall,70802,30.445471,-91.17527
Hurricane,2022-02-01,2022,2,Winter,70802,30.445471,-91.17527
Hurricane,2022-03-16,2022,3,Spring,70802,30.445471,-91.17527
Hurricane,2022-05-03,2022,5,Spring,70802,30.445471,-91.17527
Hurricane,2022-07-28,2022,7,Summer,70802,30.445471,-91.17527
Hurricane,2023-02-14,2023,2,Winter,70802,30.445471,-91.17527
Hurricane,2023-04-05,2023,4,Spring,70802,30.445471,-91.17527
Hurricane,2021-09-01,2021,9,Fall,70806,30.448797,-91.124704
Hurricane,2021-09-10,2021,9,Fall,70802,30.445471,-91.17527
Hurricane,2021-09-23,2021,9,Fall,70802,30.445471,-91.17527
Hurricane,2021-09-25,2021,9,Fall,70802,30.445471,-91.17527
Hurricane,2021-09-29,2021,9,Fall,70802,30.445471,-91.17527
Hurricane,2021-11-04,2021,11,Fall,70802,30.445471,-91.17527
Hurricane,2022-02-01,2022,2,Winter,70802,30.445471,-91.17527
Hurricane,2022-03-16,2022,3,Spring,70802,30.445471,-91.17527
Hurricane,2022-07-28,2022,7,Summer,70802,30.445471,-91.17527
Hurricane,2022-09-16,2022,9,Fall,70802,30.445471,-91.17527
Hurricane,2022-11-03,2022,11,Fall,70802,30.445471,-91.17527
Hurricane,2022-12-28,2022,12,Winter,70802,30.445471,-91.17527
Hurricane,2023-02-01,2023,2,Winter,70802,30.445471,-91.17527
Hurricane,2023-04-27,2023,4,Spring,70802,30.445471,-91.17527
Hurricane,2023-09-08,2023,9,Fall,70802,30.445471,-91.17527
Hurricane,2021-09-01,2021,9,Fall,70802,30.445471,-91.17527
Hurricane,2021-09-25,2021,9,Fall,70802,30.445471,-91.17527
Hurricane,2021-09-29,2021,9,Fall,70802,30.445471,-91.17527
Hurricane,2022-01-28,2022,1,Winter,70802,30.445471,-91.17527
Hurricane,2022-03-17,2022,3,Spring,70802,30.445471,-91.17527
Hurricane,2022-10-05,2022,10,Fall,70802,30.445471,-91.17527
Hurricane,2023-02-14,2023,2,Winter,70802,30.445471,-91.17527
Hurricane,2021-09-01,2021,9,Fall,70802,30.445471,-91.17527
Hurricane,2021-11-04,2021,11,Fall,70802,30.445471,-91.17527
Hurricane,2022-02-09,2022,2,Winter,70802,30.445471,-91.17527
Hurricane,2021-09-02,2021,9,Fall,70802,30.445471,-91.17527
Hurricane,2021-09-27,2021,9,Fall,70802,30.445471,-91.17527
Hurricane,2021-09-29,2021,9,Fall,70802,30.445471,-91.17527
Hurricane,2022-02-01,2022,2,Winter,70802,30.445471,-91.17527
Hurricane,2022-05-03,2022,5,Spring,70802,30.445471,-91.17527
Hurricane,2022-08-12,2022,8,Summer,70802,30.445471,-91.17527
Hurricane,2022-11-03,2022,11,Fall,70802,30.445471,-91.17527
Hurricane,2021-09-04,2021,9,Fall,70802,30.445471,-91.17527
Hurricane,2021-09-06,2021,9,Fall,70802,30.445471,-91.17527
Hurricane,2021-09-04,2021,9,Fall,76209,33.2315,-97.109986
Hurricane,2021-09-06,2021,9,Fall,76209,33.2315,-97.109986
Hurricane,2021-09-20,2021,9,Fall,70801,30.449581,-91.185971
Hurricane,2021-10-25,2021,10,Fall,70801,30.449581,-91.185971
Hurricane,2022-01-26,2022,1,Winter,70801,30.449581,-91.185971
Hurricane,2022-04-20,2022,4,Spring,70801,30.449581,-91.185971
Hurricane,2022-05-03,2022,5,Spring,70801,30.449581,-91.185971
Hurricane,2022-05-24,2022,5,Spring,70801,30.449581,-91.185971
Hurricane,2022-06-28,2022,6,Summer,70801,30.449581,-91.185971
Hurricane,2022-07-28,2022,7,Summer,70801,30.449581,-91.185971
Hurricane,2022-08-08,2022,8,Summer,70801,30.449581,-91.185971
Hurricane,2022-08-12,2022,8,Summer,70801,30.449581,-91.185971
Hurricane,2022-09-16,2022,9,Fall,70801,30.449581,-91.185971
Hurricane,2022-12-02,2022,12,Winter,70801,30.449581,-91.185971
Hurricane,2022-12-21,2022,12,Winter,70801,30.449581,-91.185971
Hurricane,2023-02-01,2023,2,Winter,70801,30.449581,-91.185971
Hurricane,2023-04-27,2023,4,Spring,70801,30.449581,-91.185971
Hurricane,2023-09-12,2023,9,Fall,70801,30.449581,-91.185971
Hurricane,2021-09-04,2021,9,Fall,70802,30.445471,-91.17527
Hurricane,2021-11-04,2021,11,Fall,70802,30.445471,-91.17527
Hurricane,2022-02-09,2022,2,Winter,70802,30.445471,-91.17527
Hurricane,2022-04-27,2022,4,Spring,70802,30.445471,-91.17527
Hurricane,2021-09-04,2021,9,Fall,70802,30.445471,-91.17527
Hurricane,2021-09-06,2021,9,Fall,70802,30.445471,-91.17527
Hurricane,2021-09-24,2021,9,Fall,70802,30.445471,-91.17527
Hurricane,2021-10-28,2021,10,Fall,70802,30.445471,-91.17527
Hurricane,2021-11-19,2021,11,Fall,70802,30.445471,-91.17527
Hurricane,2022-02-08,2022,2,Winter,70802,30.445471,-91.17527
Hurricane,2022-05-02,2022,5,Spring,70802,30.445471,-91.17527
Hurricane,2022-08-12,2022,8,Summer,70802,30.445471,-91.17527
Hurricane,2021-09-04,2021,9,Fall,70802,30.445471,-91.17527
Hurricane,2021-09-06,2021,9,Fall,70802,30.445471,-91.17527
Hurricane,2021-11-04,2021,11,Fall,70809,30.394049,-91.07058
Hurricane,2022-02-09,2022,2,Winter,70809,30.394049,-91.07058
Hurricane,2021-09-04,2021,9,Fall,70802,30.445471,-91.17527
Hurricane,2021-09-06,2021,9,Fall,70802,30.445471,-91.17527
Hurricane,2021-09-04,2021,9,Fall,70802,30.445471,-91.17527
Hurricane,2021-11-04,2021,11,Fall,70802,30.445471,-91.17527
Hurricane,2021-09-09,2021,9,Fall,70801,30.449581,-91.185971
Hurricane,2022-02-02,2022,2,Winter,70801,30.449581,-91.185971
Hurricane,2021-09-23,2021,9,Fall,70809,30.394049,-91.07058
Hurricane,2021-10-08,2021,10,Fall,70809,30.394049,-91.07058
Hurricane,2021-12-17,2021,12,Winter,70809,30.394049,-91.07058
Hurricane,2022-02-23,2022,2,Winter,70809,30.394049,-91.07058
Hurricane,2022-08-08,2022,8,Summer,70809,30.394049,-91.07058
Hurricane,2022-09-16,2022,9,Fall,70809,30.394049,-91.07058
Hurricane,2022-09-23,2022,9,Fall,70809,30.394049,-91.07058
Hurricane,2023-09-19,2023,9,Fall,70809,30.394049,-91.07058
Hurricane,2021-09-16,2021,9,Fall,70809,30.394049,-91.07058
Hurricane,2021-10-04,2021,10,Fall,70809,30.394049,-91.07058
Hurricane,2021-09-20,2021,9,Fall,70802,30.445471,-91.17527
Hurricane,2021-12-15,2021,12,Winter,70802,30.445471,-91.17527
Hurricane,2022-01-10,2022,1,Winter,70802,30.445471,-91.17527
Hurricane,2022-02-10,2022,2,Winter,70802,30.445471,-91.17527
Hurricane,2022-03-15,2022,3,Spring,70802,30.445471,-91.17527
Hurricane,2022-04-27,2022,4,Spring,70802,30.445471,-91.17527
Hurricane,2022-08-18,2022,8,Summer,70802,30.445471,-91.17527
Hurricane,2022-10-25,2022,10,Fall,70802,30.445471,-91.17527
Hurricane,2022-12-05,2022,12,Winter,70802,30.445471,-91.17527
Hurricane,2023-05-25,2023,5,Spring,70802,30.445471,-91.17527
Hurricane,2023-08-29,2023,8,Summer,70802,30.445471,-91.17527
Hurricane,2021-09-24,2021,9,Fall,70802,30.445471,-91.17527
Hurricane,2021-09-25,2021,9,Fall,70802,30.445471,-91.17527
Hurricane,2021-09-23,2021,9,Fall,70802,30.445471,-91.17527
Hurricane,2021-09-25,2021,9,Fall,70802,30.445471,-91.17527
Hurricane,2021-09-23,2021,9,Fall,70802,30.445471,-91.17527
Hurricane,2021-09-25,2021,9,Fall,70802,30.445471,-91.17527
Hurricane,2021-09-24,2021,9,Fall,70802,30.445471,-91.17527
Hurricane,2021-09-29,2021,9,Fall,70802,30.445471,-91.17527
Hurricane,2021-11-09,2021,11,Fall,70802,30.445471,-91.17527
Hurricane,2022-01-24,2022,1,Winter,70802,30.445471,-91.17527
Hurricane,2022-04-28,2022,4,Spring,70802,30.445471,-91.17527
Hurricane,2022-06-29,2022,6,Summer,70802,30.445471,-91.17527
Hurricane,2022-11-03,2022,11,Fall,70802,30.445471,-91.17527
Hurricane,2021-10-04,2021,10,Fall,70809,30.394049,-91.07058
Hurricane,2021-10-26,2021,10,Fall,70802,30.445471,-91.17527
Hurricane,2021-11-22,2021,11,Fall,70802,30.445471,-91.17527
Hurricane,2022-02-23,2022,2,Winter,70802,30.445471,-91.17527
Hurricane,2022-03-04,2022,3,Spring,70802,30.445471,-91.17527
Hurricane,2022-06-01,2022,6,Summer,70802,30.445471,-91.17527
Hurricane,2022-06-28,2022,6,Summer,70802,30.445471,-91.17527
Hurricane,2022-07-12,2022,7,Summer,70802,30.445471,-91.17527
Hurricane,2022-09-16,2022,9,Fall,70802,30.445471,-91.17527
Hurricane,2022-12-02,2022,12,Winter,70802,30.445471,-91.17527
Hurricane,2023-02-01,2023,2,Winter,70802,30.445471,-91.17527
Hurricane,2021-10-08,2021,10,Fall,70802,30.445471,-91.17527
Hurricane,2022-01-31,2022,1,Winter,70802,30.445471,-91.17527
Hurricane,2022-02-09,2022,2,Winter,70802,30.445471,-91.17527
Hurricane,2022-03-28,2022,3,Spring,70802,30.445471,-91.17527
Hurricane,2021-10-08,2021,10,Fall,70802,30.445471,-91.17527
Hurricane,2022-05-26,2022,5,Spring,70802,30.445471,-91.17527
Hurricane,2022-10-05,2022,10,Fall,70802,30.445471,-91.17527
Hurricane,2023-04-27,2023,4,Spring,70802,30.445471,-91.17527
Hurricane,2023-07-31,2023,7,Summer,70802,30.445471,-91.17527
Hurricane,2021-10-08,2021,10,Fall,70802,30.445471,-91.17527
Hurricane,2022-02-04,2022,2,Winter,70802,30.445471,-91.17527
Hurricane,2022-03-16,2022,3,Spring,70802,30.445471,-91.17527
Hurricane,2022-08-08,2022,8,Summer,70802,30.445471,-91.17527
Hurricane,2022-11-03,2022,11,Fall,70802,30.445471,-91.17527
Hurricane,2021-10-13,2021,10,Fall,70802,30.445471,-91.17527
Hurricane,2021-12-20,2021,12,Winter,70802,30.445471,-91.17527
Hurricane,2022-02-04,2022,2,Winter,70802,30.445471,-91.17527
Hurricane,2022-04-27,2022,4,Spring,70802,30.445471,-91.17527
Hurricane,2022-05-20,2022,5,Spring,70802,30.445471,-91.17527
Hurricane,2022-08-08,2022,8,Summer,70802,30.445471,-91.17527
Hurricane,2022-08-25,2022,8,Summer,70802,30.445471,-91.17527
Hurricane,2021-08-30,2021,8,Summer,70806,30.448797,-91.124704
Hurricane,2021-11-23,2021,11,Fall,70806,30.448797,-91.124704
Hurricane,2021-10-07,2021,10,Fall,76209,33.2315,-97.109986
Hurricane,2021-11-23,2021,11,Fall,76209,33.2315,-97.109986
Hurricane,2021-10-16,2021,10,Fall,70802,30.445471,-91.17527
Hurricane,2021-10-22,2021,10,Fall,70802,30.445471,-91.17527
Hurricane,2021-11-03,2021,11,Fall,70802,30.445471,-91.17527
Hurricane,2022-11-02,2022,11,Fall,70802,30.445471,-91.17527
Hurricane,2021-09-17,2021,9,Fall,70802,30.445471,-91.17527
Hurricane,2021-09-24,2021,9,Fall,70802,30.445471,-91.17527
Hurricane,2021-10-16,2021,10,Fall,70802,30.445471,-91.17527
Hurricane,2021-11-03,2021,11,Fall,70802,30.445471,-91.17527
Hurricane,2021-11-10,2021,11,Fall,70802,30.445471,-91.17527
Hurricane,2022-04-20,2022,4,Spring,70802,30.445471,-91.17527
Hurricane,2022-04-20,2022,4,Spring,70802,30.445471,-91.17527
Hurricane,2021-08-31,2021,8,Summer,76209,33.2315,-97.109986
Hurricane,2021-09-13,2021,9,Fall,76209,33.2315,-97.109986
Hurricane,2021-09-27,2021,9,Fall,76209,33.2315,-97.109986
Hurricane,2022-05-27,2022,5,Spring,76209,33.2315,-97.109986
Hurricane,2021-08-31,2021,8,Summer,76209,33.2315,-97.109986
Hurricane,2022-05-02,2022,5,Spring,76209,33.2315,-97.109986
Hurricane,2021-09-18,2021,9,Fall,70802,30.445471,-91.17527
Hurricane,2021-10-16,2021,10,Fall,70802,30.445471,-91.17527
Hurricane,2022-05-27,2022,5,Spring,70802,30.445471,-91.17527
Hurricane,2021-10-07,2021,10,Fall,70802,30.445471,-91.17527
Hurricane,2022-02-02,2022,2,Winter,70802,30.445471,-91.17527
Hurricane,2021-08-31,2021,8,Summer,70814,30.485018,-91.061669
Hurricane,2022-07-28,2022,7,Summer,70814,30.485018,-91.061669
Hurricane,2021-08-31,2021,8,Summer,70065,30.026672,-90.25345
Hurricane,2022-07-28,2022,7,Summer,70065,30.026672,-90.25345
Hurricane,2021-09-01,2021,9,Fall,76115,32.6785,-97.330511
Hurricane,2022-07-28,2022,7,Summer,76115,32.6785,-97.330511
Hurricane,2021-09-23,2021,9,Fall,70802,30.445471,-91.17527
Hurricane,2022-11-03,2022,11,Fall,70802,30.445471,-91.17527
Hurricane,2021-10-12,2021,10,Fall,70802,30.445471,-91.17527
Hurricane,2022-05-02,2022,5,Spring,70802,30.445471,-91.17527
Hurricane,2021-09-18,2021,9,Fall,70802,30.445471,-91.17527
Hurricane,2021-10-16,2021,10,Fall,70802,30.445471,-91.17527
Hurricane,2021-11-03,2021,11,Fall,70802,30.445471,-91.17527
Hurricane,2021-11-05,2021,11,Fall,70802,30.445471,-91.17527
Hurricane,2022-01-24,2022,1,Winter,70802,30.445471,-91.17527
Hurricane,2022-01-26,2022,1,Winter,70802,30.445471,-91.17527
Hurricane,2023-07-31,2023,7,Summer,70802,30.445471,-91.17527
Hurricane,2021-09-18,2021,9,Fall,70802,30.445471,-91.17527
Hurricane,2021-10-12,2021,10,Fall,70802,30.445471,-91.17527
Hurricane,2021-10-16,2021,10,Fall,70802,30.445471,-91.17527
Hurricane,2022-08-25,2022,8,Summer,70802,30.445471,-91.17527
Hurricane,2022-09-01,2022,9,Fall,70802,30.445471,-91.17527
Hurricane,2021-09-18,2021,9,Fall,70802,30.445471,-91.17527
Hurricane,2021-09-22,2021,9,Fall,70802,30.445471,-91.17527
Hurricane,2021-09-18,2021,9,Fall,70802,30.445471,-91.17527
Hurricane,2022-06-01,2022,6,Summer,70802,30.445471,-91.17527
Hurricane,2022-08-12,2022,8,Summer,70802,30.445471,-91.17527
Hurricane,2021-08-30,2021,8,Summer,70806,30.448797,-91.124704
Hurricane,2021-12-13,2021,12,Winter,70806,30.448797,-91.124704
Hurricane,2021-08-31,2021,8,Summer,76209,33.2315,-97.109986
Hurricane,2021-11-22,2021,11,Fall,76209,33.2315,-97.109986
Hurricane,2021-10-09,2021,10,Fall,70802,30.445471,-91.17527
Hurricane,2021-10-16,2021,10,Fall,70802,30.445471,-91.17527
Hurricane,2022-01-13,2022,1,Winter,70802,30.445471,-91.17527
Hurricane,2022-11-02,2022,11,Fall,70802,30.445471,-91.17527
Hurricane,2023-05-16,2023,5,Spring,70802,30.445471,-91.17527
Hurricane,2023-05-30,2023,5,Spring,70802,30.445471,-91.17527
Hurricane,2023-07-31,2023,7,Summer,70802,30.445471,-91.17527
Hurricane,2021-09-29,2021,9,Fall,70802,30.445471,-91.17527
Hurricane,2022-06-23,2022,6,Summer,70802,30.445471,-91.17527
Hurricane,2021-09-22,2021,9,Fall,70802,30.445471,-91.17527
Hurricane,2021-09-24,2021,9,Fall,70802,30.445471,-91.17527
Hurricane,2021-09-29,2021,9,Fall,70802,30.445471,-91.17527
Hurricane,2021-10-05,2021,10,Fall,70802,30.445471,-91.17527
Hurricane,2021-12-20,2021,12,Winter,70802,30.445471,-91.17527
Hurricane,2022-08-08,2022,8,Summer,70802,30.445471,-91.17527
Hurricane,2022-11-03,2022,11,Fall,70802,30.445471,-91.17527
Hurricane,2021-08-31,2021,8,Summer,76209,33.2315,-97.109986
Hurricane,2021-09-28,2021,9,Fall,76209,33.2315,-97.109986
Hurricane,2021-09-01,2021,9,Fall,70506,30.195834,-92.080781
Hurricane,2022-05-04,2022,5,Spring,70506,30.195834,-92.080781
Hurricane,2021-09-24,2021,9,Fall,70802,30.445471,-91.17527
Hurricane,2022-04-28,2022,4,Spring,70802,30.445471,-91.17527
Hurricane,2023-01-04,2023,1,Winter,70802,30.445471,-91.17527
Hurricane,2023-08-07,2023,8,Summer,70802,30.445471,-91.17527
Hurricane,2021-09-11,2021,9,Fall,70802,30.445471,-91.17527
Hurricane,2021-09-22,2021,9,Fall,70802,30.445471,-91.17527
Hurricane,2021-09-29,2021,9,Fall,70802,30.445471,-91.17527
Hurricane,2021-10-07,2021,10,Fall,70802,30.445471,-91.17527
Hurricane,2022-03-08,2022,3,Spring,70802,30.445471,-91.17527
Hurricane,2022-11-02,2022,11,Fall,70802,30.445471,-91.17527
Hurricane,2021-10-07,2021,10,Fall,70802,30.445471,-91.17527
Hurricane,2021-10-23,2021,10,Fall,70802,30.445471,-91.17527
Hurricane,2022-03-08,2022,3,Spring,70802,30.445471,-91.17527
Hurricane,2022-11-02,2022,11,Fall,70802,30.445471,-91.17527
Hurricane,2021-08-31,2021,8,Summer,71360,31.324271,-92.354146
Hurricane,2021-09-02,2021,9,Fall,71360,31.324271,-92.354146
Hurricane,2021-08-30,2021,8,Summer,71360,31.324271,-92.354146
Hurricane,2022-01-21,2022,1,Winter,71360,31.324271,-92.354146
Hurricane,2021-09-01,2021,9,Fall,70814,30.485018,-91.061669
Hurricane,2021-09-11,2021,9,Fall,70814,30.485018,-91.061669
Hurricane,2022-01-12,2022,1,Winter,70814,30.485018,-91.061669
Hurricane,2022-03-30,2022,3,Spring,70814,30.485018,-91.061669
Hurricane,2022-08-12,2022,8,Summer,70814,30.485018,-91.061669
Hurricane,2021-08-31,2021,8,Summer,71303,31.281321,-92.547344
Hurricane,2021-09-30,2021,9,Fall,71303,31.281321,-92.547344
Hurricane,2021-09-02,2021,9,Fall,71360,31.324271,-92.354146
Hurricane,2021-09-19,2021,9,Fall,71360,31.324271,-92.354146
Hurricane,2022-03-16,2022,3,Spring,71360,31.324271,-92.354146
Hurricane,2022-04-20,2022,4,Spring,71360,31.324271,-92.354146
Hurricane,2021-09-14,2021,9,Fall,70815,30.455363,-91.066491
Hurricane,2021-09-26,2021,9,Fall,70815,30.455363,-91.066491
Hurricane,2021-09-29,2021,9,Fall,70815,30.455363,-91.066491
Hurricane,2022-03-16,2022,3,Spring,70815,30.455363,-91.066491
Hurricane,2023-08-09,2023,8,Summer,70815,30.455363,-91.066491
Hurricane,2023-08-25,2023,8,Summer,70815,30.455363,-91.066491
Hurricane,2021-09-30,2021,9,Fall,71303,31.281321,-92.547344
Hurricane,2022-06-01,2022,6,Summer,71303,31.281321,-92.547344
Hurricane,2021-10-08,2021,10,Fall,71303,31.281321,-92.547344
Hurricane,2022-01-21,2022,1,Winter,71303,31.281321,-92.547344
Hurricane,2021-12-01,2021,12,Winter,70814,30.485018,-91.061669
Hurricane,2021-12-13,2021,12,Winter,70814,30.485018,-91.061669
Hurricane,2021-12-15,2021,12,Winter,70814,30.485018,-91.061669
Hurricane,2022-03-17,2022,3,Spring,70814,30.485018,-91.061669
Hurricane,2022-03-21,2022,3,Spring,70814,30.485018,-91.061669
Hurricane,2022-04-27,2022,4,Spring,70814,30.485018,-91.061669
Hurricane,2022-07-12,2022,7,Summer,70814,30.485018,-91.061669
Hurricane,2023-07-18,2023,7,Summer,70814,30.485018,-91.061669
Hurricane,2021-08-30,2021,8,Summer,70062,29.991657,-90.258116
Hurricane,2021-08-31,2021,8,Summer,70062,29.991657,-90.258116
Hurricane,2021-08-30,2021,8,Summer,70062,29.991657,-90.258116
Hurricane,2022-11-02,2022,11,Fall,70062,29.991657,-90.258116
Hurricane,2021-08-30,2021,8,Summer,70062,29.991657,-90.258116
Hurricane,2022-11-02,2022,11,Fall,70062,29.991657,-90.258116
Hurricane,2021-08-31,2021,8,Summer,71459,31.077352,-93.22042
Hurricane,2021-09-04,2021,9,Fall,71459,31.077352,-93.22042
Hurricane,2021-11-02,2021,11,Fall,71459,31.077352,-93.22042
Hurricane,2022-05-03,2022,5,Spring,71459,31.077352,-93.22042
Hurricane,2022-11-02,2022,11,Fall,71459,31.077352,-93.22042
Hurricane,2022-11-22,2022,11,Fall,71459,31.077352,-93.22042
Hurricane,2021-08-31,2021,8,Summer,71459,31.077352,-93.22042
Hurricane,2021-09-04,2021,9,Fall,71459,31.077352,-93.22042
Hurricane,2021-11-02,2021,11,Fall,71459,31.077352,-93.22042
Hurricane,2021-09-01,2021,9,Fall,71360,31.324271,-92.354146
Hurricane,2021-09-07,2021,9,Fall,71360,31.324271,-92.354146
Hurricane,2021-09-23,2021,9,Fall,71360,31.324271,-92.354146
Hurricane,2022-05-03,2022,5,Spring,71360,31.324271,-92.354146
Hurricane,2022-11-17,2022,11,Fall,71360,31.324271,-92.354146
Hurricane,2021-09-02,2021,9,Fall,70806,30.448797,-91.124704
Hurricane,2022-02-01,2022,2,Winter,70806,30.448797,-91.124704
Hurricane,2021-08-31,2021,8,Summer,76209,33.2315,-97.109986
Hurricane,2021-09-02,2021,9,Fall,76209,33.2315,-97.109986
Hurricane,2021-10-14,2021,10,Fall,76209,33.2315,-97.109986
Hurricane,2022-05-03,2022,5,Spring,76209,33.2315,-97.109986
Hurricane,2022-08-25,2022,8,Summer,76209,33.2315,-97.109986
Hurricane,2021-09-01,2021,9,Fall,70062,29.991657,-90.258116
Hurricane,2022-02-01,2022,2,Winter,70062,29.991657,-90.258116
Hurricane,2021-09-03,2021,9,Fall,20024,38.870543,-77.026826
Hurricane,2022-11-02,2022,11,Fall,20024,38.870543,-77.026826
Hurricane,2021-08-31,2021,8,Summer,70802,30.445471,-91.17527
Hurricane,2022-02-01,2022,2,Winter,70802,30.445471,-91.17527
Hurricane,2022-10-24,2022,10,Fall,70802,30.445471,-91.17527
Hurricane,2021-09-18,2021,9,Fall,70802,30.445471,-91.17527
Hurricane,2021-09-24,2021,9,Fall,70802,30.445471,-91.17527
Hurricane,2021-10-15,2021,10,Fall,70802,30.445471,-91.17527
Hurricane,2023-07-31,2023,7,Summer,70802,30.445471,-91.17527
Hurricane,2023-08-07,2023,8,Summer,70802,30.445471,-91.17527
Hurricane,2021-08-31,2021,8,Summer,76209,33.2315,-97.109986
Hurricane,2021-09-01,2021,9,Fall,76209,33.2315,-97.109986
Hurricane,2021-10-01,2021,10,Fall,70802,30.445471,-91.17527
Hurricane,2021-11-08,2021,11,Fall,70802,30.445471,-91.17527
Hurricane,2021-12-20,2021,12,Winter,70802,30.445471,-91.17527
Hurricane,2022-02-03,2022,2,Winter,70802,30.445471,-91.17527
Hurricane,2022-02-24,2022,2,Winter,70802,30.445471,-91.17527
Hurricane,2022-04-04,2022,4,Spring,70802,30.445471,-91.17527
Hurricane,2022-05-05,2022,5,Spring,70802,30.445471,-91.17527
Hurricane,2022-07-07,2022,7,Summer,70802,30.445471,-91.17527
Hurricane,2022-08-09,2022,8,Summer,70802,30.445471,-91.17527
Hurricane,2022-09-08,2022,9,Fall,70802,30.445471,-91.17527
Hurricane,2022-11-02,2022,11,Fall,70802,30.445471,-91.17527
Hurricane,2022-11-21,2022,11,Fall,70802,30.445471,-91.17527
Hurricane,2022-12-02,2022,12,Winter,70802,30.445471,-91.17527
Hurricane,2022-12-20,2022,12,Winter,70802,30.445471,-91.17527
Hurricane,2023-07-31,2023,7,Summer,70802,30.445471,-91.17527
Hurricane,2021-08-31,2021,8,Summer,70802,30.445471,-91.17527
Hurricane,2021-09-23,2021,9,Fall,70802,30.445471,-91.17527
Hurricane,2021-09-30,2021,9,Fall,70802,30.445471,-91.17527
Hurricane,2022-01-31,2022,1,Winter,70802,30.445471,-91.17527
Hurricane,2021-10-09,2021,10,Fall,70802,30.445471,-91.17527
Hurricane,2021-12-20,2021,12,Winter,70802,30.445471,-91.17527
Hurricane,2022-04-18,2022,4,Spring,70802,30.445471,-91.17527
Hurricane,2022-11-02,2022,11,Fall,70802,30.445471,-91.17527
Hurricane,2022-02-23,2022,2,Winter,70809,30.394049,-91.07058
Hurricane,2021-08-31,2021,8,Summer,76209,33.2315,-97.109986
Hurricane,2022-02-01,2022,2,Winter,76209,33.2315,-97.109986
Hurricane,2021-09-01,2021,9,Fall,70810,30.345423,-91.094293
Hurricane,2021-09-08,2021,9,Fall,70810,30.345423,-91.094293
Hurricane,2022-02-01,2022,2,Winter,70810,30.345423,-91.094293
Hurricane,2022-05-04,2022,5,Spring,70810,30.345423,-91.094293
Hurricane,2022-07-28,2022,7,Summer,70810,30.345423,-91.094293
Hurricane,2023-07-31,2023,7,Summer,70810,30.345423,-91.094293
Hurricane,2021-09-18,2021,9,Fall,70802,30.445471,-91.17527
Hurricane,2021-10-12,2021,10,Fall,70802,30.445471,-91.17527
Hurricane,2021-10-12,2021,10,Fall,70802,30.445471,-91.17527
Hurricane,2022-01-31,2022,1,Winter,70802,30.445471,-91.17527
Hurricane,2021-09-18,2021,9,Fall,70802,30.445471,-91.17527
Hurricane,2022-02-02,2022,2,Winter,70802,30.445471,-91.17527
Hurricane,2021-08-31,2021,8,Summer,76209,33.2315,-97.109986
Hurricane,2022-02-01,2022,2,Winter,76209,33.2315,-97.109986
Hurricane,2021-08-31,2021,8,Summer,76209,33.2315,-97.109986
Hurricane,2021-09-01,2021,9,Fall,76209,33.2315,-97.109986
Hurricane,2022-05-04,2022,5,Spring,76209,33.2315,-97.109986
Hurricane,2022-08-08,2022,8,Summer,76209,33.2315,-97.109986
Hurricane,2021-08-31,2021,8,Summer,70802,30.445471,-91.17527
Hurricane,2021-09-01,2021,9,Fall,70802,30.445471,-91.17527
Hurricane,2021-09-01,2021,9,Fall,70802,30.445471,-91.17527
Hurricane,2022-03-17,2022,3,Spring,70802,30.445471,-91.17527
Hurricane,2022-05-04,2022,5,Spring,70802,30.445471,-91.17527
Hurricane,2022-06-23,2022,6,Summer,70802,30.445471,-91.17527
Hurricane,2021-08-30,2021,8,Summer,70802,30.445471,-91.17527
Hurricane,2021-09-08,2021,9,Fall,70802,30.445471,-91.17527
Hurricane,2022-07-29,2022,7,Summer,70802,30.445471,-91.17527
Hurricane,2021-09-02,2021,9,Fall,70811,30.537682,-91.134907
Hurricane,2022-07-29,2022,7,Summer,70811,30.537682,-91.134907
Hurricane,2023-03-14,2023,3,Spring,70811,30.537682,-91.134907
Hurricane,2021-09-09,2021,9,Fall,70079,30.002153,-90.412317
Hurricane,2021-09-28,2021,9,Fall,70079,30.002153,-90.412317
Hurricane,2022-07-29,2022,7,Summer,70079,30.002153,-90.412317
Hurricane,2021-09-18,2021,9,Fall,70802,30.445471,-91.17527
Hurricane,2021-09-24,2021,9,Fall,70802,30.445471,-91.17527
Hurricane,2021-10-16,2021,10,Fall,70802,30.445471,-91.17527
Hurricane,2021-11-03,2021,11,Fall,70802,30.445471,-91.17527
Hurricane,2022-08-08,2022,8,Summer,70802,30.445471,-91.17527
Hurricane,2021-09-22,2021,9,Fall,70079,30.002153,-90.412317
Hurricane,2021-09-28,2021,9,Fall,70079,30.002153,-90.412317
Hurricane,2021-09-05,2021,9,Fall,70806,30.448797,-91.124704
Hurricane,2022-06-23,2022,6,Summer,70806,30.448797,-91.124704
Hurricane,2021-09-05,2021,9,Fall,70806,30.448797,-91.124704
Hurricane,2022-06-23,2022,6,Summer,70806,30.448797,-91.124704
Hurricane,2021-08-31,2021,8,Summer,76209,33.2315,-97.109986
Hurricane,2021-09-02,2021,9,Fall,76209,33.2315,-97.109986
Hurricane,2021-09-13,2021,9,Fall,76209,33.2315,-97.109986
Hurricane,2021-09-24,2021,9,Fall,76209,33.2315,-97.109986
Hurricane,2021-12-16,2021,12,Winter,76209,33.2315,-97.109986
Hurricane,2022-03-11,2022,3,Spring,76209,33.2315,-97.109986
Hurricane,2022-06-15,2022,6,Summer,76209,33.2315,-97.109986
Hurricane,2022-09-13,2022,9,Fall,76209,33.2315,-97.109986
Hurricane,2022-10-24,2022,10,Fall,76209,33.2315,-97.109986
Hurricane,2022-12-20,2022,12,Winter,76209,33.2315,-97.109986
Hurricane,2023-03-17,2023,3,Spring,76209,33.2315,-97.109986
Hurricane,2023-06-15,2023,6,Summer,76209,33.2315,-97.109986
Hurricane,2023-08-29,2023,8,Summer,76209,33.2315,-97.109986
Hurricane,2021-09-02,2021,9,Fall,76115,32.6785,-97.330511
Hurricane,2021-09-23,2021,9,Fall,76115,32.6785,-97.330511
Hurricane,2022-01-21,2022,1,Winter,76115,32.6785,-97.330511
Hurricane,2022-03-10,2022,3,Spring,76115,32.6785,-97.330511
Hurricane,2021-11-04,2021,11,Fall,70809,30.394049,-91.07058
Hurricane,2021-08-30,2021,8,Summer,70062,29.991657,-90.258116
Hurricane,2022-06-23,2022,6,Summer,70062,29.991657,-90.258116
Hurricane,2021-08-30,2021,8,Summer,70062,29.991657,-90.258116
Hurricane,2021-11-02,2021,11,Fall,70062,29.991657,-90.258116
Hurricane,2021-08-30,2021,8,Summer,70062,29.991657,-90.258116
Hurricane,2021-08-30,2021,8,Summer,70062,29.991657,-90.258116
Hurricane,2022-05-13,2022,5,Spring,70062,29.991657,-90.258116
Hurricane,2021-08-31,2021,8,Summer,76209,33.2315,-97.109986
Hurricane,2022-06-23,2022,6,Summer,76209,33.2315,-97.109986
Hurricane,2021-08-30,2021,8,Summer,70062,29.991657,-90.258116
Hurricane,2022-05-13,2022,5,Spring,70062,29.991657,-90.258116
Hurricane,2021-08-31,2021,8,Summer,71303,31.281321,-92.547344
Hurricane,2022-06-23,2022,6,Summer,71303,31.281321,-92.547344
Hurricane,2021-09-01,2021,9,Fall,75050,32.773069,-97.005227
Hurricane,2022-06-23,2022,6,Summer,75050,32.773069,-97.005227
Hurricane,2021-09-01,2021,9,Fall,70301,29.808328,-90.750267
Hurricane,2021-09-04,2021,9,Fall,70301,29.808328,-90.750267
Hurricane,2022-03-25,2022,3,Spring,70301,29.808328,-90.750267
Hurricane,2022-11-04,2022,11,Fall,70301,29.808328,-90.750267
Hurricane,2021-09-01,2021,9,Fall,71302,31.197018,-92.37022
Hurricane,2022-06-23,2022,6,Summer,71302,31.197018,-92.37022
Hurricane,2021-09-09,2021,9,Fall,70802,30.445471,-91.17527
Hurricane,2021-09-28,2021,9,Fall,70802,30.445471,-91.17527
Hurricane,2022-06-23,2022,6,Summer,70802,30.445471,-91.17527
Hurricane,2021-09-24,2021,9,Fall,70802,30.445471,-91.17527
Hurricane,2021-09-28,2021,9,Fall,70802,30.445471,-91.17527
Hurricane,2021-10-05,2021,10,Fall,70802,30.445471,-91.17527
Hurricane,2021-12-20,2021,12,Winter,70802,30.445471,-91.17527
Hurricane,2022-02-08,2022,2,Winter,70802,30.445471,-91.17527
Hurricane,2022-09-16,2022,9,Fall,70802,30.445471,-91.17527
Hurricane,2022-11-04,2022,11,Fall,70802,30.445471,-91.17527
Hurricane,2022-12-08,2022,12,Winter,70802,30.445471,-91.17527
Hurricane,2023-01-09,2023,1,Winter,70802,30.445471,-91.17527
Hurricane,2021-09-03,2021,9,Fall,70802,30.445471,-91.17527
Hurricane,2021-09-09,2021,9,Fall,70802,30.445471,-91.17527
Hurricane,2021-11-16,2021,11,Fall,70802,30.445471,-91.17527
Hurricane,2021-10-14,2021,10,Fall,70802,30.445471,-91.17527
Hurricane,2021-12-20,2021,12,Winter,70802,30.445471,-91.17527
Hurricane,2022-02-07,2022,2,Winter,70802,30.445471,-91.17527
Hurricane,2023-03-20,2023,3,Spring,70802,30.445471,-91.17527
Hurricane,2021-09-15,2021,9,Fall,70802,30.445471,-91.17527
Hurricane,2021-09-18,2021,9,Fall,70802,30.445471,-91.17527
Hurricane,2021-09-24,2021,9,Fall,70802,30.445471,-91.17527
Hurricane,2021-11-03,2021,11,Fall,70802,30.445471,-91.17527
Hurricane,2021-09-23,2021,9,Fall,70802,30.445471,-91.17527
Hurricane,2021-12-08,2021,12,Winter,70802,30.445471,-91.17527
Hurricane,2022-03-15,2022,3,Spring,70802,30.445471,-91.17527
Hurricane,2022-05-02,2022,5,Spring,70802,30.445471,-91.17527
Hurricane,2022-08-12,2022,8,Summer,70802,30.445471,-91.17527
Hurricane,2022-10-25,2022,10,Fall,70802,30.445471,-91.17527
Hurricane,2022-12-05,2022,12,Winter,70802,30.445471,-91.17527
Hurricane,2023-05-24,2023,5,Spring,70802,30.445471,-91.17527
Hurricane,2023-08-29,2023,8,Summer,70802,30.445471,-91.17527
Hurricane,2021-08-31,2021,8,Summer,76209,33.2315,-97.109986
Hurricane,2022-02-02,2022,2,Winter,76209,33.2315,-97.109986
Hurricane,2021-08-31,2021,8,Summer,76209,33.2315,-97.109986
Hurricane,2022-02-17,2022,2,Winter,76209,33.2315,-97.109986
Hurricane,2022-07-07,2022,7,Summer,76209,33.2315,-97.109986
Hurricane,2022-08-16,2022,8,Summer,76209,33.2315,-97.109986
Hurricane,2021-10-04,2021,10,Fall,70802,30.445471,-91.17527
Hurricane,2021-12-20,2021,12,Winter,70802,30.445471,-91.17527
Hurricane,2022-03-28,2022,3,Spring,70802,30.445471,-91.17527
Hurricane,2022-09-19,2022,9,Fall,70802,30.445471,-91.17527
Hurricane,2021-08-30,2021,8,Summer,70062,29.991657,-90.258116
Hurricane,2021-08-30,2021,8,Summer,70062,29.991657,-90.258116
Hurricane,2021-09-06,2021,9,Fall,07722,40.287799,-74.166807
Hurricane,2021-11-22,2021,11,Fall,07722,40.287799,-74.166807
Hurricane,2021-09-20,2021,9,Fall,08512,40.324357,-74.525526
Hurricane,2022-02-28,2022,2,Winter,08512,40.324357,-74.525526
Hurricane,2022-05-23,2022,5,Spring,08512,40.324357,-74.525526
Hurricane,2022-11-02,2022,11,Fall,08512,40.324357,-74.525526
Hurricane,2023-02-09,2023,2,Winter,08512,40.324357,-74.525526
Hurricane,2022-01-20,2022,1,Winter,08512,40.324357,-74.525526
Hurricane,2022-02-16,2022,2,Winter,08512,40.324357,-74.525526
Hurricane,2022-03-14,2022,3,Spring,08512,40.324357,-74.525526
Hurricane,2022-11-02,2022,11,Fall,08512,40.324357,-74.525526
Hurricane,2021-09-08,2021,9,Fall,08628,40.264418,-74.827047
Hurricane,2022-03-30,2022,3,Spring,08628,40.264418,-74.827047
Hurricane,2021-09-24,2021,9,Fall,07722,40.287799,-74.166807
Hurricane,2021-11-10,2021,11,Fall,07722,40.287799,-74.166807
Hurricane,2022-01-19,2022,1,Winter,07722,40.287799,-74.166807
Hurricane,2022-03-15,2022,3,Spring,07722,40.287799,-74.166807
Hurricane,2022-12-08,2022,12,Winter,07722,40.287799,-74.166807
Hurricane,2021-09-29,2021,9,Fall,08512,40.324357,-74.525526
Hurricane,2022-08-05,2022,8,Summer,08512,40.324357,-74.525526
Hurricane,2021-09-19,2021,9,Fall,08512,40.324357,-74.525526
Hurricane,2021-09-23,2021,9,Fall,08512,40.324357,-74.525526
Hurricane,2022-02-22,2022,2,Winter,08512,40.324357,-74.525526
Hurricane,2022-08-11,2022,8,Summer,08512,40.324357,-74.525526
Hurricane,2022-12-08,2022,12,Winter,08512,40.324357,-74.525526
Hurricane,2023-08-08,2023,8,Summer,08512,40.324357,-74.525526
Hurricane,2021-09-19,2021,9,Fall,08512,40.324357,-74.525526
Hurricane,2023-05-08,2023,5,Spring,08512,40.324357,-74.525526
Hurricane,2021-09-06,2021,9,Fall,07722,40.287799,-74.166807
Hurricane,2022-02-04,2022,2,Winter,07722,40.287799,-74.166807
Hurricane,2022-12-20,2022,12,Winter,07722,40.287799,-74.166807
Hurricane,2021-09-19,2021,9,Fall,08512,40.324357,-74.525526
Hurricane,2022-08-11,2022,8,Summer,08512,40.324357,-74.525526
Hurricane,2021-09-06,2021,9,Fall,11201,40.6937,-73.989859
Hurricane,2021-11-22,2021,11,Fall,11201,40.6937,-73.989859
Hurricane,2021-10-07,2021,10,Fall,11201,40.6937,-73.989859
Hurricane,2021-10-19,2021,10,Fall,11201,40.6937,-73.989859
Hurricane,2021-11-09,2021,11,Fall,11201,40.6937,-73.989859
Hurricane,2021-12-03,2021,12,Winter,11201,40.6937,-73.989859
Hurricane,2022-02-28,2022,2,Winter,11201,40.6937,-73.989859
Hurricane,2022-05-23,2022,5,Spring,11201,40.6937,-73.989859
Hurricane,2022-11-02,2022,11,Fall,11201,40.6937,-73.989859
Hurricane,2023-02-09,2023,2,Winter,11201,40.6937,-73.989859
Hurricane,2021-09-27,2021,9,Fall,10007,40.713868,-74.007866
Hurricane,2022-05-23,2022,5,Spring,10007,40.713868,-74.007866
Hurricane,2021-09-24,2021,9,Fall,10007,40.713868,-74.007866
Hurricane,2021-09-30,2021,9,Fall,10007,40.713868,-74.007866
Hurricane,2021-11-08,2021,11,Fall,10007,40.713868,-74.007866
Hurricane,2022-08-24,2022,8,Summer,10007,40.713868,-74.007866
Hurricane,2022-08-25,2022,8,Summer,10007,40.713868,-74.007866
Hurricane,2021-09-27,2021,9,Fall,10007,40.713868,-74.007866
Hurricane,2022-03-30,2022,3,Spring,10007,40.713868,-74.007866
Hurricane,2021-09-27,2021,9,Fall,10007,40.713868,-74.007866
Hurricane,2022-05-23,2022,5,Spring,10007,40.713868,-74.007866
Hurricane,2021-09-27,2021,9,Fall,10007,40.713868,-74.007866
Hurricane,2021-09-29,2021,9,Fall,10007,40.713868,-74.007866
Hurricane,2022-02-22,2022,2,Winter,10007,40.713868,-74.007866
Hurricane,2022-08-11,2022,8,Summer,10007,40.713868,-74.007866
Hurricane,2022-12-08,2022,12,Winter,10007,40.713868,-74.007866
Hurricane,2023-05-08,2023,5,Spring,10007,40.713868,-74.007866
Hurricane,2021-09-27,2021,9,Fall,10007,40.713868,-74.007866
Hurricane,2023-03-17,2023,3,Spring,10007,40.713868,-74.007866
Hurricane,2021-09-27,2021,9,Fall,10007,40.713868,-74.007866
Hurricane,2022-09-09,2022,9,Fall,10007,40.713868,-74.007866
Hurricane,2021-09-27,2021,9,Fall,10007,40.713868,-74.007866
Hurricane,2022-08-11,2022,8,Summer,10007,40.713868,-74.007866
Hurricane,2023-03-29,2023,3,Spring,10007,40.713868,-74.007866
Hurricane,2021-09-28,2021,9,Fall,10007,40.713868,-74.007866
Hurricane,2022-03-30,2022,3,Spring,10007,40.713868,-74.007866
Hurricane,2021-09-27,2021,9,Fall,10007,40.713868,-74.007866
Hurricane,2022-05-23,2022,5,Spring,10007,40.713868,-74.007866
Hurricane,2022-11-02,2022,11,Fall,10007,40.713868,-74.007866
Hurricane,2021-10-13,2021,10,Fall,10007,40.713868,-74.007866
Hurricane,2022-08-11,2022,8,Summer,10007,40.713868,-74.007866
Hurricane,2023-02-09,2023,2,Winter,10007,40.713868,-74.007866
Hurricane,2021-09-27,2021,9,Fall,10007,40.713868,-74.007866
Hurricane,2022-02-22,2022,2,Winter,10007,40.713868,-74.007866
Hurricane,2022-05-23,2022,5,Spring,10007,40.713868,-74.007866
Hurricane,2021-09-27,2021,9,Fall,10007,40.713868,-74.007866
Hurricane,2022-08-11,2022,8,Summer,10007,40.713868,-74.007866
Hurricane,2021-09-06,2021,9,Fall,11201,40.6937,-73.989859
Hurricane,2022-11-23,2022,11,Fall,11201,40.6937,-73.989859
Hurricane,2023-04-21,2023,4,Spring,11201,40.6937,-73.989859
Hurricane,2021-09-09,2021,9,Fall,07722,40.287799,-74.166807
Hurricane,2021-09-28,2021,9,Fall,07722,40.287799,-74.166807
Hurricane,2021-12-31,2021,12,Winter,07722,40.287799,-74.166807
Hurricane,2022-08-11,2022,8,Summer,07722,40.287799,-74.166807
Hurricane,2021-09-27,2021,9,Fall,10007,40.713868,-74.007866
Hurricane,2021-10-03,2021,10,Fall,10007,40.713868,-74.007866
Hurricane,2021-10-06,2021,10,Fall,10007,40.713868,-74.007866
Hurricane,2021-12-08,2021,12,Winter,10007,40.713868,-74.007866
Hurricane,2022-05-23,2022,5,Spring,10007,40.713868,-74.007866
Hurricane,2021-09-27,2021,9,Fall,10007,40.713868,-74.007866
Hurricane,2022-12-16,2022,12,Winter,10007,40.713868,-74.007866
Hurricane,2021-09-16,2021,9,Fall,17110,40.323487,-76.888179
Hurricane,2021-11-05,2021,11,Fall,17110,40.323487,-76.888179
Hurricane,2022-11-21,2022,11,Fall,17110,40.323487,-76.888179
Hurricane,2023-06-20,2023,6,Summer,17110,40.323487,-76.888179
Hurricane,2023-06-27,2023,6,Summer,17110,40.323487,-76.888179
Hurricane,2021-09-13,2021,9,Fall,19106,39.946649,-75.142232
Hurricane,2021-10-07,2021,10,Fall,19106,39.946649,-75.142232
Hurricane,2021-12-06,2021,12,Winter,19106,39.946649,-75.142232
Hurricane,2022-03-16,2022,3,Spring,19106,39.946649,-75.142232
Hurricane,2021-12-17,2021,12,Winter,17110,40.323487,-76.888179
Hurricane,2022-07-27,2022,7,Summer,17110,40.323487,-76.888179
Fire,2021-09-14,2021,9,Fall,95655,38.549228,-121.278598
Fire,2021-09-21,2021,9,Fall,95655,38.549228,-121.278598
Fire,2021-10-27,2021,10,Fall,95655,38.549228,-121.278598
Fire,2021-12-20,2021,12,Winter,95655,38.549228,-121.278598
Fire,2022-01-28,2022,1,Winter,95655,38.549228,-121.278598
Fire,2022-03-29,2022,3,Spring,95655,38.549228,-121.278598
Fire,2022-05-19,2022,5,Spring,95655,38.549228,-121.278598
Fire,2022-08-18,2022,8,Summer,95655,38.549228,-121.278598
Fire,2023-05-16,2023,5,Spring,95655,38.549228,-121.278598
Fire,2021-09-20,2021,9,Fall,95655,38.549228,-121.278598
Fire,2021-10-19,2021,10,Fall,95655,38.549228,-121.278598
Fire,2021-10-27,2021,10,Fall,95655,38.549228,-121.278598
Fire,2021-12-20,2021,12,Winter,95655,38.549228,-121.278598
Fire,2022-01-26,2022,1,Winter,95655,38.549228,-121.278598
Fire,2022-02-28,2022,2,Winter,95655,38.549228,-121.278598
Fire,2022-03-12,2022,3,Spring,95655,38.549228,-121.278598
Fire,2022-04-25,2022,4,Spring,95655,38.549228,-121.278598
Fire,2022-05-23,2022,5,Spring,95655,38.549228,-121.278598
Fire,2022-12-12,2022,12,Winter,95655,38.549228,-121.278598
Fire,2023-03-20,2023,3,Spring,95655,38.549228,-121.278598
Fire,2023-05-16,2023,5,Spring,95655,38.549228,-121.278598
Fire,2021-09-14,2021,9,Fall,95655,38.549228,-121.278598
Fire,2021-11-12,2021,11,Fall,95655,38.549228,-121.278598
Fire,2021-09-14,2021,9,Fall,95655,38.549228,-121.278598
Fire,2021-11-12,2021,11,Fall,95655,38.549228,-121.278598
Fire,2021-09-14,2021,9,Fall,95655,38.549228,-121.278598
Fire,2022-06-01,2022,6,Summer,95655,38.549228,-121.278598
Fire,2022-11-03,2022,11,Fall,95655,38.549228,-121.278598
Fire,2023-08-16,2023,8,Summer,95655,38.549228,-121.278598
Fire,2021-09-14,2021,9,Fall,95655,38.549228,-121.278598
Fire,2022-02-11,2022,2,Winter,95655,38.549228,-121.278598
Fire,2021-09-14,2021,9,Fall,95655,38.549228,-121.278598
Fire,2022-02-11,2022,2,Winter,95655,38.549228,-121.278598
Fire,2021-09-14,2021,9,Fall,95655,38.549228,-121.278598
Fire,2022-02-11,2022,2,Winter,95655,38.549228,-121.278598
Fire,2021-09-14,2021,9,Fall,95655,38.549228,-121.278598
Fire,2021-11-12,2021,11,Fall,95655,38.549228,-121.278598
Fire,2021-09-14,2021,9,Fall,95655,38.549228,-121.278598
Fire,2022-02-11,2022,2,Winter,95655,38.549228,-121.278598
Fire,2022-03-24,2022,3,Spring,95655,38.549228,-121.278598
Fire,2022-04-12,2022,4,Spring,95655,38.549228,-121.278598
Fire,2021-09-14,2021,9,Fall,95655,38.549228,-121.278598
Fire,2022-02-11,2022,2,Winter,95655,38.549228,-121.278598
Fire,2022-03-24,2022,3,Spring,95655,38.549228,-121.278598
Fire,2022-04-12,2022,4,Spring,95655,38.549228,-121.278598
Flood,2021-12-23,2021,12,Winter,06095,41.873832,-72.676805
Flood,2022-03-15,2022,3,Spring,06095,41.873832,-72.676805
Flood,2022-05-18,2022,5,Spring,06095,41.873832,-72.676805
Flood,2022-09-01,2022,9,Fall,06095,41.873832,-72.676805
Flood,2022-04-29,2022,4,Spring,03301,43.238596,-71.556261
Flood,2022-11-03,2022,11,Fall,03301,43.238596,-71.556261
Flood,2021-10-13,2021,10,Fall,01754,42.425955,-71.456256
Flood,2022-11-03,2022,11,Fall,01754,42.425955,-71.456256
Flood,2023-04-05,2023,4,Spring,01754,42.425955,-71.456256
Tornado,2022-02-08,2022,2,Winter,40601,38.234919,-84.868786
Tornado,2022-03-10,2022,3,Spring,40601,38.234919,-84.868786
Tornado,2022-04-27,2022,4,Spring,40601,38.234919,-84.868786
Tornado,2022-07-25,2022,7,Summer,40601,38.234919,-84.868786
Tornado,2023-01-24,2023,1,Winter,40601,38.234919,-84.868786
Tornado,2021-12-18,2021,12,Winter,40601,38.234919,-84.868786
Tornado,2022-01-06,2022,1,Winter,40601,38.234919,-84.868786
Tornado,2022-05-24,2022,5,Spring,40601,38.234919,-84.868786
Tornado,2022-07-25,2022,7,Summer,40601,38.234919,-84.868786
Tornado,2022-12-15,2022,12,Winter,40601,38.234919,-84.868786
Tornado,2021-12-18,2021,12,Winter,40601,38.234919,-84.868786
Tornado,2022-05-10,2022,5,Spring,40601,38.234919,-84.868786
Tornado,2021-12-21,2021,12,Winter,40601,38.234919,-84.868786
Tornado,2022-06-02,2022,6,Summer,40601,38.234919,-84.868786
Tornado,2023-01-24,2023,1,Winter,40601,38.234919,-84.868786
Tornado,2022-01-05,2022,1,Winter,40601,38.234919,-84.868786
Tornado,2022-05-24,2022,5,Spring,40601,38.234919,-84.868786
Tornado,2022-07-25,2022,7,Summer,40601,38.234919,-84.868786
Tornado,2023-02-08,2023,2,Winter,40601,38.234919,-84.868786
Tornado,2023-05-03,2023,5,Spring,40601,38.234919,-84.868786
Tornado,2022-01-06,2022,1,Winter,40601,38.234919,-84.868786
Tornado,2022-02-11,2022,2,Winter,40601,38.234919,-84.868786
Tornado,2022-06-06,2022,6,Summer,40601,38.234919,-84.868786
Tornado,2022-07-25,2022,7,Summer,40601,38.234919,-84.868786
Tornado,2022-12-20,2022,12,Winter,40601,38.234919,-84.868786
Tornado,2022-03-17,2022,3,Spring,40601,38.234919,-84.868786
Tornado,2022-06-02,2022,6,Summer,40601,38.234919,-84.868786
Tornado,2022-05-24,2022,5,Spring,40601,38.234919,-84.868786
Tornado,2022-07-25,2022,7,Summer,40601,38.234919,-84.868786
Tornado,2022-09-21,2022,9,Fall,40601,38.234919,-84.868786
Tornado,2022-10-02,2022,10,Fall,40601,38.234919,-84.868786
Tornado,2022-11-02,2022,11,Fall,40601,38.234919,-84.868786
Tornado,2022-05-24,2022,5,Spring,40601,38.234919,-84.868786
Tornado,2022-07-25,2022,7,Summer,40601,38.234919,-84.868786
Tornado,2022-08-17,2022,8,Summer,40601,38.234919,-84.868786
Tornado,2022-09-21,2022,9,Fall,40601,38.234919,-84.868786
Tornado,2022-10-02,2022,10,Fall,40601,38.234919,-84.868786
Tornado,2022-11-02,2022,11,Fall,40601,38.234919,-84.868786
Tornado,2022-06-01,2022,6,Summer,40601,38.234919,-84.868786
Tornado,2022-01-29,2022,1,Winter,40601,38.234919,-84.868786
Tornado,2023-01-18,2023,1,Winter,40601,38.234919,-84.868786
Tornado,2023-05-04,2023,5,Spring,40601,38.234919,-84.868786
Tornado,2022-01-13,2022,1,Winter,40601,38.234919,-84.868786
Tornado,2022-03-15,2022,3,Spring,40601,38.234919,-84.868786
Tornado,2022-06-10,2022,6,Summer,40601,38.234919,-84.868786
Tornado,2022-10-27,2022,10,Fall,40601,38.234919,-84.868786
Tornado,2023-07-27,2023,7,Summer,40601,38.234919,-84.868786
Tornado,2023-09-21,2023,9,Fall,40601,38.234919,-84.868786
Tornado,2021-12-13,2021,12,Winter,40601,38.234919,-84.868786
Tornado,2021-12-15,2021,12,Winter,40601,38.234919,-84.868786
Tornado,2022-08-31,2022,8,Summer,40601,38.234919,-84.868786
Tornado,2021-12-16,2021,12,Winter,20002,38.905026,-76.983607
Tornado,2022-04-26,2022,4,Spring,20002,38.905026,-76.983607
Tornado,2022-01-15,2022,1,Winter,40601,38.234919,-84.868786
Tornado,2022-06-06,2022,6,Summer,40601,38.234919,-84.868786
Tornado,2022-12-15,2022,12,Winter,40601,38.234919,-84.868786
Tornado,2022-05-24,2022,5,Spring,40601,38.234919,-84.868786
Tornado,2022-12-15,2022,12,Winter,40601,38.234919,-84.868786
Tornado,2022-05-24,2022,5,Spring,40601,38.234919,-84.868786
Tornado,2023-01-05,2023,1,Winter,40601,38.234919,-84.868786
Tornado,2021-12-28,2021,12,Winter,40601,38.234919,-84.868786
Tornado,2022-01-06,2022,1,Winter,40601,38.234919,-84.868786
Tornado,2022-02-09,2022,2,Winter,40601,38.234919,-84.868786
Tornado,2022-03-18,2022,3,Spring,40601,38.234919,-84.868786
Tornado,2022-04-15,2022,4,Spring,40601,38.234919,-84.868786
Tornado,2023-03-09,2023,3,Spring,40601,38.234919,-84.868786
Tornado,2021-12-15,2021,12,Winter,40601,38.234919,-84.868786
Tornado,2022-05-10,2022,5,Spring,40601,38.234919,-84.868786
Tornado,2022-11-16,2022,11,Fall,40601,38.234919,-84.868786
Tornado,2022-05-10,2022,5,Spring,40601,38.234919,-84.868786
Tornado,2022-11-16,2022,11,Fall,40601,38.234919,-84.868786
Tornado,2022-01-05,2022,1,Winter,40601,38.234919,-84.868786
Tornado,2022-03-31,2022,3,Spring,40601,38.234919,-84.868786
Tornado,2022-05-20,2022,5,Spring,40601,38.234919,-84.868786
Tornado,2023-08-22,2023,8,Summer,40601,38.234919,-84.868786
Tornado,2022-01-14,2022,1,Winter,40601,38.234919,-84.868786
Tornado,2022-04-06,2022,4,Spring,40601,38.234919,-84.868786
Tornado,2021-12-30,2021,12,Winter,40601,38.234919,-84.868786
Tornado,2022-03-30,2022,3,Spring,40601,38.234919,-84.868786
Tornado,2022-05-20,2022,5,Spring,40601,38.234919,-84.868786
Tornado,2022-06-10,2022,6,Summer,40601,38.234919,-84.868786
Tornado,2022-07-20,2022,7,Summer,40601,38.234919,-84.868786
Tornado,2023-01-11,2023,1,Winter,40601,38.234919,-84.868786
Tornado,2023-03-21,2023,3,Spring,40601,38.234919,-84.868786
Tornado,2022-01-11,2022,1,Winter,72118,34.840468,-92.326035
Tornado,2023-01-26,2023,1,Winter,72118,34.840468,-92.326035
Tornado,2023-04-26,2023,4,Spring,72118,34.840468,-92.326035
Tornado,2021-12-30,2021,12,Winter,76209,33.2315,-97.109986
Tornado,2022-01-24,2022,1,Winter,76209,33.2315,-97.109986
Tornado,2022-08-25,2022,8,Summer,76209,33.2315,-97.109986
Fire,2022-01-02,2022,1,Winter,80112,39.573236,-104.86489
Fire,2022-01-18,2022,1,Winter,80112,39.573236,-104.86489
Fire,2022-02-09,2022,2,Winter,80112,39.573236,-104.86489
Fire,2022-06-22,2022,6,Summer,80112,39.573236,-104.86489
Fire,2022-02-23,2022,2,Winter,80111,39.612004,-104.882787
Fire,2022-05-06,2022,5,Spring,80111,39.612004,-104.882787
Fire,2022-06-22,2022,6,Summer,80111,39.612004,-104.882787
Fire,2023-02-08,2023,2,Winter,80111,39.612004,-104.882787
Fire,2023-05-24,2023,5,Spring,80111,39.612004,-104.882787
Fire,2022-01-02,2022,1,Winter,80229,39.85425,-104.957598
Fire,2022-01-01,2022,1,Winter,80229,39.85425,-104.957598
Fire,2022-01-06,2022,1,Winter,80229,39.85425,-104.957598
Fire,2023-03-28,2023,3,Spring,80229,39.85425,-104.957598
Fire,2022-01-27,2022,1,Winter,80112,39.573236,-104.86489
Fire,2022-12-19,2022,12,Winter,80112,39.573236,-104.86489
Fire,2022-05-06,2022,5,Spring,80229,39.85425,-104.957598
Fire,2023-05-02,2023,5,Spring,80229,39.85425,-104.957598
Fire,2022-01-24,2022,1,Winter,80249,39.854746,-104.695804
Fire,2022-12-19,2022,12,Winter,80249,39.854746,-104.695804
Fire,2022-03-03,2022,3,Spring,80203,39.731419,-104.982764
Fire,2023-03-14,2023,3,Spring,80203,39.731419,-104.982764
Flood,2022-06-16,2022,6,Summer,98503,47.02332,-122.793549
Flood,2022-07-28,2022,7,Summer,98503,47.02332,-122.793549
Flood,2022-09-09,2022,9,Fall,98503,47.02332,-122.793549
Flood,2023-02-03,2023,2,Winter,98503,47.02332,-122.793549
Flood,2022-01-07,2022,1,Winter,98503,47.02332,-122.793549
Flood,2022-01-19,2022,1,Winter,98503,47.02332,-122.793549
Flood,2023-02-03,2023,2,Winter,98503,47.02332,-122.793549
Flood,2022-07-15,2022,7,Summer,98503,47.02332,-122.793549
Flood,2022-09-09,2022,9,Fall,98503,47.02332,-122.793549
Flood,2023-02-03,2023,2,Winter,98503,47.02332,-122.793549
Flood,2022-07-05,2022,7,Summer,98503,47.02332,-122.793549
Flood,2022-07-07,2022,7,Summer,98503,47.02332,-122.793549
Flood,2022-07-08,2022,7,Summer,98503,47.02332,-122.793549
Flood,2022-12-07,2022,12,Winter,98503,47.02332,-122.793549
Flood,2022-07-05,2022,7,Summer,98503,47.02332,-122.793549
Flood,2022-09-02,2022,9,Fall,98503,47.02332,-122.793549
Flood,2022-11-28,2022,11,Fall,98503,47.02332,-122.793549
Flood,2022-01-06,2022,1,Winter,98021,47.792571,-122.208429
Flood,2022-08-25,2022,8,Summer,98021,47.792571,-122.208429
Flood,2023-03-17,2023,3,Spring,98021,47.792571,-122.208429
Flood,2022-06-06,2022,6,Summer,98226,48.796704,-122.432388
Flood,2022-09-28,2022,9,Fall,98226,48.796704,-122.432388
Flood,2023-03-17,2023,3,Spring,98226,48.796704,-122.432388
Flood,2023-01-24,2023,1,Winter,98503,47.02332,-122.793549
Flood,2022-06-23,2022,6,Summer,98503,47.02332,-122.793549
Flood,2022-06-28,2022,6,Summer,98503,47.02332,-122.793549
Flood,2022-06-28,2022,6,Summer,98503,47.02332,-122.793549
Flood,2022-07-28,2022,7,Summer,98503,47.02332,-122.793549
Flood,2022-10-04,2022,10,Fall,98503,47.02332,-122.793549
Flood,2023-01-18,2023,1,Winter,98503,47.02332,-122.793549
Tornado,2022-02-08,2022,2,Winter,37027,35.999288,-86.785062
Tornado,2022-04-01,2022,4,Spring,37027,35.999288,-86.785062
Tornado,2022-04-21,2022,4,Spring,37027,35.999288,-86.785062
Tornado,2022-08-08,2022,8,Summer,37027,35.999288,-86.785062
Severe Storm,2022-04-07,2022,4,Spring,64131,38.959809,-94.571951
Severe Storm,2022-08-03,2022,8,Summer,64131,38.959809,-94.571951
Severe Storm,2022-05-25,2022,5,Spring,23225,37.519727,-77.510561
Severe Storm,2022-07-12,2022,7,Summer,23225,37.519727,-77.510561
Severe Storm,2022-08-23,2022,8,Summer,23225,37.519727,-77.510561
Severe Storm,2022-04-07,2022,4,Spring,19106,39.946649,-75.142232
Severe Storm,2022-04-19,2022,4,Spring,19106,39.946649,-75.142232
Severe Storm,2022-06-07,2022,6,Summer,19106,39.946649,-75.142232
Severe Storm,2022-09-02,2022,9,Fall,19106,39.946649,-75.142232
Severe Storm,2022-10-27,2022,10,Fall,19106,39.946649,-75.142232
Severe Storm,2022-11-21,2022,11,Fall,19106,39.946649,-75.142232
Severe Storm,2023-02-22,2023,2,Winter,19106,39.946649,-75.142232
Severe Storm,2023-03-15,2023,3,Spring,19106,39.946649,-75.142232
Severe Storm,2023-04-26,2023,4,Spring,19106,39.946649,-75.142232
Severe Storm,2023-08-21,2023,8,Summer,19106,39.946649,-75.142232
Severe Storm,2022-03-18,2022,3,Spring,38305,35.701654,-88.768058
Severe Storm,2023-01-24,2023,1,Winter,38305,35.701654,-88.768058
Flood,2023-07-27,2023,7,Summer,98503,47.02332,-122.793549
Flood,2022-04-15,2022,4,Spring,98503,47.02332,-122.793549
Flood,2022-05-31,2022,5,Spring,98503,47.02332,-122.793549
Flood,2022-07-08,2022,7,Summer,98503,47.02332,-122.793549
Flood,2022-12-07,2022,12,Winter,98503,47.02332,-122.793549
Snowstorm,2022-04-28,2022,4,Spring,01754,42.425955,-71.456256
Snowstorm,2022-06-30,2022,6,Summer,01754,42.425955,-71.456256
Snowstorm,2022-11-03,2022,11,Fall,01754,42.425955,-71.456256
Snowstorm,2023-04-05,2023,4,Spring,01754,42.425955,-71.456256
Snowstorm,2023-05-02,2023,5,Spring,01754,42.425955,-71.456256
Fire,2023-01-11,2023,1,Winter,87701,35.542113,-104.933487
Fire,2023-04-27,2023,4,Spring,87701,35.542113,-104.933487
Fire,2023-07-28,2023,7,Summer,87701,35.542113,-104.933487
Fire,2022-05-05,2022,5,Spring,76209,33.2315,-97.109986
Fire,2022-05-14,2022,5,Spring,76209,33.2315,-97.109986
Fire,2022-05-15,2022,5,Spring,76209,33.2315,-97.109986
Fire,2022-06-07,2022,6,Summer,76209,33.2315,-97.109986
Fire,2022-06-28,2022,6,Summer,76209,33.2315,-97.109986
Fire,2022-07-19,2022,7,Summer,87501,35.708182,-105.851021
Fire,2022-09-26,2022,9,Fall,87501,35.708182,-105.851021
Fire,2022-11-02,2022,11,Fall,87501,35.708182,-105.851021
Fire,2022-12-20,2022,12,Winter,87501,35.708182,-105.851021
Fire,2022-05-06,2022,5,Spring,87108,35.072343,-106.578318
Fire,2022-05-15,2022,5,Spring,87108,35.072343,-106.578318
Fire,2022-05-06,2022,5,Spring,87108,35.072343,-106.578318
Fire,2022-05-11,2022,5,Spring,87108,35.072343,-106.578318
Fire,2022-10-11,2022,10,Fall,87108,35.072343,-106.578318
Fire,2022-10-21,2022,10,Fall,87108,35.072343,-106.578318
Fire,2022-05-11,2022,5,Spring,87108,35.072343,-106.578318
Fire,2022-05-12,2022,5,Spring,87108,35.072343,-106.578318
Fire,2022-05-13,2022,5,Spring,87108,35.072343,-106.578318
Fire,2022-06-13,2022,6,Summer,87108,35.072343,-106.578318
Fire,2022-08-10,2022,8,Summer,87108,35.072343,-106.578318
Fire,2022-11-18,2022,11,Fall,87108,35.072343,-106.578318
Fire,2023-02-08,2023,2,Winter,87108,35.072343,-106.578318
Fire,2023-04-27,2023,4,Spring,87108,35.072343,-106.578318
Fire,2022-06-15,2022,6,Summer,87501,35.708182,-105.851021
Fire,2022-08-03,2022,8,Summer,87501,35.708182,-105.851021
Fire,2022-09-27,2022,9,Fall,87501,35.708182,-105.851021
Fire,2022-11-17,2022,11,Fall,87501,35.708182,-105.851021
Fire,2023-03-07,2023,3,Spring,87501,35.708182,-105.851021
Fire,2023-08-09,2023,8,Summer,87501,35.708182,-105.851021
Fire,2023-08-10,2023,8,Summer,87501,35.708182,-105.851021
Fire,2022-06-15,2022,6,Summer,87501,35.708182,-105.851021
Fire,2022-08-06,2022,8,Summer,87501,35.708182,-105.851021
Fire,2022-08-16,2022,8,Summer,87501,35.708182,-105.851021
Fire,2022-09-15,2022,9,Fall,87501,35.708182,-105.851021
Fire,2022-06-16,2022,6,Summer,87508,35.52063,-105.945842
Fire,2022-07-02,2022,7,Summer,87508,35.52063,-105.945842
Fire,2022-07-07,2022,7,Summer,87508,35.52063,-105.945842
Fire,2022-07-18,2022,7,Summer,87508,35.52063,-105.945842
Fire,2022-08-01,2022,8,Summer,87508,35.52063,-105.945842
Fire,2022-10-17,2022,10,Fall,87508,35.52063,-105.945842
Fire,2023-09-12,2023,9,Fall,87508,35.52063,-105.945842
Fire,2022-07-21,2022,7,Summer,87501,35.708182,-105.851021
Fire,2022-08-02,2022,8,Summer,87501,35.708182,-105.851021
Fire,2022-08-01,2022,8,Summer,87508,35.52063,-105.945842
Fire,2022-09-12,2022,9,Fall,87508,35.52063,-105.945842
Fire,2022-08-02,2022,8,Summer,87501,35.708182,-105.851021
Fire,2022-09-12,2022,9,Fall,87501,35.708182,-105.851021
Fire,2022-09-13,2022,9,Fall,87508,35.52063,-105.945842
Fire,2022-09-15,2022,9,Fall,87508,35.52063,-105.945842
Fire,2022-10-07,2022,10,Fall,87508,35.52063,-105.945842
Fire,2022-11-02,2022,11,Fall,87508,35.52063,-105.945842
Fire,2022-12-20,2022,12,Winter,87508,35.52063,-105.945842
Fire,2023-03-23,2023,3,Spring,87508,35.52063,-105.945842
Fire,2022-09-13,2022,9,Fall,87501,35.708182,-105.851021
Fire,2022-09-26,2022,9,Fall,87501,35.708182,-105.851021
Fire,2022-10-27,2022,10,Fall,87501,35.708182,-105.851021
Fire,2022-11-02,2022,11,Fall,87501,35.708182,-105.851021
Fire,2023-03-06,2023,3,Spring,87501,35.708182,-105.851021
Fire,2023-05-18,2023,5,Spring,87505,35.619795,-105.866981
Fire,2022-05-12,2022,5,Spring,76209,33.2315,-97.109986
Fire,2022-06-21,2022,6,Summer,76209,33.2315,-97.109986
Fire,2022-06-29,2022,6,Summer,76209,33.2315,-97.109986
Fire,2022-08-01,2022,8,Summer,87508,35.52063,-105.945842
Fire,2022-09-30,2022,9,Fall,87508,35.52063,-105.945842
Fire,2023-05-01,2023,5,Spring,87508,35.52063,-105.945842
Fire,2023-09-12,2023,9,Fall,87508,35.52063,-105.945842
Fire,2022-05-17,2022,5,Spring,87508,35.52063,-105.945842
Fire,2022-05-18,2022,5,Spring,87508,35.52063,-105.945842
Fire,2022-06-27,2022,6,Summer,87508,35.52063,-105.945842
Fire,2022-07-28,2022,7,Summer,87508,35.52063,-105.945842
Fire,2022-11-17,2022,11,Fall,87508,35.52063,-105.945842
Fire,2022-05-05,2022,5,Spring,76209,33.2315,-97.109986
Fire,2022-05-11,2022,5,Spring,76209,33.2315,-97.109986
Fire,2022-05-11,2022,5,Spring,87508,35.52063,-105.945842
Fire,2022-06-08,2022,6,Summer,87508,35.52063,-105.945842
Fire,2022-06-09,2022,6,Summer,87508,35.52063,-105.945842
Fire,2022-06-17,2022,6,Summer,87501,35.708182,-105.851021
Fire,2022-08-10,2022,8,Summer,87501,35.708182,-105.851021
Fire,2023-02-09,2023,2,Winter,87501,35.708182,-105.851021
Fire,2023-05-01,2023,5,Spring,87501,35.708182,-105.851021
Fire,2022-07-12,2022,7,Summer,87501,35.708182,-105.851021
Fire,2022-09-26,2022,9,Fall,87501,35.708182,-105.851021
Fire,2022-11-28,2022,11,Fall,87501,35.708182,-105.851021
Fire,2023-03-06,2023,3,Spring,87501,35.708182,-105.851021
Fire,2023-03-06,2023,3,Spring,87501,35.708182,-105.851021
Fire,2023-08-09,2023,8,Summer,87501,35.708182,-105.851021
Fire,2022-07-06,2022,7,Summer,87508,35.52063,-105.945842
Fire,2023-02-22,2023,2,Winter,87508,35.52063,-105.945842
Fire,2022-08-01,2022,8,Summer,87501,35.708182,-105.851021
Fire,2022-12-06,2022,12,Winter,87501,35.708182,-105.851021
Fire,2023-02-09,2023,2,Winter,87501,35.708182,-105.851021
Fire,2022-08-03,2022,8,Summer,87501,35.708182,-105.851021
Fire,2022-08-11,2022,8,Summer,87501,35.708182,-105.851021
Fire,2022-05-05,2022,5,Spring,76209,33.2315,-97.109986
Fire,2022-05-06,2022,5,Spring,76209,33.2315,-97.109986
Fire,2023-03-14,2023,3,Spring,76209,33.2315,-97.109986
Fire,2022-05-26,2022,5,Spring,87508,35.52063,-105.945842
Fire,2022-07-07,2022,7,Summer,87508,35.52063,-105.945842
Fire,2022-08-05,2022,8,Summer,87508,35.52063,-105.945842
Fire,2022-12-13,2022,12,Winter,87508,35.52063,-105.945842
Fire,2022-07-07,2022,7,Summer,87508,35.52063,-105.945842
Fire,2022-09-01,2022,9,Fall,87508,35.52063,-105.945842
Fire,2022-12-06,2022,12,Winter,87508,35.52063,-105.945842
Fire,2022-07-07,2022,7,Summer,87508,35.52063,-105.945842
Fire,2022-07-20,2022,7,Summer,87508,35.52063,-105.945842
Fire,2022-12-06,2022,12,Winter,87508,35.52063,-105.945842
Fire,2022-08-01,2022,8,Summer,87508,35.52063,-105.945842
Fire,2022-09-12,2022,9,Fall,87508,35.52063,-105.945842
Fire,2022-08-03,2022,8,Summer,87508,35.52063,-105.945842
Fire,2022-09-27,2022,9,Fall,87508,35.52063,-105.945842
Fire,2022-12-13,2022,12,Winter,87508,35.52063,-105.945842
Fire,2023-02-09,2023,2,Winter,87508,35.52063,-105.945842
Fire,2022-09-13,2022,9,Fall,87508,35.52063,-105.945842
Fire,2022-10-24,2022,10,Fall,87508,35.52063,-105.945842
Fire,2022-11-02,2022,11,Fall,87508,35.52063,-105.945842
Fire,2022-12-20,2022,12,Winter,87508,35.52063,-105.945842
Fire,2023-04-07,2023,4,Spring,87508,35.52063,-105.945842
Fire,2023-06-21,2023,6,Summer,87508,35.52063,-105.945842
Fire,2023-07-28,2023,7,Summer,87508,35.52063,-105.945842
Fire,2023-08-08,2023,8,Summer,87508,35.52063,-105.945842
Fire,2023-08-23,2023,8,Summer,87508,35.52063,-105.945842
Fire,2023-09-25,2023,9,Fall,87508,35.52063,-105.945842
Fire,2023-05-25,2023,5,Spring,87508,35.52063,-105.945842
Fire,2023-09-25,2023,9,Fall,87508,35.52063,-105.945842
Fire,2023-09-25,2023,9,Fall,87508,35.52063,-105.945842
Fire,2022-06-09,2022,6,Summer,87501,35.708182,-105.851021
Fire,2022-08-03,2022,8,Summer,87501,35.708182,-105.851021
Fire,2022-09-27,2022,9,Fall,87501,35.708182,-105.851021
Fire,2022-12-05,2022,12,Winter,87501,35.708182,-105.851021
Fire,2023-03-06,2023,3,Spring,87501,35.708182,-105.851021
Fire,2023-05-31,2023,5,Spring,87501,35.708182,-105.851021
Fire,2022-05-11,2022,5,Spring,76209,33.2315,-97.109986
Fire,2022-05-12,2022,5,Spring,76209,33.2315,-97.109986
Fire,2022-05-13,2022,5,Spring,76209,33.2315,-97.109986
Fire,2022-06-09,2022,6,Summer,76209,33.2315,-97.109986
Fire,2022-07-07,2022,7,Summer,87501,35.708182,-105.851021
Fire,2022-07-25,2022,7,Summer,87501,35.708182,-105.851021
Fire,2022-09-26,2022,9,Fall,87501,35.708182,-105.851021
Fire,2022-06-09,2022,6,Summer,87501,35.708182,-105.851021
Fire,2022-08-10,2022,8,Summer,87501,35.708182,-105.851021
Fire,2022-09-27,2022,9,Fall,87501,35.708182,-105.851021
Fire,2022-12-28,2022,12,Winter,87501,35.708182,-105.851021
Fire,2022-06-14,2022,6,Summer,87508,35.52063,-105.945842
Fire,2022-06-30,2022,6,Summer,87508,35.52063,-105.945842
Fire,2022-08-05,2022,8,Summer,87501,35.708182,-105.851021
Fire,2022-07-27,2022,7,Summer,87508,35.52063,-105.945842
Fire,2022-08-05,2022,8,Summer,87508,35.52063,-105.945842
Fire,2022-09-12,2022,9,Fall,87508,35.52063,-105.945842
Fire,2022-10-26,2022,10,Fall,87508,35.52063,-105.945842
Fire,2022-07-29,2022,7,Summer,87508,35.52063,-105.945842
Fire,2022-08-15,2022,8,Summer,87508,35.52063,-105.945842
Fire,2023-05-04,2023,5,Spring,87508,35.52063,-105.945842
Fire,2022-09-13,2022,9,Fall,87508,35.52063,-105.945842
Fire,2022-09-13,2022,9,Fall,87508,35.52063,-105.945842
Fire,2022-10-28,2022,10,Fall,87508,35.52063,-105.945842
Fire,2022-05-18,2022,5,Spring,87508,35.52063,-105.945842
Fire,2022-05-20,2022,5,Spring,87508,35.52063,-105.945842
Fire,2022-08-09,2022,8,Summer,87508,35.52063,-105.945842
Fire,2023-02-09,2023,2,Winter,87508,35.52063,-105.945842
Fire,2023-07-28,2023,7,Summer,87508,35.52063,-105.945842
Fire,2022-05-05,2022,5,Spring,76209,33.2315,-97.109986
Fire,2022-05-31,2022,5,Spring,76209,33.2315,-97.109986
Fire,2022-07-25,2022,7,Summer,87501,35.708182,-105.851021
Fire,2022-09-26,2022,9,Fall,87501,35.708182,-105.851021
Fire,2022-11-02,2022,11,Fall,87501,35.708182,-105.851021
Fire,2022-12-20,2022,12,Winter,87501,35.708182,-105.851021
Fire,2023-03-31,2023,3,Spring,87501,35.708182,-105.851021
Fire,2023-06-15,2023,6,Summer,87501,35.708182,-105.851021
Fire,2023-09-18,2023,9,Fall,87501,35.708182,-105.851021
Fire,2022-05-11,2022,5,Spring,76209,33.2315,-97.109986
Fire,2022-05-27,2022,5,Spring,76209,33.2315,-97.109986
Fire,2022-06-09,2022,6,Summer,87501,35.708182,-105.851021
Fire,2022-08-03,2022,8,Summer,87501,35.708182,-105.851021
Fire,2022-08-04,2022,8,Summer,87501,35.708182,-105.851021
Fire,2022-09-20,2022,9,Fall,87501,35.708182,-105.851021
Fire,2022-09-29,2022,9,Fall,87501,35.708182,-105.851021
Fire,2022-11-17,2022,11,Fall,87501,35.708182,-105.851021
Fire,2023-03-07,2023,3,Spring,87501,35.708182,-105.851021
Fire,2022-05-11,2022,5,Spring,76209,33.2315,-97.109986
Fire,2022-05-13,2022,5,Spring,76209,33.2315,-97.109986
Fire,2022-05-27,2022,5,Spring,76209,33.2315,-97.109986
Fire,2022-05-05,2022,5,Spring,76209,33.2315,-97.109986
Fire,2022-08-08,2022,8,Summer,76209,33.2315,-97.109986
Fire,2022-05-05,2022,5,Spring,76209,33.2315,-97.109986
Fire,2022-05-20,2022,5,Spring,76209,33.2315,-97.109986
Fire,2022-06-21,2022,6,Summer,76209,33.2315,-97.109986
Fire,2022-07-28,2022,7,Summer,87508,35.52063,-105.945842
Fire,2023-02-08,2023,2,Winter,87508,35.52063,-105.945842
Fire,2023-06-08,2023,6,Summer,87508,35.52063,-105.945842
Fire,2022-06-22,2022,6,Summer,87508,35.52063,-105.945842
Fire,2022-07-02,2022,7,Summer,87508,35.52063,-105.945842
Fire,2022-08-25,2022,8,Summer,87508,35.52063,-105.945842
Fire,2023-05-01,2023,5,Spring,87508,35.52063,-105.945842
Fire,2023-09-26,2023,9,Fall,87508,35.52063,-105.945842
Fire,2022-07-13,2022,7,Summer,87501,35.708182,-105.851021
Fire,2022-09-14,2022,9,Fall,87501,35.708182,-105.851021
Fire,2022-11-18,2022,11,Fall,87501,35.708182,-105.851021
Fire,2022-12-15,2022,12,Winter,87501,35.708182,-105.851021
Fire,2023-03-14,2023,3,Spring,87501,35.708182,-105.851021
Fire,2023-04-10,2023,4,Spring,87501,35.708182,-105.851021
Fire,2023-04-19,2023,4,Spring,87501,35.708182,-105.851021
Snowstorm,2022-05-18,2022,5,Spring,01754,42.425955,-71.456256
Snowstorm,2023-04-05,2023,4,Spring,01754,42.425955,-71.456256
Snowstorm,2023-08-15,2023,8,Summer,01754,42.425955,-71.456256
Flood,2022-06-17,2022,6,Summer,80229,39.85425,-104.957598
Flood,2022-06-23,2022,6,Summer,80229,39.85425,-104.957598
Flood,2022-07-26,2022,7,Summer,59714,45.972611,-111.133999
Flood,2022-10-26,2022,10,Fall,59636,46.61614,-112.114018
Flood,2022-12-12,2022,12,Winter,59602,46.726915,-111.908265
Flood,2023-03-28,2023,3,Spring,59602,46.726915,-111.908265
Flood,2022-07-07,2022,7,Summer,59714,45.972611,-111.133999
Flood,2022-08-01,2022,8,Summer,59714,45.972611,-111.133999
Flood,2023-02-08,2023,2,Winter,59714,45.972611,-111.133999
Flood,2023-08-29,2023,8,Summer,59714,45.972611,-111.133999
Flood,2022-07-26,2022,7,Summer,59714,45.972611,-111.133999
Flood,2022-10-27,2022,10,Fall,59636,46.61614,-112.114018
Flood,2023-02-08,2023,2,Winter,59636,46.61614,-112.114018
Flood,2022-06-17,2022,6,Summer,59601,46.53069,-112.199398
Flood,2023-02-08,2023,2,Winter,59601,46.53069,-112.199398
Flood,2022-06-24,2022,6,Summer,59636,46.61614,-112.114018
Flood,2022-08-02,2022,8,Summer,59636,46.61614,-112.114018
Flood,2022-09-01,2022,9,Fall,59636,46.61614,-112.114018
Flood,2022-10-05,2022,10,Fall,59636,46.61614,-112.114018
Flood,2022-10-27,2022,10,Fall,59636,46.61614,-112.114018
Flood,2023-05-23,2023,5,Spring,59636,46.61614,-112.114018
Flood,2022-06-17,2022,6,Summer,80229,39.85425,-104.957598
Flood,2023-05-02,2023,5,Spring,80229,39.85425,-104.957598
Flood,2022-06-17,2022,6,Summer,80229,39.85425,-104.957598
Flood,2022-08-16,2022,8,Summer,59714,45.972611,-111.133999
Flood,2022-10-26,2022,10,Fall,59636,46.61614,-112.114018
Flood,2022-12-12,2022,12,Winter,59602,46.726915,-111.908265
Flood,2022-06-28,2022,6,Summer,59636,46.61614,-112.114018
Flood,2023-02-08,2023,2,Winter,59636,46.61614,-112.114018
Flood,2022-06-17,2022,6,Summer,59601,46.53069,-112.199398
Flood,2022-06-18,2022,6,Summer,59601,46.53069,-112.199398
Flood,2023-06-20,2023,6,Summer,59636,46.61614,-112.114018
Flood,2023-08-24,2023,8,Summer,59636,46.61614,-112.114018
Flood,2022-07-14,2022,7,Summer,59636,46.61614,-112.114018
Flood,2022-10-14,2022,10,Fall,59636,46.61614,-112.114018
Flood,2022-12-12,2022,12,Winter,59602,46.726915,-111.908265
Flood,2023-05-23,2023,5,Spring,59602,46.726915,-111.908265
Severe Storm,2022-07-14,2022,7,Summer,57105,43.520296,-96.735607
Severe Storm,2023-02-09,2023,2,Winter,57105,43.520296,-96.735607
Severe Storm,2023-08-28,2023,8,Summer,57105,43.520296,-96.735607
Severe Storm,2022-07-06,2022,7,Summer,57532,44.364929,-100.565604
Severe Storm,2022-08-05,2022,8,Summer,57532,44.364929,-100.565604
Severe Storm,2022-09-15,2022,9,Fall,57532,44.364929,-100.565604
Severe Storm,2022-11-15,2022,11,Fall,57532,44.364929,-100.565604
Severe Storm,2023-01-04,2023,1,Winter,57532,44.364929,-100.565604
Severe Storm,2022-07-14,2022,7,Summer,73118,35.518242,-97.530937
Severe Storm,2022-09-01,2022,9,Fall,73118,35.518242,-97.530937
Severe Storm,2023-01-27,2023,1,Winter,73118,35.518242,-97.530937
Severe Storm,2023-04-26,2023,4,Spring,73118,35.518242,-97.530937
Severe Storm,2022-06-30,2022,6,Summer,76209,33.2315,-97.109986
Severe Storm,2022-07-01,2022,7,Summer,76209,33.2315,-97.109986
Severe Storm,2022-07-25,2022,7,Summer,76209,33.2315,-97.109986
Severe Storm,2023-01-12,2023,1,Winter,76209,33.2315,-97.109986
Severe Storm,2022-08-25,2022,8,Summer,55437,44.824117,-93.342225
Severe Storm,2022-08-30,2022,8,Summer,55437,44.824117,-93.342225
Severe Storm,2023-07-28,2023,7,Summer,55437,44.824117,-93.342225
Severe Storm,2022-07-14,2022,7,Summer,55111,44.890094,-93.190164
Severe Storm,2022-10-26,2022,10,Fall,55111,44.890094,-93.190164
Severe Storm,2022-07-14,2022,7,Summer,60605,41.867566,-87.617228
Severe Storm,2022-08-09,2022,8,Summer,60605,41.867566,-87.617228
Severe Storm,2023-01-27,2023,1,Winter,60605,41.867566,-87.617228
Severe Storm,2022-08-26,2022,8,Summer,55437,44.824117,-93.342225
Severe Storm,2022-11-28,2022,11,Fall,55437,44.824117,-93.342225
Severe Storm,2023-01-09,2023,1,Winter,55437,44.824117,-93.342225
Severe Storm,2023-04-25,2023,4,Spring,55437,44.824117,-93.342225
Severe Storm,2023-04-27,2023,4,Spring,55437,44.824117,-93.342225
Flood,2022-09-05,2022,9,Fall,55437,44.824117,-93.342225
Flood,2022-10-20,2022,10,Fall,55437,44.824117,-93.342225
Flood,2023-01-09,2023,1,Winter,55437,44.824117,-93.342225
Flood,2023-09-27,2023,9,Fall,55437,44.824117,-93.342225
Flood,2022-09-26,2022,9,Fall,40601,38.234919,-84.868786
Flood,2022-11-21,2022,11,Fall,40601,38.234919,-84.868786
Flood,2023-01-17,2023,1,Winter,40601,38.234919,-84.868786
Flood,2023-03-22,2023,3,Spring,40601,38.234919,-84.868786
Flood,2023-05-25,2023,5,Spring,40601,38.234919,-84.868786
Flood,2022-07-30,2022,7,Summer,40601,38.234919,-84.868786
Flood,2022-08-01,2022,8,Summer,40601,38.234919,-84.868786
Flood,2022-08-01,2022,8,Summer,40601,38.234919,-84.868786
Flood,2022-08-19,2022,8,Summer,40601,38.234919,-84.868786
Flood,2022-09-02,2022,9,Fall,40601,38.234919,-84.868786
Flood,2022-09-30,2022,9,Fall,40601,38.234919,-84.868786
Flood,2023-01-25,2023,1,Winter,40601,38.234919,-84.868786
Flood,2023-05-03,2023,5,Spring,40601,38.234919,-84.868786
Flood,2022-08-12,2022,8,Summer,40601,38.234919,-84.868786
Flood,2022-10-03,2022,10,Fall,40601,38.234919,-84.868786
Flood,2022-12-02,2022,12,Winter,40601,38.234919,-84.868786
Flood,2023-01-25,2023,1,Winter,40601,38.234919,-84.868786
Flood,2023-05-03,2023,5,Spring,40601,38.234919,-84.868786
Flood,2022-08-17,2022,8,Summer,40601,38.234919,-84.868786
Flood,2022-09-13,2022,9,Fall,40601,38.234919,-84.868786
Flood,2022-10-19,2022,10,Fall,40601,38.234919,-84.868786
Flood,2022-11-18,2022,11,Fall,40601,38.234919,-84.868786
Flood,2023-01-17,2023,1,Winter,40601,38.234919,-84.868786
Flood,2023-01-27,2023,1,Winter,40601,38.234919,-84.868786
Flood,2023-01-31,2023,1,Winter,40601,38.234919,-84.868786
Flood,2023-03-22,2023,3,Spring,40601,38.234919,-84.868786
Flood,2023-06-22,2023,6,Summer,40601,38.234919,-84.868786
Flood,2022-09-03,2022,9,Fall,40601,38.234919,-84.868786
Flood,2022-11-22,2022,11,Fall,40601,38.234919,-84.868786
Flood,2023-02-23,2023,2,Winter,40601,38.234919,-84.868786
Flood,2023-05-24,2023,5,Spring,40601,38.234919,-84.868786
Flood,2023-08-22,2023,8,Summer,40601,38.234919,-84.868786
Flood,2023-01-27,2023,1,Winter,40601,38.234919,-84.868786
Flood,2023-05-03,2023,5,Spring,40601,38.234919,-84.868786
Flood,2023-01-27,2023,1,Winter,40601,38.234919,-84.868786
Flood,2023-05-03,2023,5,Spring,40601,38.234919,-84.868786
Flood,2022-08-01,2022,8,Summer,40601,38.234919,-84.868786
Flood,2022-08-04,2022,8,Summer,40601,38.234919,-84.868786
Flood,2022-08-12,2022,8,Summer,40601,38.234919,-84.868786
Flood,2022-12-12,2022,12,Winter,40601,38.234919,-84.868786
Flood,2023-05-04,2023,5,Spring,40601,38.234919,-84.868786
Flood,2022-08-12,2022,8,Summer,40601,38.234919,-84.868786
Flood,2022-08-19,2022,8,Summer,40601,38.234919,-84.868786
Flood,2022-12-13,2022,12,Winter,40601,38.234919,-84.868786
Flood,2023-07-27,2023,7,Summer,40601,38.234919,-84.868786
Flood,2022-08-12,2022,8,Summer,40601,38.234919,-84.868786
Flood,2022-10-26,2022,10,Fall,40601,38.234919,-84.868786
Flood,2023-01-27,2023,1,Winter,40601,38.234919,-84.868786
Flood,2023-03-16,2023,3,Spring,40601,38.234919,-84.868786
Flood,2023-05-18,2023,5,Spring,40601,38.234919,-84.868786
Flood,2023-07-03,2023,7,Summer,40601,38.234919,-84.868786
Flood,2022-07-29,2022,7,Summer,41701,37.295501,-83.182614
Flood,2022-07-30,2022,7,Summer,41701,37.295501,-83.182614
Flood,2022-08-04,2022,8,Summer,41701,37.295501,-83.182614
Flood,2022-08-05,2022,8,Summer,41701,37.295501,-83.182614
Flood,2022-08-09,2022,8,Summer,41701,37.295501,-83.182614
Flood,2023-03-16,2023,3,Spring,41701,37.295501,-83.182614
Flood,2023-06-12,2023,6,Summer,41701,37.295501,-83.182614
Flood,2022-07-31,2022,7,Summer,20530,38.893124,-77.025023
Flood,2022-08-04,2022,8,Summer,20530,38.893124,-77.025023
Flood,2022-08-09,2022,8,Summer,20530,38.893124,-77.025023
Flood,2023-03-16,2023,3,Spring,20530,38.893124,-77.025023
Flood,2022-08-01,2022,8,Summer,40601,38.234919,-84.868786
Flood,2022-08-01,2022,8,Summer,40601,38.234919,-84.868786
Flood,2022-08-05,2022,8,Summer,40601,38.234919,-84.868786
Flood,2023-03-09,2023,3,Spring,40601,38.234919,-84.868786
Flood,2023-06-12,2023,6,Summer,40601,38.234919,-84.868786
Flood,2022-08-12,2022,8,Summer,40601,38.234919,-84.868786
Flood,2022-12-10,2022,12,Winter,40601,38.234919,-84.868786
Flood,2023-01-31,2023,1,Winter,40601,38.234919,-84.868786
Flood,2023-03-10,2023,3,Spring,40601,38.234919,-84.868786
Flood,2023-05-09,2023,5,Spring,40601,38.234919,-84.868786
Flood,2023-06-01,2023,6,Summer,40601,38.234919,-84.868786
Flood,2023-07-03,2023,7,Summer,40601,38.234919,-84.868786
Flood,2023-08-09,2023,8,Summer,40601,38.234919,-84.868786
Flood,2023-08-31,2023,8,Summer,40601,38.234919,-84.868786
Flood,2023-03-09,2023,3,Spring,40601,38.234919,-84.868786
Flood,2022-09-27,2022,9,Fall,40601,38.234919,-84.868786
Flood,2022-11-15,2022,11,Fall,40601,38.234919,-84.868786
Flood,2023-02-23,2023,2,Winter,40601,38.234919,-84.868786
Flood,2023-05-25,2023,5,Spring,40601,38.234919,-84.868786
Flood,2023-08-17,2023,8,Summer,40601,38.234919,-84.868786
Flood,2022-08-12,2022,8,Summer,40601,38.234919,-84.868786
Flood,2022-10-03,2022,10,Fall,40601,38.234919,-84.868786
Flood,2022-12-22,2022,12,Winter,40601,38.234919,-84.868786
Flood,2023-03-09,2023,3,Spring,40601,38.234919,-84.868786
Flood,2022-08-02,2022,8,Summer,40601,38.234919,-84.868786
Flood,2022-08-09,2022,8,Summer,40601,38.234919,-84.868786
Flood,2023-08-22,2023,8,Summer,40601,38.234919,-84.868786
Flood,2022-08-12,2022,8,Summer,40601,38.234919,-84.868786
Flood,2022-10-26,2022,10,Fall,40601,38.234919,-84.868786
Flood,2022-07-31,2022,7,Summer,41831,37.387165,-82.953376
Flood,2022-10-27,2022,10,Fall,41831,37.387165,-82.953376
Flood,2023-01-27,2023,1,Winter,41831,37.387165,-82.953376
Flood,2023-01-31,2023,1,Winter,41831,37.387165,-82.953376
Flood,2023-05-03,2023,5,Spring,41831,37.387165,-82.953376
Flood,2022-08-10,2022,8,Summer,40601,38.234919,-84.868786
Flood,2022-11-02,2022,11,Fall,40601,38.234919,-84.868786
Flood,2022-12-02,2022,12,Winter,40601,38.234919,-84.868786
Flood,2023-01-27,2023,1,Winter,40601,38.234919,-84.868786
Flood,2023-05-03,2023,5,Spring,40601,38.234919,-84.868786
Flood,2023-06-01,2023,6,Summer,40601,38.234919,-84.868786
Flood,2023-07-03,2023,7,Summer,40601,38.234919,-84.868786
Flood,2022-09-12,2022,9,Fall,63114,38.702256,-90.363674
Flood,2022-10-13,2022,10,Fall,63114,38.702256,-90.363674
Flood,2023-05-11,2023,5,Spring,63114,38.702256,-90.363674
Flood,2023-05-18,2023,5,Spring,63114,38.702256,-90.363674
Flood,2023-07-31,2023,7,Summer,63114,38.702256,-90.363674
Flood,2022-08-13,2022,8,Summer,63074,38.726366,-90.38892
Flood,2022-08-26,2022,8,Summer,63114,38.702256,-90.363674
Flood,2023-03-30,2023,3,Spring,63114,38.702256,-90.363674
Flood,2023-08-09,2023,8,Summer,63114,38.702256,-90.363674
Flood,2022-09-15,2022,9,Fall,63114,38.702256,-90.363674
Flood,2023-02-09,2023,2,Winter,63114,38.702256,-90.363674
Flood,2022-08-09,2022,8,Summer,64131,38.959809,-94.571951
Flood,2022-08-23,2022,8,Summer,64131,38.959809,-94.571951
Flood,2023-03-30,2023,3,Spring,64131,38.959809,-94.571951
Flood,2022-09-08,2022,9,Fall,63114,38.702256,-90.363674
Flood,2022-09-12,2022,9,Fall,63114,38.702256,-90.363674
Flood,2022-11-09,2022,11,Fall,63114,38.702256,-90.363674
Flood,2022-09-15,2022,9,Fall,63114,38.702256,-90.363674
Flood,2022-11-09,2022,11,Fall,63114,38.702256,-90.363674
Severe Storm,2022-08-24,2022,8,Summer,55437,44.824117,-93.342225
Severe Storm,2022-08-26,2022,8,Summer,55437,44.824117,-93.342225
Severe Storm,2022-08-26,2022,8,Summer,55437,44.824117,-93.342225
Severe Storm,2022-10-20,2022,10,Fall,55437,44.824117,-93.342225
Severe Storm,2023-01-09,2023,1,Winter,55437,44.824117,-93.342225
Severe Storm,2023-04-25,2023,4,Spring,55437,44.824117,-93.342225
Severe Storm,2023-04-27,2023,4,Spring,55437,44.824117,-93.342225
Severe Storm,2022-09-14,2022,9,Fall,85256,33.500609,-111.835063
Severe Storm,2022-10-20,2022,10,Fall,85256,33.500609,-111.835063
Hurricane,2022-09-25,2022,9,Fall,07722,40.287799,-74.166807
Hurricane,2022-09-27,2022,9,Fall,07722,40.287799,-74.166807
Hurricane,2022-10-10,2022,10,Fall,07722,40.287799,-74.166807
Hurricane,2023-02-07,2023,2,Winter,07722,40.287799,-74.166807
Hurricane,2023-03-07,2023,3,Spring,07722,40.287799,-74.166807
Hurricane,2023-06-09,2023,6,Summer,07722,40.287799,-74.166807
Hurricane,2023-08-01,2023,8,Summer,07722,40.287799,-74.166807
Hurricane,2022-09-27,2022,9,Fall,07722,40.287799,-74.166807
Hurricane,2022-11-23,2022,11,Fall,07722,40.287799,-74.166807
Hurricane,2023-05-01,2023,5,Spring,20024,38.870543,-77.026826
Hurricane,2022-09-26,2022,9,Fall,07722,40.287799,-74.166807
Hurricane,2022-09-25,2022,9,Fall,07722,40.287799,-74.166807
Hurricane,2022-09-27,2022,9,Fall,07722,40.287799,-74.166807
Hurricane,2022-10-10,2022,10,Fall,07722,40.287799,-74.166807
Hurricane,2022-10-13,2022,10,Fall,07722,40.287799,-74.166807
Hurricane,2023-05-08,2023,5,Spring,07722,40.287799,-74.166807
Hurricane,2023-05-17,2023,5,Spring,07722,40.287799,-74.166807
Hurricane,2023-05-18,2023,5,Spring,07722,40.287799,-74.166807
Hurricane,2023-09-18,2023,9,Fall,07722,40.287799,-74.166807
Hurricane,2022-09-26,2022,9,Fall,07722,40.287799,-74.166807
Hurricane,2022-09-25,2022,9,Fall,07722,40.287799,-74.166807
Hurricane,2022-09-26,2022,9,Fall,07722,40.287799,-74.166807
Hurricane,2022-10-03,2022,10,Fall,07722,40.287799,-74.166807
Hurricane,2023-02-08,2023,2,Winter,07722,40.287799,-74.166807
Hurricane,2022-10-04,2022,10,Fall,32311,30.39005,-84.181035
Hurricane,2022-11-03,2022,11,Fall,33510,27.955306,-82.299483
Hurricane,2022-12-20,2022,12,Winter,33510,27.955306,-82.299483
Hurricane,2023-01-20,2023,1,Winter,32746,28.771373,-81.353086
Hurricane,2023-05-02,2023,5,Spring,32746,28.771373,-81.353086
Hurricane,2022-09-30,2022,9,Fall,20024,38.870543,-77.026826
Hurricane,2022-10-02,2022,10,Fall,20024,38.870543,-77.026826
Hurricane,2022-10-01,2022,10,Fall,36701,32.496332,-87.057391
Hurricane,2022-10-29,2022,10,Fall,36701,32.496332,-87.057391
Hurricane,2022-11-18,2022,11,Fall,33510,27.955306,-82.299483
Hurricane,2023-01-20,2023,1,Winter,33510,27.955306,-82.299483
Hurricane,2023-02-17,2023,2,Winter,33510,27.955306,-82.299483
Hurricane,2023-05-02,2023,5,Spring,33510,27.955306,-82.299483
Hurricane,2023-05-18,2023,5,Spring,33510,27.955306,-82.299483
Hurricane,2022-10-11,2022,10,Fall,32311,30.39005,-84.181035
Hurricane,2023-02-17,2023,2,Winter,32311,30.39005,-84.181035
Hurricane,2023-05-02,2023,5,Spring,32311,30.39005,-84.181035
Hurricane,2023-05-18,2023,5,Spring,32311,30.39005,-84.181035
Hurricane,2022-09-29,2022,9,Fall,32311,30.39005,-84.181035
Hurricane,2023-02-22,2023,2,Winter,32311,30.39005,-84.181035
Hurricane,2023-05-31,2023,5,Spring,32311,30.39005,-84.181035
Hurricane,2022-09-29,2022,9,Fall,36602,30.697537,-88.04028
Hurricane,2023-02-28,2023,2,Winter,36602,30.697537,-88.04028
Hurricane,2023-06-06,2023,6,Summer,36602,30.697537,-88.04028
Hurricane,2023-08-16,2023,8,Summer,36602,30.697537,-88.04028
Hurricane,2022-10-31,2022,10,Fall,34237,27.338802,-82.514742
Hurricane,2022-11-18,2022,11,Fall,33510,27.955306,-82.299483
Hurricane,2022-12-20,2022,12,Winter,33510,27.955306,-82.299483
Hurricane,2023-01-27,2023,1,Winter,33510,27.955306,-82.299483
Hurricane,2023-03-10,2023,3,Spring,33510,27.955306,-82.299483
Hurricane,2023-06-07,2023,6,Summer,33510,27.955306,-82.299483
Hurricane,2022-09-30,2022,9,Fall,32311,30.39005,-84.181035
Hurricane,2022-10-20,2022,10,Fall,32311,30.39005,-84.181035
Hurricane,2022-11-18,2022,11,Fall,33510,27.955306,-82.299483
Hurricane,2022-12-20,2022,12,Winter,33510,27.955306,-82.299483
Hurricane,2023-06-06,2023,6,Summer,33510,27.955306,-82.299483
Hurricane,2023-07-07,2023,7,Summer,33510,27.955306,-82.299483
Hurricane,2022-10-15,2022,10,Fall,34237,27.338802,-82.514742
Hurricane,2023-01-23,2023,1,Winter,34237,27.338802,-82.514742
Hurricane,2023-07-28,2023,7,Summer,34237,27.338802,-82.514742
Hurricane,2023-08-03,2023,8,Summer,34237,27.338802,-82.514742
Hurricane,2023-09-28,2023,9,Fall,34237,27.338802,-82.514742
Hurricane,2022-10-05,2022,10,Fall,32399,30.383268,-84.231203
Hurricane,2022-10-22,2022,10,Fall,32399,30.383268,-84.231203
Hurricane,2023-03-22,2023,3,Spring,32399,30.383268,-84.231203
Hurricane,2022-10-15,2022,10,Fall,33619,27.935372,-82.37869
Hurricane,2023-01-24,2023,1,Winter,33619,27.935372,-82.37869
Hurricane,2023-03-27,2023,3,Spring,33619,27.935372,-82.37869
Hurricane,2023-04-07,2023,4,Spring,33619,27.935372,-82.37869
Hurricane,2023-08-15,2023,8,Summer,33619,27.935372,-82.37869
Hurricane,2023-08-31,2023,8,Summer,33619,27.935372,-82.37869
Hurricane,2022-10-16,2022,10,Fall,32399,30.383268,-84.231203
Hurricane,2023-02-28,2023,2,Winter,32399,30.383268,-84.231203
Hurricane,2023-05-05,2023,5,Spring,32399,30.383268,-84.231203
Hurricane,2022-10-18,2022,10,Fall,33510,27.955306,-82.299483
Hurricane,2022-11-19,2022,11,Fall,33510,27.955306,-82.299483
Hurricane,2022-12-15,2022,12,Winter,33510,27.955306,-82.299483
Hurricane,2023-01-27,2023,1,Winter,33510,27.955306,-82.299483
Hurricane,2023-03-08,2023,3,Spring,33510,27.955306,-82.299483
Hurricane,2023-06-07,2023,6,Summer,33510,27.955306,-82.299483
Hurricane,2022-10-20,2022,10,Fall,33510,27.955306,-82.299483
Hurricane,2022-11-23,2022,11,Fall,33510,27.955306,-82.299483
Hurricane,2022-11-03,2022,11,Fall,33510,27.955306,-82.299483
Hurricane,2022-11-07,2022,11,Fall,33510,27.955306,-82.299483
Hurricane,2022-11-23,2022,11,Fall,33510,27.955306,-82.299483
Hurricane,2022-12-15,2022,12,Winter,33510,27.955306,-82.299483
Hurricane,2023-01-27,2023,1,Winter,33510,27.955306,-82.299483
Hurricane,2023-02-22,2023,2,Winter,33510,27.955306,-82.299483
Hurricane,2023-03-13,2023,3,Spring,33510,27.955306,-82.299483
Hurricane,2023-03-15,2023,3,Spring,33510,27.955306,-82.299483
Hurricane,2023-04-14,2023,4,Spring,33510,27.955306,-82.299483
Hurricane,2023-05-18,2023,5,Spring,33510,27.955306,-82.299483
Hurricane,2023-06-07,2023,6,Summer,33510,27.955306,-82.299483
Hurricane,2023-09-22,2023,9,Fall,33510,27.955306,-82.299483
Hurricane,2023-09-28,2023,9,Fall,33510,27.955306,-82.299483
Hurricane,2023-03-16,2023,3,Spring,32746,28.771373,-81.353086
Hurricane,2023-05-26,2023,5,Spring,32746,28.771373,-81.353086
Hurricane,2023-06-07,2023,6,Summer,32746,28.771373,-81.353086
Hurricane,2023-09-26,2023,9,Fall,32746,28.771373,-81.353086
Hurricane,2022-10-01,2022,10,Fall,32399,30.383268,-84.231203
Hurricane,2022-10-12,2022,10,Fall,76051,32.942026,-97.07993
Hurricane,2022-10-19,2022,10,Fall,32399,30.383268,-84.231203
Hurricane,2022-10-12,2022,10,Fall,76051,32.942026,-97.07993
Hurricane,2022-10-19,2022,10,Fall,32399,30.383268,-84.231203
Hurricane,2022-10-12,2022,10,Fall,76051,32.942026,-97.07993
Hurricane,2022-10-27,2022,10,Fall,32399,30.383268,-84.231203
Hurricane,2023-05-17,2023,5,Spring,32399,30.383268,-84.231203
Hurricane,2023-05-23,2023,5,Spring,32399,30.383268,-84.231203
Hurricane,2022-10-02,2022,10,Fall,30341,33.888505,-84.289532
Hurricane,2022-11-18,2022,11,Fall,30341,33.888505,-84.289532
Hurricane,2022-11-21,2022,11,Fall,30341,33.888505,-84.289532
Hurricane,2022-10-19,2022,10,Fall,32399,30.383268,-84.231203
Hurricane,2022-10-25,2022,10,Fall,32399,30.383268,-84.231203
Hurricane,2023-05-02,2023,5,Spring,32399,30.383268,-84.231203
Hurricane,2023-05-18,2023,5,Spring,32399,30.383268,-84.231203
Hurricane,2022-11-16,2022,11,Fall,76051,32.942026,-97.07993
Hurricane,2022-11-21,2022,11,Fall,76051,32.942026,-97.07993
Hurricane,2023-02-08,2023,2,Winter,76051,32.942026,-97.07993
Hurricane,2022-10-04,2022,10,Fall,76051,32.942026,-97.07993
Hurricane,2022-10-12,2022,10,Fall,76051,32.942026,-97.07993
Hurricane,2022-10-20,2022,10,Fall,32399,30.383268,-84.231203
Hurricane,2023-02-08,2023,2,Winter,32399,30.383268,-84.231203
Hurricane,2023-02-08,2023,2,Winter,32399,30.383268,-84.231203
Hurricane,2023-09-28,2023,9,Fall,32399,30.383268,-84.231203
Hurricane,2022-11-16,2022,11,Fall,76208,33.208706,-97.05541
Hurricane,2022-10-06,2022,10,Fall,32399,30.383268,-84.231203
Hurricane,2022-10-14,2022,10,Fall,32399,30.383268,-84.231203
Hurricane,2022-10-12,2022,10,Fall,76051,32.942026,-97.07993
Hurricane,2022-10-19,2022,10,Fall,32399,30.383268,-84.231203
Hurricane,2022-09-30,2022,9,Fall,32399,30.383268,-84.231203
Hurricane,2023-07-28,2023,7,Summer,32399,30.383268,-84.231203
Hurricane,2022-10-27,2022,10,Fall,33510,27.955306,-82.299483
Hurricane,2023-07-28,2023,7,Summer,33510,27.955306,-82.299483
Hurricane,2022-10-01,2022,10,Fall,32819,28.453705,-81.472373
Hurricane,2023-07-19,2023,7,Summer,32819,28.453705,-81.472373
Hurricane,2022-10-25,2022,10,Fall,33913,26.514239,-81.696796
Hurricane,2022-12-02,2022,12,Winter,33913,26.514239,-81.696796
Hurricane,2023-07-28,2023,7,Summer,33913,26.514239,-81.696796
Hurricane,2022-09-29,2022,9,Fall,36108,32.3391,-86.401107
Hurricane,2023-01-27,2023,1,Winter,36108,32.3391,-86.401107
Hurricane,2022-10-07,2022,10,Fall,33811,27.978876,-82.015892
Hurricane,2022-11-11,2022,11,Fall,33811,27.978876,-82.015892
Hurricane,2022-09-30,2022,9,Fall,36701,32.496332,-87.057391
Hurricane,2022-10-14,2022,10,Fall,36701,32.496332,-87.057391
Hurricane,2023-07-28,2023,7,Summer,36701,32.496332,-87.057391
Hurricane,2022-10-01,2022,10,Fall,31098,32.614825,-83.578435
Hurricane,2022-11-11,2022,11,Fall,31098,32.614825,-83.578435
Hurricane,2022-10-13,2022,10,Fall,31098,32.614825,-83.578435
Hurricane,2022-11-11,2022,11,Fall,31098,32.614825,-83.578435
Hurricane,2022-11-11,2022,11,Fall,31098,32.614825,-83.578435
Hurricane,2023-05-03,2023,5,Spring,31098,32.614825,-83.578435
Hurricane,2022-10-05,2022,10,Fall,32399,30.383268,-84.231203
Hurricane,2023-01-05,2023,1,Winter,32399,30.383268,-84.231203
Hurricane,2023-04-07,2023,4,Spring,32399,30.383268,-84.231203
Hurricane,2023-06-27,2023,6,Summer,32399,30.383268,-84.231203
Hurricane,2022-09-30,2022,9,Fall,20024,38.870543,-77.026826
Hurricane,2023-05-05,2023,5,Spring,20024,38.870543,-77.026826
Hurricane,2022-09-29,2022,9,Fall,33131,25.765524,-80.184349
Hurricane,2022-10-06,2022,10,Fall,33131,25.765524,-80.184349
Hurricane,2022-10-25,2022,10,Fall,33131,25.765524,-80.184349
Hurricane,2022-10-31,2022,10,Fall,33131,25.765524,-80.184349
Hurricane,2022-12-01,2022,12,Winter,33131,25.765524,-80.184349
Hurricane,2023-05-03,2023,5,Spring,33131,25.765524,-80.184349
Hurricane,2023-07-28,2023,7,Summer,33131,25.765524,-80.184349
Hurricane,2022-10-01,2022,10,Fall,20910,39.00286,-77.036646
Hurricane,2023-02-09,2023,2,Winter,20910,39.00286,-77.036646
Hurricane,2023-05-03,2023,5,Spring,20910,39.00286,-77.036646
Hurricane,2022-10-02,2022,10,Fall,20024,38.870543,-77.026826
Hurricane,2023-05-05,2023,5,Spring,20024,38.870543,-77.026826
Hurricane,2022-10-05,2022,10,Fall,33131,25.765524,-80.184349
Hurricane,2023-05-05,2023,5,Spring,33131,25.765524,-80.184349
Hurricane,2023-09-19,2023,9,Fall,33131,25.765524,-80.184349
Hurricane,2022-10-13,2022,10,Fall,76051,32.942026,-97.07993
Hurricane,2022-10-20,2022,10,Fall,32399,30.383268,-84.231203
Hurricane,2023-07-28,2023,7,Summer,32399,30.383268,-84.231203
Hurricane,2022-10-19,2022,10,Fall,32399,30.383268,-84.231203
Hurricane,2022-10-01,2022,10,Fall,32819,28.453705,-81.472373
Hurricane,2023-01-23,2023,1,Winter,32819,28.453705,-81.472373
Hurricane,2023-02-27,2023,2,Winter,32819,28.453705,-81.472373
Hurricane,2022-09-29,2022,9,Fall,36112,32.380944,-86.363749
Hurricane,2023-01-23,2023,1,Winter,36112,32.380944,-86.363749
Hurricane,2022-09-29,2022,9,Fall,20024,38.870543,-77.026826
Hurricane,2022-10-31,2022,10,Fall,20024,38.870543,-77.026826
Hurricane,2023-02-27,2023,2,Winter,20024,38.870543,-77.026826
Hurricane,2022-10-19,2022,10,Fall,32399,30.383268,-84.231203
Hurricane,2022-09-29,2022,9,Fall,32399,30.383268,-84.231203
Hurricane,2022-11-03,2022,11,Fall,33510,27.955306,-82.299483
Hurricane,2023-01-17,2023,1,Winter,32746,28.771373,-81.353086
Hurricane,2023-07-28,2023,7,Summer,32746,28.771373,-81.353086
Hurricane,2022-10-04,2022,10,Fall,30341,33.888505,-84.289532
Hurricane,2022-10-20,2022,10,Fall,33510,27.955306,-82.299483
Hurricane,2023-07-28,2023,7,Summer,33510,27.955306,-82.299483
Hurricane,2022-11-08,2022,11,Fall,33510,27.955306,-82.299483
Hurricane,2023-02-21,2023,2,Winter,33510,27.955306,-82.299483
Hurricane,2023-07-28,2023,7,Summer,33510,27.955306,-82.299483
Hurricane,2022-10-01,2022,10,Fall,32819,28.453705,-81.472373
Hurricane,2023-01-28,2023,1,Winter,32819,28.453705,-81.472373
Hurricane,2022-10-01,2022,10,Fall,32819,28.453705,-81.472373
Hurricane,2022-10-01,2022,10,Fall,20024,38.870543,-77.026826
Hurricane,2023-04-19,2023,4,Spring,20024,38.870543,-77.026826
Hurricane,2022-10-03,2022,10,Fall,32399,30.383268,-84.231203
Hurricane,2022-12-10,2022,12,Winter,32399,30.383268,-84.231203
Hurricane,2023-02-27,2023,2,Winter,32399,30.383268,-84.231203
Hurricane,2023-05-17,2023,5,Spring,32399,30.383268,-84.231203
Hurricane,2023-07-26,2023,7,Summer,32399,30.383268,-84.231203
Hurricane,2022-10-17,2022,10,Fall,32399,30.383268,-84.231203
Hurricane,2022-12-09,2022,12,Winter,32399,30.383268,-84.231203
Hurricane,2022-10-01,2022,10,Fall,20024,38.870543,-77.026826
Hurricane,2022-10-11,2022,10,Fall,20024,38.870543,-77.026826
Hurricane,2022-10-12,2022,10,Fall,76051,32.942026,-97.07993
Hurricane,2022-10-18,2022,10,Fall,32399,30.383268,-84.231203
Hurricane,2023-01-05,2023,1,Winter,32399,30.383268,-84.231203
Hurricane,2023-01-09,2023,1,Winter,32399,30.383268,-84.231203
Hurricane,2022-10-12,2022,10,Fall,76051,32.942026,-97.07993
Hurricane,2022-10-20,2022,10,Fall,32399,30.383268,-84.231203
Hurricane,2022-11-08,2022,11,Fall,32399,30.383268,-84.231203
Hurricane,2022-09-30,2022,9,Fall,20024,38.870543,-77.026826
Hurricane,2022-10-04,2022,10,Fall,20024,38.870543,-77.026826
Hurricane,2022-09-30,2022,9,Fall,30341,33.888505,-84.289532
Hurricane,2022-09-29,2022,9,Fall,32311,30.39005,-84.181035
Hurricane,2022-10-13,2022,10,Fall,32311,30.39005,-84.181035
Hurricane,2022-10-21,2022,10,Fall,32311,30.39005,-84.181035
Hurricane,2023-06-07,2023,6,Summer,32311,30.39005,-84.181035
Hurricane,2023-06-09,2023,6,Summer,32311,30.39005,-84.181035
Hurricane,2023-06-13,2023,6,Summer,32311,30.39005,-84.181035
Hurricane,2022-09-29,2022,9,Fall,32311,30.39005,-84.181035
Hurricane,2022-10-18,2022,10,Fall,32399,30.383268,-84.231203
Hurricane,2022-10-03,2022,10,Fall,32399,30.383268,-84.231203
Hurricane,2022-12-10,2022,12,Winter,32399,30.383268,-84.231203
Hurricane,2023-02-27,2023,2,Winter,32399,30.383268,-84.231203
Hurricane,2023-05-26,2023,5,Spring,32399,30.383268,-84.231203
Hurricane,2023-08-15,2023,8,Summer,32399,30.383268,-84.231203
Hurricane,2022-09-30,2022,9,Fall,20024,38.870543,-77.026826
Hurricane,2022-10-03,2022,10,Fall,33901,26.623381,-81.883191
Hurricane,2022-10-04,2022,10,Fall,33901,26.623381,-81.883191
Hurricane,2022-10-13,2022,10,Fall,33901,26.623381,-81.883191
Hurricane,2023-06-07,2023,6,Summer,33901,26.623381,-81.883191
Hurricane,2023-06-08,2023,6,Summer,33901,26.623381,-81.883191
Hurricane,2022-10-17,2022,10,Fall,32399,30.383268,-84.231203
Hurricane,2023-06-07,2023,6,Summer,32399,30.383268,-84.231203
Hurricane,2023-08-22,2023,8,Summer,32399,30.383268,-84.231203
Hurricane,2022-09-30,2022,9,Fall,30341,33.888505,-84.289532
Hurricane,2023-02-08,2023,2,Winter,30341,33.888505,-84.289532
Hurricane,2023-07-28,2023,7,Summer,30341,33.888505,-84.289532
Hurricane,2022-09-30,2022,9,Fall,30341,33.888505,-84.289532
Hurricane,2022-10-03,2022,10,Fall,30341,33.888505,-84.289532
Hurricane,2023-02-08,2023,2,Winter,30341,33.888505,-84.289532
Hurricane,2023-02-08,2023,2,Winter,30341,33.888505,-84.289532
Hurricane,2022-10-06,2022,10,Fall,30341,33.888505,-84.289532
Hurricane,2022-10-16,2022,10,Fall,32399,30.383268,-84.231203
Hurricane,2022-11-29,2022,11,Fall,33510,27.955306,-82.299483
Hurricane,2022-12-23,2022,12,Winter,33510,27.955306,-82.299483
Hurricane,2023-03-09,2023,3,Spring,33510,27.955306,-82.299483
Hurricane,2023-07-18,2023,7,Summer,33510,27.955306,-82.299483
Hurricane,2023-09-06,2023,9,Fall,33510,27.955306,-82.299483
Hurricane,2022-09-30,2022,9,Fall,20024,38.870543,-77.026826
Hurricane,2022-10-08,2022,10,Fall,33811,27.978876,-82.015892
Hurricane,2023-05-03,2023,5,Spring,33811,27.978876,-82.015892
Hurricane,2022-10-12,2022,10,Fall,76051,32.942026,-97.07993
Hurricane,2022-10-20,2022,10,Fall,32399,30.383268,-84.231203
Hurricane,2023-07-28,2023,7,Summer,32399,30.383268,-84.231203
Hurricane,2022-10-10,2022,10,Fall,33912,26.534987,-81.825763
Hurricane,2022-10-31,2022,10,Fall,33912,26.534987,-81.825763
Hurricane,2022-10-03,2022,10,Fall,32399,30.383268,-84.231203
Hurricane,2022-12-10,2022,12,Winter,32399,30.383268,-84.231203
Hurricane,2023-02-27,2023,2,Winter,32399,30.383268,-84.231203
Hurricane,2023-05-17,2023,5,Spring,32399,30.383268,-84.231203
Hurricane,2022-09-30,2022,9,Fall,32809,28.462218,-81.385219
Hurricane,2022-11-16,2022,11,Fall,32809,28.462218,-81.385219
Hurricane,2022-09-30,2022,9,Fall,32819,28.453705,-81.472373
Hurricane,2022-10-14,2022,10,Fall,32819,28.453705,-81.472373
Hurricane,2022-09-30,2022,9,Fall,32608,29.59023,-82.396199
Hurricane,2023-01-23,2023,1,Winter,32608,29.59023,-82.396199
Hurricane,2022-10-02,2022,10,Fall,20024,38.870543,-77.026826
Hurricane,2023-01-23,2023,1,Winter,20024,38.870543,-77.026826
Hurricane,2022-10-07,2022,10,Fall,34480,29.0942,-82.094208
Hurricane,2023-01-23,2023,1,Winter,34480,29.0942,-82.094208
Hurricane,2022-09-30,2022,9,Fall,32399,30.383268,-84.231203
Hurricane,2022-10-04,2022,10,Fall,32399,30.383268,-84.231203
Hurricane,2022-10-27,2022,10,Fall,33510,27.955306,-82.299483
Hurricane,2022-10-02,2022,10,Fall,32399,30.383268,-84.231203
Hurricane,2022-11-30,2022,11,Fall,33510,27.955306,-82.299483
Hurricane,2023-01-06,2023,1,Winter,33510,27.955306,-82.299483
Hurricane,2023-01-26,2023,1,Winter,33510,27.955306,-82.299483
Hurricane,2023-03-09,2023,3,Spring,33510,27.955306,-82.299483
Hurricane,2022-10-18,2022,10,Fall,32399,30.383268,-84.231203
Hurricane,2022-11-08,2022,11,Fall,33510,27.955306,-82.299483
Hurricane,2022-09-29,2022,9,Fall,36104,32.401942,-86.318456
Hurricane,2023-08-22,2023,8,Summer,36104,32.401942,-86.318456
Hurricane,2022-10-06,2022,10,Fall,32399,30.383268,-84.231203
Hurricane,2023-04-12,2023,4,Spring,32399,30.383268,-84.231203
Hurricane,2023-05-10,2023,5,Spring,32399,30.383268,-84.231203
Hurricane,2023-06-08,2023,6,Summer,32399,30.383268,-84.231203
Hurricane,2023-06-20,2023,6,Summer,32399,30.383268,-84.231203
Hurricane,2023-06-28,2023,6,Summer,32399,30.383268,-84.231203
Hurricane,2023-07-21,2023,7,Summer,32399,30.383268,-84.231203
Hurricane,2023-09-14,2023,9,Fall,32399,30.383268,-84.231203
Hurricane,2022-10-12,2022,10,Fall,76051,32.942026,-97.07993
Hurricane,2022-10-19,2022,10,Fall,32399,30.383268,-84.231203
Hurricane,2022-10-15,2022,10,Fall,33619,27.935372,-82.37869
Hurricane,2022-11-03,2022,11,Fall,33510,27.955306,-82.299483
Hurricane,2023-01-20,2023,1,Winter,33510,27.955306,-82.299483
Hurricane,2023-03-28,2023,3,Spring,33510,27.955306,-82.299483
Hurricane,2023-04-07,2023,4,Spring,33510,27.955306,-82.299483
Hurricane,2023-07-25,2023,7,Summer,33510,27.955306,-82.299483
Hurricane,2023-09-26,2023,9,Fall,33510,27.955306,-82.299483
Hurricane,2022-09-30,2022,9,Fall,21704,39.354883,-77.375902
Hurricane,2023-03-30,2023,3,Spring,21704,39.354883,-77.375902
Hurricane,2022-10-01,2022,10,Fall,34266,27.202037,-81.802188
Hurricane,2023-01-20,2023,1,Winter,34266,27.202037,-81.802188
Hurricane,2022-09-29,2022,9,Fall,36301,31.140459,-85.409097
Hurricane,2022-10-26,2022,10,Fall,36301,31.140459,-85.409097
Hurricane,2023-01-23,2023,1,Winter,36301,31.140459,-85.409097
Hurricane,2023-05-03,2023,5,Spring,36301,31.140459,-85.409097
Hurricane,2022-09-30,2022,9,Fall,20024,38.870543,-77.026826
Hurricane,2022-09-30,2022,9,Fall,36301,31.140459,-85.409097
Hurricane,2023-01-23,2023,1,Winter,36301,31.140459,-85.409097
Hurricane,2023-05-03,2023,5,Spring,36301,31.140459,-85.409097
Hurricane,2022-10-03,2022,10,Fall,32399,30.383268,-84.231203
Hurricane,2022-12-10,2022,12,Winter,32399,30.383268,-84.231203
Hurricane,2023-02-27,2023,2,Winter,32399,30.383268,-84.231203
Hurricane,2023-05-12,2023,5,Spring,32746,28.771373,-81.353086
Hurricane,2023-07-24,2023,7,Summer,32746,28.771373,-81.353086
Hurricane,2022-10-18,2022,10,Fall,32399,30.383268,-84.231203
Hurricane,2023-01-30,2023,1,Winter,32746,28.771373,-81.353086
Hurricane,2023-07-27,2023,7,Summer,32746,28.771373,-81.353086
Flood,2023-01-16,2023,1,Winter,95488,39.727177,-123.789174
Flood,2023-01-26,2023,1,Winter,95488,39.727177,-123.789174
Flood,2023-02-22,2023,2,Winter,95488,39.727177,-123.789174
Flood,2023-04-03,2023,4,Spring,95488,39.727177,-123.789174
Flood,2023-04-26,2023,4,Spring,95488,39.727177,-123.789174
Flood,2023-05-31,2023,5,Spring,95488,39.727177,-123.789174
Flood,2023-06-26,2023,6,Summer,95488,39.727177,-123.789174
Flood,2023-07-28,2023,7,Summer,95488,39.727177,-123.789174
Flood,2023-09-27,2023,9,Fall,95655,38.549228,-121.278598
Flood,2023-01-16,2023,1,Winter,95655,38.549228,-121.278598
Flood,2023-02-09,2023,2,Winter,95655,38.549228,-121.278598
Flood,2023-01-26,2023,1,Winter,93101,34.419259,-119.708049
Flood,2023-09-22,2023,9,Fall,93101,34.419259,-119.708049
Flood,2023-01-27,2023,1,Winter,95488,39.727177,-123.789174
Flood,2023-02-22,2023,2,Winter,95488,39.727177,-123.789174
Flood,2023-03-15,2023,3,Spring,95670,38.604268,-121.280327
Flood,2023-04-19,2023,4,Spring,95670,38.604268,-121.280327
Flood,2023-06-15,2023,6,Summer,95670,38.604268,-121.280327
Flood,2023-07-11,2023,7,Summer,95670,38.604268,-121.280327
Flood,2023-08-14,2023,8,Summer,95670,38.604268,-121.280327
Flood,2023-09-22,2023,9,Fall,95655,38.549228,-121.278598
Flood,2023-02-10,2023,2,Winter,95670,38.604268,-121.280327
Flood,2023-04-04,2023,4,Spring,95670,38.604268,-121.280327
Flood,2023-02-14,2023,2,Winter,95670,38.604268,-121.280327
Flood,2023-05-17,2023,5,Spring,95670,38.604268,-121.280327
Flood,2023-06-02,2023,6,Summer,95670,38.604268,-121.280327
Flood,2023-09-14,2023,9,Fall,95670,38.604268,-121.280327
Flood,2023-01-16,2023,1,Winter,95655,38.549228,-121.278598
Flood,2023-01-21,2023,1,Winter,95655,38.549228,-121.278598
Flood,2023-02-17,2023,2,Winter,95655,38.549228,-121.278598
Flood,2023-05-09,2023,5,Spring,95655,38.549228,-121.278598
Flood,2023-07-26,2023,7,Summer,95655,38.549228,-121.278598
Flood,2023-02-17,2023,2,Winter,95670,38.604268,-121.280327
Flood,2023-04-19,2023,4,Spring,95670,38.604268,-121.280327
Flood,2023-07-26,2023,7,Summer,95670,38.604268,-121.280327
Flood,2023-08-16,2023,8,Summer,95670,38.604268,-121.280327
Flood,2023-01-23,2023,1,Winter,95655,38.549228,-121.278598
Flood,2023-02-07,2023,2,Winter,95655,38.549228,-121.278598
Flood,2023-02-10,2023,2,Winter,95670,38.604268,-121.280327
Flood,2023-01-16,2023,1,Winter,95488,39.727177,-123.789174
Flood,2023-01-27,2023,1,Winter,95488,39.727177,-123.789174
Flood,2023-01-26,2023,1,Winter,95488,39.727177,-123.789174
Flood,2023-01-16,2023,1,Winter,95488,39.727177,-123.789174
Flood,2023-01-26,2023,1,Winter,95488,39.727177,-123.789174
Flood,2023-01-16,2023,1,Winter,95488,39.727177,-123.789174
Flood,2023-01-26,2023,1,Winter,95488,39.727177,-123.789174
Flood,2023-05-26,2023,5,Spring,95488,39.727177,-123.789174
Flood,2023-01-16,2023,1,Winter,95655,38.549228,-121.278598
Flood,2023-02-10,2023,2,Winter,95670,38.604268,-121.280327
Flood,2023-04-03,2023,4,Spring,95670,38.604268,-121.280327
Flood,2023-01-18,2023,1,Winter,95488,39.727177,-123.789174
Flood,2023-02-11,2023,2,Winter,95670,38.604268,-121.280327
Flood,2023-02-16,2023,2,Winter,95670,38.604268,-121.280327
Flood,2023-05-17,2023,5,Spring,95670,38.604268,-121.280327
Flood,2023-06-02,2023,6,Summer,95670,38.604268,-121.280327
Flood,2023-09-06,2023,9,Fall,95670,38.604268,-121.280327
Flood,2023-01-16,2023,1,Winter,95488,39.727177,-123.789174
Flood,2023-01-23,2023,1,Winter,95488,39.727177,-123.789174
Flood,2023-02-28,2023,2,Winter,95488,39.727177,-123.789174
Flood,2023-06-09,2023,6,Summer,95488,39.727177,-123.789174
Flood,2023-01-16,2023,1,Winter,95488,39.727177,-123.789174
Flood,2023-01-26,2023,1,Winter,95488,39.727177,-123.789174
Flood,2023-01-16,2023,1,Winter,95655,38.549228,-121.278598
Flood,2023-01-25,2023,1,Winter,95655,38.549228,-121.278598
Flood,2023-01-16,2023,1,Winter,95655,38.549228,-121.278598
Flood,2023-01-26,2023,1,Winter,95655,38.549228,-121.278598
Flood,2023-02-28,2023,2,Winter,95655,38.549228,-121.278598
Flood,2023-03-31,2023,3,Spring,95655,38.549228,-121.278598
Flood,2023-02-04,2023,2,Winter,95488,39.727177,-123.789174
Flood,2023-04-03,2023,4,Spring,95488,39.727177,-123.789174
Flood,2023-07-26,2023,7,Summer,95488,39.727177,-123.789174
Severe Storm,2023-03-03,2023,3,Spring,36067,32.516518,-86.561483
Severe Storm,2023-06-06,2023,6,Summer,36067,32.516518,-86.561483
Severe Storm,2023-07-27,2023,7,Summer,36067,32.516518,-86.561483
Winter Storm,2023-08-11,2023,8,Summer,57706,44.158789,-103.101868
Winter Storm,2023-08-11,2023,8,Summer,57706,44.158789,-103.101868
Severe Storm,2023-04-28,2023,4,Spring,03301,43.238596,-71.556261
Severe Storm,2023-05-09,2023,5,Spring,03301,43.238596,-71.556261
Severe Storm,2023-07-25,2023,7,Summer,03301,43.238596,-71.556261
Severe Storm,2023-04-18,2023,4,Spring,01754,42.425955,-71.456256
Severe Storm,2023-06-26,2023,6,Summer,04106,43.631402,-70.285989
Severe Storm,2023-04-28,2023,4,Spring,04106,43.631402,-70.285989
Severe Storm,2023-05-04,2023,5,Spring,04106,43.631402,-70.285989
Severe Storm,2023-07-25,2023,7,Summer,04106,43.631402,-70.285989
Severe Storm,2023-03-28,2023,3,Spring,01754,42.425955,-71.456256
Severe Storm,2023-06-05,2023,6,Summer,01754,42.425955,-71.456256
Severe Storm,2023-06-30,2023,6,Summer,01754,42.425955,-71.456256
Severe Storm,2023-07-29,2023,7,Summer,01754,42.425955,-71.456256
Severe Storm,2023-03-29,2023,3,Spring,39208,32.25973,-90.091888
Severe Storm,2023-04-02,2023,4,Spring,76209,33.2315,-97.109986
Severe Storm,2023-04-03,2023,4,Spring,76209,33.2315,-97.109986
Severe Storm,2023-04-03,2023,4,Spring,76209,33.2315,-97.109986
Severe Storm,2023-04-03,2023,4,Spring,76209,33.2315,-97.109986
Severe Storm,2023-04-06,2023,4,Spring,76209,33.2315,-97.109986
Severe Storm,2023-07-28,2023,7,Summer,76209,33.2315,-97.109986
Severe Storm,2023-04-04,2023,4,Spring,72205,34.749493,-92.35144
Severe Storm,2023-04-19,2023,4,Spring,72201,34.747026,-92.280938
Severe Storm,2023-07-13,2023,7,Summer,72201,34.747026,-92.280938
Severe Storm,2023-08-22,2023,8,Summer,72201,34.747026,-92.280938
Severe Storm,2023-04-02,2023,4,Spring,76209,33.2315,-97.109986
Severe Storm,2023-04-02,2023,4,Spring,72205,34.749493,-92.35144
Severe Storm,2023-04-28,2023,4,Spring,72205,34.749493,-92.35144
Severe Storm,2023-06-09,2023,6,Summer,72205,34.749493,-92.35144
Severe Storm,2023-07-18,2023,7,Summer,72205,34.749493,-92.35144
Severe Storm,2023-09-06,2023,9,Fall,72205,34.749493,-92.35144
Severe Storm,2023-04-28,2023,4,Spring,72201,34.747026,-92.280938
Severe Storm,2023-07-31,2023,7,Summer,72201,34.747026,-92.280938
Severe Storm,2023-05-02,2023,5,Spring,72201,34.747026,-92.280938
Severe Storm,2023-05-04,2023,5,Spring,72201,34.747026,-92.280938
Severe Storm,2023-05-04,2023,5,Spring,72201,34.747026,-92.280938
Severe Storm,2023-07-14,2023,7,Summer,72201,34.747026,-92.280938
Severe Storm,2023-04-07,2023,4,Spring,95670,38.604268,-121.280327
Severe Storm,2023-06-29,2023,6,Summer,95670,38.604268,-121.280327
Severe Storm,2023-07-26,2023,7,Summer,95670,38.604268,-121.280327
Severe Storm,2023-09-22,2023,9,Fall,95655,38.549228,-121.278598
Severe Storm,2023-04-07,2023,4,Spring,95670,38.604268,-121.280327
Severe Storm,2023-04-26,2023,4,Spring,95670,38.604268,-121.280327
Severe Storm,2023-05-31,2023,5,Spring,95670,38.604268,-121.280327
Severe Storm,2023-06-26,2023,6,Summer,95670,38.604268,-121.280327
Severe Storm,2023-07-28,2023,7,Summer,95670,38.604268,-121.280327
Severe Storm,2023-09-27,2023,9,Fall,95655,38.549228,-121.278598
Severe Storm,2023-05-12,2023,5,Spring,93101,34.419259,-119.708049
Severe Storm,2023-06-15,2023,6,Summer,93101,34.419259,-119.708049
Severe Storm,2023-06-21,2023,6,Summer,93101,34.419259,-119.708049
Severe Storm,2023-05-19,2023,5,Spring,95670,38.604268,-121.280327
Severe Storm,2023-08-02,2023,8,Summer,95670,38.604268,-121.280327
Severe Storm,2023-09-14,2023,9,Fall,95655,38.549228,-121.278598
Severe Storm,2023-06-20,2023,6,Summer,95670,38.604268,-121.280327
Severe Storm,2023-06-30,2023,6,Summer,95670,38.604268,-121.280327
Severe Storm,2023-07-28,2023,7,Summer,95670,38.604268,-121.280327
Severe Storm,2023-04-26,2023,4,Spring,95670,38.604268,-121.280327
Severe Storm,2023-07-10,2023,7,Summer,95670,38.604268,-121.280327
Severe Storm,2023-06-08,2023,6,Summer,95821,38.625693,-121.384916
Severe Storm,2023-04-07,2023,4,Spring,95670,38.604268,-121.280327
Severe Storm,2023-06-29,2023,6,Summer,95670,38.604268,-121.280327
Severe Storm,2023-08-08,2023,8,Summer,95670,38.604268,-121.280327
Severe Storm,2023-04-07,2023,4,Spring,95670,38.604268,-121.280327
Severe Storm,2023-04-20,2023,4,Spring,95670,38.604268,-121.280327
Severe Storm,2023-05-01,2023,5,Spring,95670,38.604268,-121.280327
Severe Storm,2023-05-26,2023,5,Spring,95670,38.604268,-121.280327
Severe Storm,2023-04-07,2023,4,Spring,95670,38.604268,-121.280327
Severe Storm,2023-06-08,2023,6,Summer,95670,38.604268,-121.280327
Severe Storm,2023-07-26,2023,7,Summer,95670,38.604268,-121.280327
Severe Storm,2023-04-07,2023,4,Spring,95670,38.604268,-121.280327
Severe Storm,2023-06-29,2023,6,Summer,95670,38.604268,-121.280327
Severe Storm,2023-07-26,2023,7,Summer,95670,38.604268,-121.280327
Severe Storm,2023-05-19,2023,5,Spring,95670,38.604268,-121.280327
Severe Storm,2023-08-02,2023,8,Summer,95670,38.604268,-121.280327
Severe Storm,2023-04-07,2023,4,Spring,95670,38.604268,-121.280327
Severe Storm,2023-07-26,2023,7,Summer,95670,38.604268,-121.280327
Severe Storm,2023-04-07,2023,4,Spring,95670,38.604268,-121.280327
Severe Storm,2023-09-14,2023,9,Fall,95655,38.549228,-121.278598
Severe Storm,2023-04-08,2023,4,Spring,93274,36.177934,-119.379975
Severe Storm,2023-04-07,2023,4,Spring,95670,38.604268,-121.280327
Severe Storm,2023-06-29,2023,6,Summer,95670,38.604268,-121.280327
Severe Storm,2023-07-26,2023,7,Summer,95670,38.604268,-121.280327
Severe Storm,2023-04-17,2023,4,Spring,37204,36.106676,-86.774575
Severe Storm,2023-05-23,2023,5,Spring,37204,36.106676,-86.774575
Severe Storm,2023-04-17,2023,4,Spring,37204,36.106676,-86.774575
Severe Storm,2023-05-11,2023,5,Spring,37204,36.106676,-86.774575
Severe Storm,2023-05-12,2023,5,Spring,37211,36.067017,-86.723419
Severe Storm,2023-07-31,2023,7,Summer,37211,36.067017,-86.723419
Severe Storm,2023-08-17,2023,8,Summer,37211,36.067017,-86.723419
Severe Storm,2023-05-09,2023,5,Spring,40601,38.234919,-84.868786
Severe Storm,2023-06-05,2023,6,Summer,40601,38.234919,-84.868786
Severe Storm,2023-08-03,2023,8,Summer,40601,38.234919,-84.868786
Severe Storm,2023-04-19,2023,4,Spring,46204,39.770593,-86.157054
Tornado,2023-04-28,2023,4,Spring,73102,35.470652,-97.51909
Tornado,2023-07-06,2023,7,Summer,73105,35.519523,-97.503225
Tornado,2023-04-28,2023,4,Spring,73105,35.519523,-97.503225
Tornado,2023-06-09,2023,6,Summer,73105,35.519523,-97.503225
Tornado,2023-07-07,2023,7,Summer,73105,35.519523,-97.503225
Flood,2023-04-28,2023,4,Spring,33004,26.061046,-80.135859
Flood,2023-05-04,2023,5,Spring,33004,26.061046,-80.135859
Flood,2023-05-31,2023,5,Spring,33004,26.061046,-80.135859
Flood,2023-08-16,2023,8,Summer,33004,26.061046,-80.135859
Flood,2023-05-31,2023,5,Spring,40601,38.234919,-84.868786
Flood,2023-06-29,2023,6,Summer,40601,38.234919,-84.868786
Flood,2023-09-06,2023,9,Fall,40601,38.234919,-84.868786
Hurricane,2023-05-26,2023,5,Spring,20024,38.870543,-77.026826
Hurricane,2023-07-24,2023,7,Summer,20024,38.870543,-77.026826
Hurricane,2023-05-27,2023,5,Spring,20024,38.870543,-77.026826
Hurricane,2023-05-27,2023,5,Spring,20024,38.870543,-77.026826
Hurricane,2023-05-27,2023,5,Spring,20024,38.870543,-77.026826
Hurricane,2023-05-27,2023,5,Spring,20024,38.870543,-77.026826
Hurricane,2023-07-26,2023,7,Summer,20024,38.870543,-77.026826
Hurricane,2023-05-27,2023,5,Spring,20024,38.870543,-77.026826
Hurricane,2023-05-27,2023,5,Spring,20024,38.870543,-77.026826
Hurricane,2023-05-27,2023,5,Spring,20024,38.870543,-77.026826
Hurricane,2023-05-26,2023,5,Spring,20024,38.870543,-77.026826
Hurricane,2023-07-27,2023,7,Summer,20024,38.870543,-77.026826
Hurricane,2023-05-26,2023,5,Spring,20024,38.870543,-77.026826
Hurricane,2023-05-27,2023,5,Spring,20024,38.870543,-77.026826
Hurricane,2023-05-27,2023,5,Spring,20024,38.870543,-77.026826
Hurricane,2023-07-26,2023,7,Summer,20024,38.870543,-77.026826
Hurricane,2023-05-27,2023,5,Spring,20024,38.870543,-77.026826
Hurricane,2023-05-27,2023,5,Spring,20024,38.870543,-77.026826
Hurricane,2023-05-27,2023,5,Spring,20024,38.870543,-77.026826
Hurricane,2023-08-15,2023,8,Summer,20024,38.870543,-77.026826
Flood,2023-07-28,2023,7,Summer,57401,45.482335,-98.53254
Flood,2023-07-13,2023,7,Summer,57401,45.482335,-98.53254
Flood,2023-09-29,2023,9,Fall,57401,45.482335,-98.53254
Flood,2023-07-14,2023,7,Summer,01754,42.425955,-71.456256
Flood,2023-08-11,2023,8,Summer,05495,44.429166,-73.09631
Flood,2023-07-15,2023,7,Summer,05641,44.18548,-72.453593
Flood,2023-09-06,2023,9,Fall,05641,44.18548,-72.453593
Flood,2023-08-04,2023,8,Summer,05495,44.429166,-73.09631
Flood,2023-08-08,2023,8,Summer,05495,44.429166,-73.09631
Flood,2023-07-14,2023,7,Summer,01754,42.425955,-71.456256
Flood,2023-08-31,2023,8,Summer,05495,44.429166,-73.09631
Flood,2023-07-14,2023,7,Summer,01754,42.425955,-71.456256
Flood,2023-07-14,2023,7,Summer,05001,43.683726,-72.376002
Flood,2023-07-19,2023,7,Summer,05001,43.683726,-72.376002
Flood,2023-08-22,2023,8,Summer,05001,43.683726,-72.376002
Flood,2023-07-14,2023,7,Summer,01754,42.425955,-71.456256
Flood,2023-07-14,2023,7,Summer,01754,42.425955,-71.456256
Flood,2023-07-28,2023,7,Summer,01754,42.425955,-71.456256
Flood,2023-09-16,2023,9,Fall,01754,42.425955,-71.456256
Flood,2023-08-07,2023,8,Summer,05495,44.429166,-73.09631
Flood,2023-08-09,2023,8,Summer,05495,44.429166,-73.09631
Flood,2023-09-25,2023,9,Fall,05495,44.429166,-73.09631
Flood,2023-07-14,2023,7,Summer,05001,43.683726,-72.376002
Flood,2023-07-14,2023,7,Summer,01754,42.425955,-71.456256
Flood,2023-07-20,2023,7,Summer,01754,42.425955,-71.456256
Flood,2023-07-21,2023,7,Summer,05602,44.29264,-72.624688
Flood,2023-08-03,2023,8,Summer,05602,44.29264,-72.624688
Flood,2023-07-14,2023,7,Summer,01754,42.425955,-71.456256
Flood,2023-07-14,2023,7,Summer,01754,42.425955,-71.456256
Flood,2023-08-04,2023,8,Summer,05495,44.429166,-73.09631
Flood,2023-08-25,2023,8,Summer,05495,44.429166,-73.09631
Flood,2023-09-07,2023,9,Fall,05495,44.429166,-73.09631
Flood,2023-07-14,2023,7,Summer,05641,44.18548,-72.453593
Flood,2023-07-19,2023,7,Summer,05641,44.18548,-72.453593
Flood,2023-07-15,2023,7,Summer,05641,44.18548,-72.453593
Flood,2023-07-14,2023,7,Summer,01754,42.425955,-71.456256
Flood,2023-07-28,2023,7,Summer,01754,42.425955,-71.456256
Flood,2023-07-28,2023,7,Summer,05495,44.429166,-73.09631
Flood,2023-08-30,2023,8,Summer,05495,44.429166,-73.09631
Flood,2023-09-22,2023,9,Fall,05495,44.429166,-73.09631
Flood,2023-07-14,2023,7,Summer,01754,42.425955,-71.456256
Flood,2023-07-19,2023,7,Summer,01754,42.425955,-71.456256
Flood,2023-08-08,2023,8,Summer,05495,44.429166,-73.09631
Flood,2023-09-06,2023,9,Fall,05495,44.429166,-73.09631
Flood,2023-08-18,2023,8,Summer,05495,44.429166,-73.09631
Flood,2023-08-04,2023,8,Summer,05495,44.429166,-73.09631
Flood,2023-09-01,2023,9,Fall,05495,44.429166,-73.09631
Flood,2023-09-29,2023,9,Fall,05495,44.429166,-73.09631
Flood,2023-07-14,2023,7,Summer,01754,42.425955,-71.456256
Flood,2023-07-23,2023,7,Summer,05495,44.429166,-73.09631
Flood,2023-07-20,2023,7,Summer,05495,44.429166,-73.09631
Flood,2023-08-07,2023,8,Summer,05495,44.429166,-73.09631
Flood,2023-07-14,2023,7,Summer,01754,42.425955,-71.456256
Flood,2023-07-22,2023,7,Summer,05495,44.429166,-73.09631
Flood,2023-08-24,2023,8,Summer,05495,44.429166,-73.09631
Severe Storm,2023-08-21,2023,8,Summer,73105,35.519523,-97.503225
Flood,2023-07-26,2023,7,Summer,60605,41.867566,-87.617228
Flood,2023-07-27,2023,7,Summer,60605,41.867566,-87.617228
Flood,2023-07-25,2023,7,Summer,55111,44.890094,-93.190164
Flood,2023-08-09,2023,8,Summer,60605,41.867566,-87.617228
Fire,2023-08-15,2023,8,Summer,20024,38.870543,-77.026826
Fire,2023-08-12,2023,8,Summer,20024,38.870543,-77.026826
Fire,2023-08-14,2023,8,Summer,20024,38.870543,-77.026826
Fire,2023-08-14,2023,8,Summer,20024,38.870543,-77.026826
Fire,2023-08-15,2023,8,Summer,20024,38.870543,-77.026826
Fire,2023-08-17,2023,8,Summer,20024,38.870543,-77.026826
Fire,2023-08-11,2023,8,Summer,20024,38.870543,-77.026826
Fire,2023-08-15,2023,8,Summer,20024,38.870543,-77.026826
Fire,2023-08-12,2023,8,Summer,20024,38.870543,-77.026826
Severe Storm,2023-08-17,2023,8,Summer,60605,41.867566,-87.617228
Hurricane,2023-08-31,2023,8,Summer,20024,38.870543,-77.026826
Hurricane,2023-09-12,2023,9,Fall,32399,30.383268,-84.231203
Hurricane,2023-08-31,2023,8,Summer,20024,38.870543,-77.026826
Hurricane,2023-09-01,2023,9,Fall,36104,32.401942,-86.318456
Hurricane,2023-09-11,2023,9,Fall,36104,32.401942,-86.318456
Hurricane,2023-08-31,2023,8,Summer,30341,33.888505,-84.289532
Hurricane,2023-09-19,2023,9,Fall,30341,33.888505,-84.289532
Hurricane,2023-09-01,2023,9,Fall,32399,30.383268,-84.231203
Hurricane,2023-09-11,2023,9,Fall,32399,30.383268,-84.231203
Hurricane,2023-09-03,2023,9,Fall,32311,30.39005,-84.181035
Hurricane,2023-09-19,2023,9,Fall,32311,30.39005,-84.181035
Hurricane,2023-09-19,2023,9,Fall,32746,28.771373,-81.353086
Hurricane,2023-08-31,2023,8,Summer,20024,38.870543,-77.026826
Hurricane,2023-09-01,2023,9,Fall,32399,30.383268,-84.231203
Hurricane,2023-09-09,2023,9,Fall,32399,30.383268,-84.231203
Hurricane,2023-08-31,2023,8,Summer,76051,32.942026,-97.07993
Hurricane,2023-08-31,2023,8,Summer,76051,32.942026,-97.07993
Hurricane,2023-09-26,2023,9,Fall,76051,32.942026,-97.07993
Hurricane,2023-08-31,2023,8,Summer,20024,38.870543,-77.026826
Hurricane,2023-08-31,2023,8,Summer,30341,33.888505,-84.289532
Hurricane,2023-08-31,2023,8,Summer,20024,38.870543,-77.026826
Hurricane,2023-09-01,2023,9,Fall,30341,33.888505,-84.289532
Hurricane,2023-09-01,2023,9,Fall,76051,32.942026,-97.07993
Hurricane,2023-09-26,2023,9,Fall,76051,32.942026,-97.07993
Hurricane,2023-09-01,2023,9,Fall,30341,33.888505,-84.289532
Hurricane,2023-08-31,2023,8,Summer,76051,32.942026,-97.07993
Hurricane,2023-09-01,2023,9,Fall,76051,32.942026,-97.07993
Hurricane,2023-09-26,2023,9,Fall,76051,32.942026,-97.07993
Hurricane,2023-09-01,2023,9,Fall,76051,32.942026,-97.07993
Hurricane,2023-09-26,2023,9,Fall,76051,32.942026,-97.07993
Hurricane,2023-09-01,2023,9,Fall,76051,32.942026,-97.07993
Hurricane,2023-09-26,2023,9,Fall,76051,32.942026,-97.07993
Hurricane,2023-08-31,2023,8,Summer,76051,32.942026,-97.07993
Hurricane,2023-09-26,2023,9,Fall,76051,32.942026,-97.07993
Hurricane,2023-08-31,2023,8,Summer,20024,38.870543,-77.026826
Hurricane,2023-08-31,2023,8,Summer,20024,38.870543,-77.026826
Hurricane,2023-09-01,2023,9,Fall,32399,30.383268,-84.231203
Hurricane,2023-09-01,2023,9,Fall,30341,33.888505,-84.289532
Hurricane,2023-09-01,2023,9,Fall,32399,30.383268,-84.231203
Hurricane,2023-08-31,2023,8,Summer,20024,38.870543,-77.026826
Hurricane,2023-09-08,2023,9,Fall,32399,30.383268,-84.231203
Hurricane,2023-08-31,2023,8,Summer,20024,38.870543,-77.026826
Hurricane,2023-09-01,2023,9,Fall,20024,38.870543,-77.026826
Hurricane,2023-09-01,2023,9,Fall,33701,27.770793,-82.632806
Hurricane,2023-09-01,2023,9,Fall,20024,38.870543,-77.026826
Hurricane,2023-09-01,2023,9,Fall,32399,30.383268,-84.231203
Hurricane,2023-09-01,2023,9,Fall,36112,32.380944,-86.363749
Hurricane,2023-09-01,2023,9,Fall,20024,38.870543,-77.026826
Hurricane,2023-09-01,2023,9,Fall,20024,38.870543,-77.026826
Hurricane,2023-09-01,2023,9,Fall,32399,30.383268,-84.231203
Hurricane,2023-08-31,2023,8,Summer,20024,38.870543,-77.026826
Hurricane,2023-09-01,2023,9,Fall,30341,33.888505,-84.289532
Hurricane,2023-09-01,2023,9,Fall,32399,30.383268,-84.231203
Hurricane,2023-09-01,2023,9,Fall,20024,38.870543,-77.026826
Hurricane,2023-08-31,2023,8,Summer,20024,38.870543,-77.026826
Hurricane,2023-09-01,2023,9,Fall,32821,28.38133,-81.480129
Hurricane,2023-08-31,2023,8,Summer,20024,38.870543,-77.026826
Hurricane,2023-09-01,2023,9,Fall,30341,33.888505,-84.289532
Hurricane,2023-09-06,2023,9,Fall,30341,33.888505,-84.289532
Hurricane,2023-08-31,2023,8,Summer,32399,30.383268,-84.231203
Hurricane,2023-09-01,2023,9,Fall,32399,30.383268,-84.231203
Hurricane,2023-09-01,2023,9,Fall,32399,30.383268,-84.231203
Hurricane,2023-09-01,2023,9,Fall,20024,38.870543,-77.026826
Hurricane,2023-09-01,2023,9,Fall,32024,30.091975,-82.73112
Hurricane,2023-09-01,2023,9,Fall,20024,38.870543,-77.026826
Hurricane,2023-08-31,2023,8,Summer,20024,38.870543,-77.026826
Hurricane,2023-09-01,2023,9,Fall,30345,33.851652,-84.283685
Hurricane,2023-09-15,2023,9,Fall,30345,33.851652,-84.283685
Hurricane,2023-09-09,2023,9,Fall,32399,30.383268,-84.231203
Hurricane,2023-09-01,2023,9,Fall,32399,30.383268,-84.231203
Hurricane,2023-09-20,2023,9,Fall,32399,30.383268,-84.231203
Hurricane,2023-09-01,2023,9,Fall,20024,38.870543,-77.026826
Hurricane,2023-08-31,2023,8,Summer,20024,38.870543,-77.026826
Hurricane,2023-09-01,2023,9,Fall,32789,28.59917,-81.352238
Hurricane,2023-08-31,2023,8,Summer,20024,38.870543,-77.026826
Hurricane,2023-08-31,2023,8,Summer,76051,32.942026,-97.07993
Hurricane,2023-09-07,2023,9,Fall,76051,32.942026,-97.07993
Hurricane,2023-09-26,2023,9,Fall,76051,32.942026,-97.07993
Hurricane,2023-09-19,2023,9,Fall,32746,28.771373,-81.353086
Hurricane,2023-08-31,2023,8,Summer,20024,38.870543,-77.026826
Hurricane,2023-09-01,2023,9,Fall,30341,33.888505,-84.289532
Hurricane,2023-09-07,2023,9,Fall,32399,30.383268,-84.231203
Hurricane,2023-09-21,2023,9,Fall,32399,30.383268,-84.231203
Hurricane,2023-09-01,2023,9,Fall,30341,33.888505,-84.289532
Hurricane,2023-09-01,2023,9,Fall,20024,38.870543,-77.026826
Hurricane,2023-09-08,2023,9,Fall,32399,30.383268,-84.231203
Hurricane,2023-09-09,2023,9,Fall,32399,30.383268,-84.231203
Hurricane,2023-09-01,2023,9,Fall,20024,38.870543,-77.026826
Severe Storm,2023-09-28,2023,9,Fall,64131,38.959809,-94.571951
